month,sessions,avg_rmssd,avg_sdnn,avg_mean_hr,total_load,avg_fatigue,avg_readiness
2026-03,3,36.02545758064336,50.188651872160904,74.02378217758182,9.37,0.0,42.63440773034322
