date,activities,activity_types,moving_minutes,daily_load,distance_km,avg_hr,max_hr,intensity,fitness_ctl,fatigue_atl,form_tsb,form_pct
2022-10-12,3.0,Workout,105.0,3.0,0.0,103.0,,0.13093073414159542,0.0705849400432702,0.3993663007494552,-0.328781360706185,-15.526511297576814
2022-10-13,0.0,-,0.0,0.0,0.0,,,0.0,0.06892419545629952,0.34620182002468713,-0.2772776245683876,-13.40978654074107
2022-10-14,0.0,-,0.0,0.0,0.0,,,0.0,0.06730252538836168,0.30011470663269113,-0.23281218124432945,-11.530631275271016
2022-10-15,0.0,-,0.0,0.0,0.0,,,0.0,0.06571901048192895,0.26016280656988916,-0.1944437960879602,-9.862382014076292
2022-10-16,0.0,-,0.0,0.0,0.0,,,0.0,0.06417275301040562,0.22552938735241826,-0.16135663434201264,-8.381367832536272
2022-10-17,0.0,-,0.0,0.0,0.0,,,0.0,0.0626628763691886,0.19550644164000952,-0.13284356527082092,-7.0665744998230045
2022-10-18,0.0,-,0.0,0.0,0.0,,,0.0,0.061188524578702594,0.1694802135165229,-0.1082916889378203,-5.899346306268705
2022-10-19,0.0,-,0.0,0.0,0.0,,,0.0,0.059748861799127966,0.1469186515424157,-0.08716978974328773,-4.863121355982047
2022-10-20,0.0,-,0.0,0.0,0.0,,,0.0,0.05834307185654627,0.1273605320832181,-0.06901746022667182,-3.9431965687586525
2022-10-21,0.0,-,0.0,0.0,0.0,,,0.0,0.05697035778023476,0.11040603056336572,-0.05343567278313096,-3.126519056878727
2022-10-22,0.0,-,0.0,0.0,0.0,,,0.0,0.05562994135084758,0.09570854789452483,-0.04007860654367725,-2.4015009166202437
2022-10-23,0.0,-,0.0,0.0,0.0,,,0.0,0.05432106265922751,0.08296762498694535,-0.02864656232771784,-1.7578548065493742
2022-10-24,0.0,-,0.0,0.0,0.0,,,0.0,0.053042979675598075,0.07192280049594386,-0.01887982082034579,-1.186447979595138
2022-10-25,0.0,-,0.0,0.0,0.0,,,0.0,0.05179496782889191,0.06234828623807514,-0.010553318409183228,-0.6791726977574869
2022-10-26,0.0,-,0.0,0.0,0.0,,,0.0,0.05057631959597676,0.05404835142708573,-0.003472031831108967,-0.22883119075256975
2022-10-27,0.0,-,0.0,0.0,0.0,,,0.0,0.049386344100546334,0.04685332137007181,0.002533022730474524,0.17096647373597232
2022-10-28,0.0,-,0.0,0.0,0.0,,,0.0,0.048224366721448544,0.04061610882560815,0.007608257895840395,0.5258930573270064
2022-10-29,0.0,-,0.0,0.0,0.0,,,0.0,0.04708972871022917,0.03520920711476801,0.011880521595461165,0.8409846422184768
2022-10-30,0.0,-,0.0,0.0,0.0,,,0.0,0.04598178681767404,0.03052208351551924,0.015459703302154803,1.1207120885678261
2022-10-31,0.0,-,0.0,0.0,0.0,,,0.0,0.04489991292913806,0.026458919653932957,0.0184409932752051,1.369044471890851
2022-11-01,0.0,-,0.0,0.0,0.0,,,0.0,0.043843493708454306,0.022936652699260204,0.020906841009194103,1.5895054005974174
2022-11-02,0.0,-,0.0,0.0,0.0,,,0.0,0.04281193025022139,0.01988327731923402,0.02292865293098737,1.7852230127581319
2022-11-03,0.0,-,0.0,0.0,0.0,,,0.0,0.04180463774027188,0.017236373682648007,0.02456826405762387,1.9589743615101662
2022-11-04,0.0,-,0.0,0.0,0.0,,,0.0,0.040821045124129304,0.014941831417323206,0.025879213706806098,2.1132248188903673
2022-11-05,0.0,-,0.0,0.0,0.0,,,0.0,0.039860594783265875,0.01295274343747042,0.026907851345795455,2.250163057199856
2022-11-06,0.0,-,0.0,0.0,0.0,,,0.0,0.038922742218977235,0.011228447027077305,0.02769429519189993,2.3717321042535433
2022-11-07,0.0,-,0.0,0.0,0.0,,,0.0,0.03800695574369518,0.009733692576288944,0.028273263167406235,2.479656913160023
2022-11-08,0.0,-,0.0,0.0,0.0,,,0.0,0.037112716179563195,0.008437922977347294,0.0286747932022159,2.575468837821703
2022-11-09,0.0,-,0.0,0.0,0.0,,,0.0,0.03623951656410407,0.007314648948856621,0.028924867615247447,2.6605273614400327
2022-11-10,0.0,-,0.0,0.0,0.0,,,0.0,0.035386861862812605,0.006340907518194701,0.029045954344617902,2.736039386333355
2022-11-11,0.0,-,0.0,0.0,0.0,,,0.0,0.03455426868851057,0.005496792591882759,0.02905747609662781,2.8030763587721883
2022-11-12,0.0,-,0.0,0.0,0.0,,,0.0,0.033741265027304713,0.004765048017413683,0.02897621700989103,2.8625894718176075
2022-11-13,0.0,-,0.0,0.0,0.0,,,0.0,0.032947389970992585,0.00413071481754434,0.028816675153448247,2.9154231618770523
2022-11-14,0.0,-,0.0,0.0,0.0,,,0.0,0.03217219345576434,0.003580825385499792,0.028591368070264547,2.9623270904812773
2022-11-15,0.0,-,0.0,0.0,0.0,,,0.0,0.03141523600705247,0.003104138389554194,0.028311097617498275,3.0039667812928585
2022-11-16,0.0,-,0.0,0.0,0.0,,,0.0,0.03067608849038481,0.0026909089676706507,0.02798517952271416,3.040933063275642
2022-11-17,0.0,-,0.0,0.0,0.0,,,0.0,0.029954331868099524,0.002332689514313263,0.02762164235378626,3.0737504540150216
2022-11-18,0.0,-,0.0,0.0,0.0,,,0.0,0.029249556961784183,0.002022156986937153,0.02722739997484703,3.1028846021406764
2022-11-19,0.0,-,0.0,0.0,0.0,,,0.0,0.028561364220304267,0.0017529632018012345,0.02680840101850303,3.1287488944528947
2022-11-20,0.0,-,0.0,0.0,0.0,,,0.0,0.02788936349328954,0.001519605058716808,0.026369758434572732,3.1517103215015476
2022-11-21,0.0,-,0.0,0.0,0.0,,,0.0,0.027233173809949936,0.001317312041750178,0.02591586176819976,3.172094684844888
2022-11-22,0.0,-,0.0,0.0,0.0,,,0.0,0.026592423163095513,0.0011419486960680177,0.025450474467027494,3.19019121987439
2022-11-23,0.0,-,0.0,0.0,0.0,,,0.0,0.025966748298238057,0.0009899300872699016,0.024976818210968154,3.2062566997992747
2022-11-24,0.0,-,0.0,0.0,0.0,,,0.0,0.025355794507654784,0.0008581485149520463,0.024497645992702738,3.220519079022486
2022-11-25,3.0,Crossfit,135.0,3.0,0.0,99.0,143.0,0.11547005383792516,0.09534415547256755,0.4001102107317706,-0.3047660552592031,-10.654946240058749
2022-11-26,0.0,-,0.0,0.0,0.0,,,0.0,0.09310086830673175,0.3468466991477599,-0.25374583084102814,-9.08497902887553
2022-11-27,0.0,-,0.0,0.0,0.0,,,0.0,0.09091036190426273,0.3006737380924932,-0.2097633761882305,-7.691216263082358
2022-11-28,0.0,-,0.0,0.0,0.0,,,0.0,0.08877139442282127,0.26064741858765667,-0.17187602416483538,-6.453881729294606
2022-11-29,0.0,-,0.0,0.0,0.0,,,0.0,0.08668275323852383,0.22594948680057425,-0.13926673356205044,-5.355418787050289
2022-11-30,0.0,-,0.0,0.0,0.0,,,0.0,0.08464325425848156,0.1958706165673132,-0.11122736230883164,-4.3802412562088
2022-12-01,0.0,-,0.0,0.0,0.0,,,0.0,0.08265174124951416,0.16979590871264558,-0.08714416746313142,-3.514512263371651
2022-12-02,0.0,-,0.0,0.0,0.0,,,0.0,0.08070708518265789,0.14719232073099175,-0.06648523554833387,-2.7459479093590176
2022-12-03,0.0,-,0.0,0.0,0.0,,,0.0,0.07880818359309621,0.12759776985463725,-0.048789586261541035,-2.063642971963939
2022-12-04,0.0,-,0.0,0.0,0.0,,,0.0,0.07695395995515031,0.11061168674439498,-0.03365772678924467,-1.457916170866355
2022-12-05,3.0,Run,61.349999999999994,165.0,5.3072099999999995,,,1.270311745809013,3.9573150654518363,22.06103336791284,-18.103718302461004,-15.249159259948865
2022-12-06,0.0,-,0.0,0.0,0.0,,,0.0,3.8642061165760873,19.124222272294958,-15.260016155718871,-13.163562963389179
2022-12-07,3.0,Run,65.0,201.0,5.853,,,1.3621250366191113,8.50247884712407,43.3359077879762,-34.83342894085213,-13.656185671325094
2022-12-08,0.0,-,0.0,0.0,0.0,,,0.0,8.302429860576261,37.566940727008344,-29.264510866432083,-11.74937592884439
2022-12-09,0.0,-,0.0,0.0,0.0,,,0.0,8.10708768926885,32.56595067746855,-24.458862988199698,-10.056575976341987
2022-12-10,1.0,Run,24.016666666666666,58.0,1.9674800000000001,,,1.203741564596515,9.280983763947882,35.95178474114141,-26.67080097719353,-9.579013624538616
2022-12-11,0.0,-,0.0,0.0,0.0,,,0.0,9.062617869774273,31.16580764867129,-22.10318977889702,-8.129803145371413
2022-12-12,2.0,Pilates + Run,75.05,19.0,1.213666,91.0,109.0,0.3897418814769785,9.296427710390622,29.546269783244863,-20.249842072854243,-7.260796908121666
2022-12-13,1.0,Walk,14.9,33.0,1.34078,,,1.1527614932858767,9.854132786681756,30.006037603395566,-20.15190481671381,-6.816735425617528
2022-12-14,1.0,Walk,13.2,32.0,1.10431,,,1.2060453783110545,10.37518768983452,30.271478065450708,-19.89629037561619,-6.392266810141766
2022-12-15,4.0,Run + Walk,43.65,262.0,5.2574117,116.0,129.0,1.8977287926483952,16.295495119938572,61.11966559316403,-44.82417047322546,-9.169031102013024
2022-12-16,3.0,Run + VirtualRun + Workout,83.30000000000001,157.0,4.77,121.0,136.0,1.063415413155355,19.606034800197627,73.88345708205696,-54.27742228185934,-9.228012843153142
2022-12-17,0.0,-,0.0,0.0,0.0,,,0.0,19.144737869911555,64.04793610157623,-44.903198231664675,-7.81819675233682
2022-12-18,0.0,-,0.0,0.0,0.0,,,0.0,18.69429447834761,55.52174033106823,-36.827445852720615,-6.566610630028582
2022-12-19,1.0,Walk,14.733333333333333,24.0,1.17,111.0,122.0,0.9886230654859615,18.81912878039197,51.32550005466702,-32.50637127427505,-5.757682631256925
2022-12-20,1.0,Crossfit,59.55,1.0,0.0,98.0,136.0,0.10037712264569912,18.39987473486288,44.6260637912674,-26.226189056404518,-4.751153551191094
2022-12-21,2.0,Walk,38.21666666666667,90.0,3.2461599999999997,109.0,139.0,1.1886951144052469,20.08450491783966,50.66633747597516,-30.581832558135503,-5.075526744495753
2022-12-22,1.0,Run,6.566666666666666,14.0,0.533,,,1.1310118554899782,19.94134677956676,45.78523762270473,-25.843890843137967,-4.319984189770531
2022-12-23,3.0,Walk + Run + Crossfit,85.13333333333333,39.0,2.2020299999999997,98.5,129.0,0.5242737453493612,20.389764744523347,44.881972539676184,-24.492207795152837,-4.004003659357472
2022-12-24,1.0,Workout,29.583333333333332,1.0,0.0,,,0.1424137989832624,19.933556283874918,39.04031219208964,-19.10675590821472,-3.195073947353617
2022-12-25,0.0,-,0.0,0.0,0.0,,,0.0,19.464553325492762,33.84318383867007,-14.37863051317731,-2.4623615849681637
2022-12-26,1.0,Run,29.016666666666666,78.0,2.48,120.0,174.0,1.2699866805870315,20.841793656801475,39.721431946411435,-18.87963828960996,-3.0195159144326356
2022-12-27,0.0,-,0.0,0.0,0.0,,,0.0,20.351421404914962,34.433631500774915,-14.082210095859953,-2.3065072156678346
2022-12-28,5.0,Run + Walk,172.53333333333333,214.0,9.24096,106.0,127.0,0.8626726021771763,24.907645841447824,58.3378836096246,-33.430237768176774,-4.473892338250992
2022-12-29,0.0,-,0.0,0.0,0.0,,,0.0,24.32161094533529,50.57182201938191,-26.25021107404662,-3.597652465407001
2022-12-30,2.0,Ride,61.55,4.0,16.9,97.5,118.0,0.1974656650429049,23.843477715282237,44.37208325970106,-20.52860554441882,-2.8699120977727195
2022-12-31,0.0,-,0.0,0.0,0.0,,,0.0,23.28248090029682,38.465178343709844,-15.182697443413023,-2.173694104797836
2023-01-01,0.0,-,0.0,0.0,0.0,,,0.0,22.734683394161475,33.34461301611136,-10.609929621949885,-1.555615772606219
2023-01-02,1.0,Crossfit,55.0,1.0,0.0,114.0,153.0,0.1044465935734187,22.22330295274936,29.038830199639,-6.815527246889641,-1.0222793706499054
2023-01-03,2.0,Pilates + Walk,74.0,53.0,1.1,99.5,117.0,0.6555377408889054,22.947426724686053,32.22859144790558,-9.281164723219526,-1.3481779946500012
2023-01-04,3.0,Ride + Pilates,79.63333333333334,11.0,5.33,101.0,101.0,0.28788863480995863,22.666323925008275,29.402596769015055,-6.7362728440067805,-0.9906433388866226
2023-01-05,1.0,Walk,14.5,24.0,1.03,107.0,118.0,0.9965457582448796,22.697703073605087,28.68339174032089,-5.985688666715802,-0.8790446985325864
2023-01-06,1.0,Run,25.466666666666665,70.0,2.2635300000000003,,,1.284217528180434,23.810646337757937,34.18354540704837,-10.372899069290433,-1.4521374069606166
2023-01-07,0.0,-,0.0,0.0,0.0,,,0.0,23.250421989710553,29.63296004847706,-6.382538058766507,-0.9150426117844358
2023-01-08,0.0,-,0.0,0.0,0.0,,,0.0,22.70337877566907,25.688158170204833,-2.9847793945357637,-0.43822836885913435
2023-01-09,1.0,Walk,10.833333333333334,1.0,0.92,102.0,121.0,0.23533936216582085,22.192734879130075,22.40161870328745,-0.2088838241573754,-0.03137420501123975
2023-01-10,0.0,-,0.0,0.0,0.0,,,0.0,21.670577258850212,19.41946817251021,2.2511090863400014,0.346261978388332
2023-01-11,2.0,Walk,21.133333333333333,2.0,1.7953100000000002,,,0.2382904412368613,21.20776175337273,17.100551984150783,4.107209769221946,0.645551350017526
2023-01-12,1.0,Walk,7.233333333333333,1.0,0.78122,,,0.2880092164423916,20.73230720278256,14.957212688839249,5.775094513943312,0.9285177408471957
2023-01-13,2.0,Crossfit + Walk,60.93333333333334,58.0,1.1729100000000001,96.0,96.0,0.7557221537984673,21.609153156663428,20.687158936307203,0.9219942203562255,0.1422227907578319
2023-01-14,0.0,-,0.0,0.0,0.0,,,0.0,21.100726230013784,17.933240890504187,3.1674853395095965,0.500375406511546
2023-01-15,2.0,Walk + Run,47.4,85.0,4.41338,,,1.0372797920949814,22.604168365968114,26.86130872010891,-4.257140354140795,-0.6277810188540515
2023-01-16,1.0,Crossfit,51.6,23.0,0.0,92.0,125.0,0.517147812975281,22.61348161668657,26.347283193575073,-3.733801576888503,-0.5503798781303564
2023-01-17,1.0,Crossfit,43.6,1.0,0.0,91.0,91.0,0.11730928305086626,22.10495284867319,22.972999619219433,-0.8680467705462434,-0.13089777910690367
2023-01-18,1.0,Walk,11.1,1.0,0.89552,,,0.23249527748763857,21.608388904859975,20.04790776112048,1.5604811437394943,0.24072150105069057
2023-01-19,0.0,-,0.0,0.0,0.0,,,0.0,21.09997995976624,17.379088174345487,3.720891785420754,0.5878191657868564
2023-01-20,1.0,Walk,5.4,1.0,0.57305,,,0.3333333333333333,20.627061332989232,15.19866955639965,5.4283917765895815,0.8772281694998173
2023-01-21,0.0,-,0.0,0.0,0.0,,,0.0,20.141741370503265,13.175390744048753,6.966350626454512,1.1528878426000844
2023-01-22,0.0,-,0.0,0.0,0.0,,,0.0,19.66784016816859,11.421455056588966,8.246385111579622,1.3976089970682162
2023-01-23,2.0,Workout + Walk,39.63333333333333,23.0,1.01006,,,0.5900777557065228,19.746240268816724,12.962815277292759,6.783424991523965,1.1450998433418833
2023-01-24,1.0,Walk,13.733333333333333,36.0,1.1513399999999998,,,1.2541194257249118,20.128663820851152,16.029573691422577,4.099090129428575,0.678814743311866
2023-01-25,1.0,Pilates,52.8,1.0,0.0,,,0.10660035817780522,19.67859862455027,14.028805275760988,5.649793348789281,0.9570114648544831
2023-01-26,0.0,-,0.0,0.0,0.0,,,0.0,19.215594389867114,12.161261253455953,7.054333136411161,1.2237167017033306
2023-01-27,0.0,-,0.0,0.0,0.0,,,0.0,18.763483863898923,10.542328613709158,8.221155250189765,1.460488416369792
2023-01-28,0.0,-,0.0,0.0,0.0,,,0.0,18.32201073605353,9.138911687128438,9.183099048925094,1.6706861819947256
2023-01-29,0.0,-,0.0,0.0,0.0,,,0.0,17.890924726294703,7.922320569340289,9.968604156954413,1.8572925117919938
2023-01-30,1.0,Crossfit,0.05,1.0,0.0,94.0,131.0,3.4641016151377544,17.493509756601068,7.00080671654719,10.492703040053877,1.9993516044990192
2023-01-31,1.0,Crossfit,58.38333333333333,1.0,0.0,,,0.10137507341335557,17.105445290843477,6.201966723247212,10.903478567596265,2.1247578148760393
2023-02-01,2.0,Pilates + Walk,62.5,2.0,0.92177,,,0.13856406460551018,16.750039640783115,5.642592087868696,11.107447552914419,2.210432092723715
2023-02-02,1.0,Walk,26.883333333333333,1.0,2.2156599999999997,,,0.1493943134136878,16.37946777287518,5.024560478528426,11.354907294346756,2.310801028824387
2023-02-03,1.0,VirtualRun,10.05,1.0,0.9,103.0,103.0,0.24433888871261045,16.017614835993246,4.488802535044307,11.528812300948939,2.399194557365786
2023-02-04,1.0,Run,10.366666666666667,1.0,1.02465,114.0,137.0,0.24057808192938762,15.664275688396078,4.024365814222318,11.63990987417376,2.476954590969156
2023-02-05,0.0,-,0.0,0.0,0.0,,,0.0,15.295721701633846,3.488633784859473,11.807087916774373,2.5730698093426505
2023-02-06,0.0,-,0.0,0.0,0.0,,,0.0,14.935839168557722,3.024219528416507,11.911619640141215,2.6583975866623413
2023-02-07,0.0,-,0.0,0.0,0.0,,,0.0,14.584424064488198,2.621629073177186,11.962794991311013,2.7341486457092663
2023-02-08,0.0,-,0.0,0.0,0.0,,,0.0,14.241277165102355,2.272632304879854,11.9686448602225,2.801397824429014
2023-02-09,0.0,-,0.0,0.0,0.0,,,0.0,13.906203933489573,1.9700947193586622,11.93610921413091,2.8610993268948626
2023-02-10,0.0,-,0.0,0.0,0.0,,,0.0,13.579014409864623,1.7078315726265605,11.871182837238063,2.9141002625870778
2023-02-11,0.0,-,0.0,0.0,0.0,,,0.0,13.259523103875624,1.4804814468055625,11.779041657070062,2.9611526660983176
2023-02-12,1.0,Run,49.4,1.0,4.21366,,,0.11020775375559674,12.971077202793575,1.4165187474757346,11.55455845531784,2.969313515670423
2023-02-13,0.0,-,0.0,0.0,0.0,,,0.0,12.665889633908304,1.2279487967685225,11.43794083713978,3.0101690887202173
2023-02-14,0.0,-,0.0,0.0,0.0,,,0.0,12.367882613773606,1.0644816739434595,11.303400939830146,3.0464392579863833
2023-02-15,0.0,-,0.0,0.0,0.0,,,0.0,12.076887196188467,0.9227756378306637,11.154111558357803,3.0786386638542926
2023-02-16,2.0,Yoga + Pilates,106.88333333333333,2.0,0.0,85.0,118.0,0.10595845771170156,11.839795036666546,1.0661780073629168,10.77361702930363,3.03316540980057
2023-02-17,0.0,-,0.0,0.0,0.0,,,0.0,11.56122462907064,0.924246151782599,10.636978477288041,3.0668545990481015
2023-02-18,0.0,-,0.0,0.0,0.0,,,0.0,11.289208513314064,0.8012085629094869,10.487999950404577,3.0967626998342204
2023-02-19,1.0,Run,80.1,124.0,5.5586,,,0.9637629123964365,13.941103333086483,17.20169042725432,-3.260587094167837,-0.779610005574779
2023-02-20,0.0,-,0.0,0.0,0.0,,,0.0,13.613092685452168,14.91176526973103,-1.2986725842788616,-0.317995970077323
2023-02-21,0.0,-,0.0,0.0,0.0,,,0.0,13.292799575116794,12.926679758592135,0.36611981652465886,0.09180905658880416
2023-02-22,0.0,-,0.0,0.0,0.0,,,0.0,12.980042421444518,11.205852999871535,1.7741894215729825,0.45561983131935385
2023-02-23,0.0,-,0.0,0.0,0.0,,,0.0,12.674643916085596,9.714106313437908,2.9605376026476886,0.7785984948238328
2023-02-24,1.0,Run,15.066666666666666,33.0,1.4519300000000002,,,1.1463678694186252,13.152865262932668,12.81397338718704,0.3388918757456274,0.08588543737327729
2023-02-25,0.0,-,0.0,0.0,0.0,,,0.0,12.843400527605564,11.108150337339422,1.7352501902661412,0.45036104639535823
2023-02-26,0.0,-,0.0,0.0,0.0,,,0.0,12.541216975541316,9.629410034542069,2.911806940999247,0.7739299268638334
2023-02-27,0.0,-,0.0,0.0,0.0,,,0.0,12.246143292778573,8.347522746577152,3.898620546201421,1.0611832239734333
2023-02-28,0.0,-,0.0,0.0,0.0,,,0.0,11.95801219608455,7.236282986669669,4.721729209414881,1.3161967981492588
2023-03-01,0.0,-,0.0,0.0,0.0,,,0.0,11.676660338118776,6.272973797482174,5.403686540636602,1.5425890577622667
2023-03-02,0.0,-,0.0,0.0,0.0,,,0.0,11.401928214828194,5.437902350749268,5.964025864078926,1.7435723010203126
2023-03-03,2.0,Crossfit + Run,64.01666666666667,24.0,1.38455,91.5,105.0,0.4742798978502214,11.698339595367248,7.908927774859743,3.789411820507505,1.0797577410068748
2023-03-04,3.0,Workout + Yoga + Run,52.4,59.0,0.4205,96.5,121.0,0.8219321864265747,12.811267883236624,14.710278613485578,-1.8990107302489534,-0.49409908724016927
2023-03-05,2.0,Run + Yoga,29.06666666666667,9.0,1.31154,88.0,141.0,0.4310218283495181,12.721595178227592,13.950114331446756,-1.228519153219164,-0.3218986130821383
2023-03-06,1.0,Walk,9.416666666666666,40.0,0.90183,,,1.5964562525705743,13.36341003450121,17.417929822912207,-4.054519788410996,-1.011348594892863
2023-03-07,1.0,Run,14.583333333333334,17.0,1.3337999999999999,119.0,152.0,0.8363184629246035,13.448972862726775,17.3622941271291,-3.9133212644023256,-0.9699182493576443
2023-03-08,1.0,Pilates,55.61666666666667,56.0,0.0,93.0,93.0,0.7772615074760204,14.450126762481439,22.505826681760418,-8.055699919278979,-1.8582766439103586
2023-03-09,0.0,-,0.0,0.0,0.0,,,0.0,14.11013965209897,19.50980376602607,-5.3996641139271,-1.2755990247821223
2023-03-10,2.0,Pilates + Run,59.81666666666667,77.0,1.216,108.5,145.0,0.8788401383953933,15.589831992761047,27.16301943246688,-11.573187439705832,-2.474516177185169
2023-03-11,1.0,Yoga,11.066666666666666,1.0,0.08137,83.0,83.0,0.23284515771189987,15.246557853944239,23.680143336740073,-8.433585482795834,-1.843822840448342
2023-03-12,0.0,-,0.0,0.0,0.0,,,0.0,14.887832063281937,20.52779292153649,-5.639960858254554,-1.2627674363604324
2023-03-13,1.0,Crossfit,52.233333333333334,1.0,0.0,,,0.10717703894533559,14.561074798776017,17.928212114578017,-3.3671373158019993,-0.7708078701454639
2023-03-14,1.0,Run,14.4,21.0,1.47404,123.0,168.0,0.9354143466934853,14.712571848533182,18.33713496940734,-3.624563120874159,-0.8211940912822168
2023-03-15,0.0,-,0.0,0.0,0.0,,,0.0,14.366409847929509,15.896057049715447,-1.529647201785938,-0.3549128877656216
2023-03-16,1.0,Run,20.033333333333335,27.0,2.07209,124.0,161.0,0.8992509361998127,14.663656915734558,17.374237256311492,-2.710580340576934,-0.6161674303923459
2023-03-17,1.0,Run,9.916666666666666,1.0,1.044,135.0,175.0,0.24597601850723633,14.342174114344912,15.194464402762481,-0.8522902884175689,-0.19808486533551795
2023-03-18,1.0,Run,17.35,24.0,1.7198,120.0,163.0,0.911027541601348,14.569406468040683,16.36667579529128,-1.7972693272505964,-0.41119710474435367
2023-03-19,0.0,-,0.0,0.0,0.0,,,0.0,14.226612907369788,14.187909539314237,0.03870336805555041,0.009068302321278683
2023-03-20,0.0,-,0.0,0.0,0.0,,,0.0,13.891884701007951,12.299185223286292,1.5926994777216592,0.3821654421510562
2023-03-21,1.0,Run,18.4,26.0,1.735,123.0,157.0,0.9207747210672771,14.176768231813403,14.123066461496167,0.053701770317236,0.012626707168404914
2023-03-22,0.0,-,0.0,0.0,0.0,,,0.0,13.843212786596775,12.242974192174026,1.6002385944227484,0.3853244712990628
2023-03-23,1.0,Run,12.116666666666667,1.0,1.3,126.0,155.0,0.22252768246568522,13.54103365176181,10.746285854657316,2.7947477971044936,0.6879700789412218
2023-03-24,0.0,-,0.0,0.0,0.0,,,0.0,13.22243596895064,9.315717711800419,3.906718257150221,0.9848710344357388
2023-03-25,2.0,Walk + Run,22.35,61.0,2.6305199999999997,128.0,155.0,1.2796811683452445,14.34656146646568,16.196037919910037,-1.8494764534443568,-0.42971422287433575
2023-03-26,0.0,-,0.0,0.0,0.0,,,0.0,14.009011072819822,14.039987336285913,-0.030976263466090614,-0.007370556780697277
2023-03-27,0.0,-,0.0,0.0,0.0,,,0.0,13.679402670606324,12.170954734598679,1.508447936007645,0.3675715897665935
2023-03-28,0.0,-,0.0,0.0,0.0,,,0.0,13.357549398162158,10.550731678283432,2.806817719878726,0.7004323014182307
2023-03-29,0.0,-,0.0,0.0,0.0,,,0.0,13.04326879036406,9.14619611809805,3.8970726722660096,0.9959345659182816
2023-03-30,2.0,Pilates + Walk,23.78333333333333,48.0,0.91887,81.0,81.0,1.1004235662815254,13.865741715877682,14.318496093551385,-0.45275437767370263,-0.1088424470783396
2023-03-31,2.0,Crossfit + Run,59.43333333333334,13.0,1.07416,121.0,139.0,0.362269904926843,13.845372273508287,14.142975124406643,-0.2976028508983557,-0.0716491751466032
2023-04-01,0.0,-,0.0,0.0,0.0,,,0.0,13.51961401624084,12.260232572064695,1.259381444176146,0.31050724837343147
2023-04-02,0.0,-,0.0,0.0,0.0,,,0.0,13.201520301326003,10.628124662520209,2.5733956388057937,0.649772546410763
2023-04-03,0.0,-,0.0,0.0,0.0,,,0.0,12.890910795009633,9.213286385728626,3.677624409281007,0.9509605819072406
2023-04-04,0.0,-,0.0,0.0,0.0,,,0.0,12.587609406486667,7.986794351857372,4.600815054629295,1.2183449364257086
2023-04-05,0.0,-,0.0,0.0,0.0,,,0.0,12.29144418807168,6.923575513474732,5.367868674596948,1.4557195483468182
2023-04-06,0.0,-,0.0,0.0,0.0,,,0.0,12.002247237718265,6.00189459988276,6.000352637835505,1.6664525453696692
2023-04-07,1.0,Run,13.283333333333333,16.0,1.394,121.0,155.0,0.8501236163709773,12.09630761739609,7.332863389265419,4.763444228130671,1.3126441497128727
2023-04-08,0.0,-,0.0,0.0,0.0,,,0.0,11.811701901423138,6.356697214041405,5.4550046873817335,1.5394351389572645
2023-04-09,1.0,Run,16.25,1.0,1.623,122.0,156.0,0.19215378456610457,11.557320791263917,5.643602430505862,5.913718360758056,1.7056197445657666
2023-04-10,0.0,-,0.0,0.0,0.0,,,0.0,11.285396526226515,4.892314221981941,6.393082304244574,1.888305324315211
2023-04-11,0.0,-,0.0,0.0,0.0,,,0.0,11.019870180503773,4.241039077669649,6.778831102834124,2.050487283969144
2023-04-12,1.0,Yoga,0.0,1.0,0.0,86.0,104.0,0.0,10.784119535193037,3.809585148658531,6.974534386534506,2.1558039930145183
2023-04-13,0.0,-,0.0,0.0,0.0,,,0.0,10.53038739158935,3.3024451725885906,7.227942219000759,2.2879633800790455
2023-04-14,0.0,-,0.0,0.0,0.0,,,0.0,10.28262513736677,2.8628167352537233,7.419808402113047,2.405289927747365
2023-04-15,0.0,-,0.0,0.0,0.0,,,0.0,10.040692311097285,2.4817125588264193,7.558979752270865,2.509448391958805
2023-04-16,0.0,-,0.0,0.0,0.0,,,0.0,9.804451756173377,2.151341770779095,7.6531099853942814,2.601916685644185
2023-04-17,0.0,-,0.0,0.0,0.0,,,0.0,9.573769543051165,1.8649506358978185,7.708818907153347,2.684006848952742
2023-04-18,0.0,-,0.0,0.0,0.0,,,0.0,9.348514893323047,1.6166844903848665,7.731830402938181,2.756883665896657
2023-04-19,0.0,-,0.0,0.0,0.0,,,0.0,9.128560105576772,1.4014680555835257,7.727092049993247,2.821581191566255
2023-04-20,1.0,Run,12.35,13.0,1.3069000000000002,118.0,137.0,0.7947194142390263,9.219648556519768,2.945488987838857,6.274159568680911,2.268401566581073
2023-04-21,0.0,-,0.0,0.0,0.0,,,0.0,9.002725776325779,2.5533793075150366,6.449346468810742,2.3879236241133444
2023-04-22,0.0,-,0.0,0.0,0.0,,,0.0,8.79090682327646,2.213468091364208,6.5774387319122525,2.494031186292252
2023-04-23,1.0,Run,10.3,12.0,1.045,122.0,143.0,0.8360796171499412,8.86641137310056,3.516271773203669,5.350139599896891,2.011388589573928
2023-04-24,2.0,Other,15.983333333333333,21.0,1.04,101.0,121.0,0.8878745226005822,9.151894248347027,5.84374239495183,3.308151853395197,1.2049060604740198
2023-04-25,3.0,Other + Run,88.25,89.0,1.548,108.33333333333333,148.0,0.7778811928190854,11.030585500696734,16.913678056250777,-5.883092555554043,-1.7778121131715823
2023-04-26,0.0,-,0.0,0.0,0.0,,,0.0,10.771054428627119,14.662093710453407,-3.8910392818262878,-1.2041653883903116
2023-04-27,0.0,-,0.0,0.0,0.0,,,0.0,10.517629684944637,12.710245001658196,-2.1926153167135585,-0.6949016024818334
2023-04-28,4.0,Other + Run + Walk,27.099999999999998,42.0,2.60339,110.66666666666667,143.0,0.9643076785409256,11.258356758647375,16.609358702840073,-5.3510019441926975,-1.5843051992120352
2023-04-29,1.0,Other,48.4,53.0,0.0,97.0,138.0,0.8105706590966822,12.240467220480191,21.45375730175578,-9.213290081275588,-2.508970154848428
2023-04-30,1.0,Run,9.8,25.0,1.014,133.0,175.0,1.2371791482634837,12.540677505887706,21.92584057774163,-9.385163071853926,-2.4945922492219683
2023-05-01,0.0,-,0.0,0.0,0.0,,,0.0,12.245616515936016,19.007026630289975,-6.761410114353959,-1.840498082328725
2023-05-02,4.0,VirtualRun + Other + Yoga + Run,104.21666666666667,122.0,2.176,108.0,161.0,0.8380828456835339,14.82795204183893,32.71766755623939,-17.88971551440046,-4.021619767837208
2023-05-03,0.0,-,0.0,0.0,0.0,,,0.0,14.479075339893035,28.36222293587746,-13.883147595984424,-3.1961404693970805
2023-05-04,0.0,-,0.0,0.0,0.0,,,0.0,14.138407118310253,24.58658425089988,-10.448177132589626,-2.463308406470223
2023-05-05,3.0,Run + VirtualRun + Other,19.616666666666667,26.0,1.982,102.66666666666667,128.0,0.8917635006191572,14.417490392434171,24.774741123946256,-10.357250731512085,-2.394603232970243
2023-05-06,1.0,Run,12.816666666666666,21.0,1.351,129.0,153.0,0.991511436383133,14.572365741095599,24.27223965762717,-9.699873916531573,-2.2187827034784777
2023-05-07,3.0,Walk + Run + Other,20.866666666666667,52.0,2.03693,111.0,175.0,1.2227868447655255,15.452974847804336,27.963417349627466,-12.51044250182313,-2.6986049881523186
2023-05-08,1.0,Other,9.883333333333333,17.0,0.822,103.0,119.0,1.0158939276200933,15.489373740342057,26.50394420612976,-11.014570465787703,-2.370349860584371
2023-05-09,2.0,Other + Run,64.1,44.0,2.005,106.0,146.0,0.6417604492791453,16.16018068872007,28.83305589949777,-12.672875210777697,-2.6140126885304484
2023-05-10,0.0,-,0.0,0.0,0.0,,,0.0,15.779958893719499,24.99473894153621,-9.21478004781671,-1.946515431351818
2023-05-11,2.0,Other + Run,58.083333333333336,34.0,1.0148,108.0,157.0,0.5926377579897537,16.208645730077077,26.193538206936815,-9.984892476859738,-2.053408747228355
2023-05-12,2.0,Other + Run,73.08333333333334,51.0,2.002,112.5,161.0,0.6470704088621929,17.027227615132638,29.495826500596262,-12.468598885463624,-2.440913883593198
2023-05-13,1.0,Run,19.6,49.0,2.002,136.0,175.0,1.224744871391589,17.7794930224003,32.09226304047374,-14.31277001807344,-2.68338547862245
2023-05-14,0.0,-,0.0,0.0,0.0,,,0.0,17.36117153940501,27.82007358275625,-10.458902043351241,-2.008102202782889
2023-05-15,1.0,Other,34.46666666666667,33.0,0.0,96.0,113.0,0.7579367289598671,17.729126795817706,28.509636266559255,-10.78050947074155,-2.0268923553310905
2023-05-16,3.0,Other + Run,89.75,115.0,4.2059,112.33333333333333,154.0,0.8768136794167026,20.01774638017562,40.023415138125614,-20.005668757949994,-3.3313221808295754
2023-05-17,2.0,Other + VirtualRun,51.11666666666667,50.0,1.0177,107.0,128.0,0.7660892435292315,20.72317823821476,41.351519068258874,-20.628340830044113,-3.3180786899447434
2023-05-18,2.0,Other + Run,63.5,41.0,1.0177,102.0,137.0,0.6224159178581069,21.20025765432266,41.3047241116144,-20.10446645729174,-3.1610412139169624
2023-05-19,5.0,Run + Other + VirtualRun,66.3,81.0,3.9989999999999997,116.2,157.0,0.8561726894780893,22.60724473034687,46.58904260787226,-23.981797877525388,-3.5360048166821176
2023-05-20,3.0,Other + Run,19.15,35.0,1.90892,130.0,165.0,1.0471894499684986,22.898825359573333,45.04628491602767,-22.14745955645434,-3.2239586104934026
2023-05-21,0.0,-,0.0,0.0,0.0,,,0.0,22.360054621217735,39.04962885955435,-16.68957423833662,-2.4880043931108697
2023-05-22,3.0,VirtualRun + Other,62.13333333333333,67.0,0.165,100.66666666666667,138.0,0.8043604342298958,23.410357243916472,42.77044096853239,-19.36008372461592,-2.7566265539222563
2023-05-23,3.0,Other + Run,111.23333333333333,65.0,1.7002000000000002,100.0,138.0,0.5921269494317349,24.388891390702867,45.72968655442868,-21.340795163725815,-2.9167370808089848
2023-05-24,2.0,VirtualRun + Other,42.95,35.0,0.5706,101.0,126.0,0.6992428967375721,24.63855287902949,44.3013281452809,-19.66277526625141,-2.6601637093963832
2023-05-25,1.0,Walk,13.35,8.0,1.09,102.0,118.0,0.5996253511966891,24.247075793238466,39.46881910072326,-15.221743307484793,-2.092588186342526
2023-05-26,2.0,Other + Run,55.68333333333334,43.0,1.5407,119.0,175.0,0.680686661422575,24.68830047016188,39.938897318397025,-15.250596848235144,-2.0590855530492966
2023-05-27,1.0,Run,21.083333333333332,46.0,2.0192,136.0,171.0,1.144155107094711,25.189728814673153,40.74576403720182,-15.55603522252867,-2.0585156403731237
2023-05-28,1.0,Other,8.8,4.0,0.0,86.0,101.0,0.5222329678670935,24.691170235367533,35.85409075328528,-11.162920517917744,-1.5070057314021812
2023-05-29,2.0,Other,13.85,11.0,0.0,93.5,112.0,0.6903146355314226,24.369040091972323,32.54546199240835,-8.176421900436026,-1.1184166288559874
2023-05-30,1.0,Run,19.516666666666666,1.0,2.0095,131.0,152.0,0.17533668965604107,23.81920599405211,28.346063838628126,-4.526857844576018,-0.6335024833470406
2023-05-31,3.0,VirtualRun + Other,48.93333333333333,29.0,0.9581000000000001,99.66666666666667,129.0,0.5963101802440324,23.941101338814228,28.433117193859253,-4.492015855045025,-0.6254259556225173
2023-06-01,1.0,Other,46.28333333333333,18.0,0.0,85.0,102.0,0.48305831603883437,23.80131724488383,27.044238720860214,-3.2429214759763845,-0.45416554647109725
2023-06-02,2.0,Other + Run,50.88333333333333,28.0,2.0091,114.0,157.0,0.5746016435796669,23.900105168394028,27.171471669676755,-3.2713665012827278,-0.4562555238751066
2023-06-03,1.0,Run,31.35,1.0,3.0064,130.0,159.0,0.1383428927732149,23.36130431829547,23.687470394380764,-0.32616607608529335,-0.046539364361012366
2023-06-04,0.0,-,0.0,0.0,0.0,,,0.0,22.811652230082313,20.534144585875403,2.27750764420691,0.33279887273333963
2023-06-05,1.0,Run,30.733333333333334,53.0,3.0069,130.0,158.0,1.0172055634685695,23.52193313586399,24.856067445010606,-1.3341343091466165,-0.189062452398588
2023-06-06,2.0,Other + Run,51.88333333333333,69.0,2.0063,119.0,175.0,0.8932771716352098,24.591955343493613,30.732600460017125,-6.140645116523512,-0.832337923893225
2023-06-07,2.0,Run,18.8,42.0,2.0199,146.0,175.0,1.1577674774819395,25.001537272943636,32.23254035113348,-7.231003078189843,-0.9640744619352065
2023-06-08,0.0,-,0.0,0.0,0.0,,,0.0,24.4132932698102,27.94167688320357,-3.5283836133933697,-0.481757155060083
2023-06-09,1.0,Run,10.033333333333333,19.0,1.0071,133.0,166.0,1.065932748621937,24.285927609514804,26.751342076756263,-2.465414467241459,-0.3383872486269995
2023-06-10,1.0,Run,19.8,29.0,2.0056,126.0,155.0,0.937436866561092,24.396841781862147,27.050688142241864,-2.653846360379717,-0.3625942494399311
2023-06-11,0.0,-,0.0,0.0,0.0,,,0.0,23.82282524372285,23.44964372354377,0.3731815201790809,0.05221624168714857
2023-06-12,1.0,Other,26.15,35.0,1.9979,107.0,122.0,0.8961357449753705,24.08580531373118,24.987251409699294,-0.9014460959681152,-0.12475482055734656
2023-06-13,0.0,-,0.0,0.0,0.0,,,0.0,23.519106939076647,21.660896022569887,1.85821091650676,0.26336188718392906
2023-06-14,2.0,Walk,25.116666666666667,98.0,1.91806,,,1.5300571830525649,25.27151672943481,31.82331787523465,-6.551801145799839,-0.8641878279996121
2023-06-15,0.0,-,0.0,0.0,0.0,,,0.0,24.676920565051592,27.586930962765827,-2.9100103977142346,-0.3930812450231336
2023-06-16,1.0,Run,20.85,30.0,2.0095,124.0,158.0,0.9291444196237664,24.80216364597206,27.90816378105025,-3.1060001350781903,-0.4174367176742413
2023-06-17,1.0,Run,25.45,34.0,2.3236999999999997,124.0,151.0,0.8953053720568149,25.018573221831016,28.719121812894755,-3.7005485910637397,-0.49304018501937985
2023-06-18,0.0,-,0.0,0.0,0.0,,,0.0,24.42992839155398,24.895971999831833,-0.46604360827785385,-0.06358916282360402
2023-06-19,1.0,Other,20.966666666666665,4.0,0.0,84.0,100.0,0.33833032466076063,23.949246634685263,22.11425632045282,1.8349903142324422,0.25539986597808867
2023-06-20,2.0,VirtualRun + Ride,23.7,24.0,2.0131,106.5,135.0,0.7794837629539572,23.95044077576784,22.365290479606962,1.5851502961608794,0.22061532687457888
2023-06-21,1.0,Other,87.56666666666666,46.0,0.0,86.0,110.0,0.5614164478036641,24.469229714375498,25.51159264975606,-1.042362935380563,-0.14199642401877247
2023-06-22,2.0,Other,48.63333333333333,50.0,1.6548,101.5,126.0,0.7854049042406147,25.069925677665267,28.77154086799362,-3.7016151903283543,-0.49217207341332675
2023-06-23,0.0,-,0.0,0.0,0.0,,,0.0,24.480072610716185,24.941412920222827,-0.4613403095066424,-0.06281848326771848
2023-06-24,1.0,Walk,2.4166666666666665,11.0,0.20309,,,1.6525841832592434,24.162909238380742,23.085502751832813,1.077406486547929,0.14863090034933374
2023-06-25,0.0,-,0.0,0.0,0.0,,,0.0,23.594396738426713,20.012312140185866,3.582084598240847,0.5060643052886269
2023-06-26,4.0,Other + Run,70.86666666666667,65.0,5.4681,102.75,135.0,0.7418418003997347,24.56860074631791,26.00116763346758,-1.4325668871496724,-0.19436283761016535
2023-06-27,2.0,Other,33.56666666666666,21.0,1.3751,102.0,115.0,0.6126764180603568,24.484637589745503,25.33540169439896,-0.8507641046534573,-0.11582284354629627
2023-06-28,2.0,Run,47.46666666666667,30.0,4.0933985,106.5,126.0,0.6158031204419699,24.61440476476041,25.956362817662317,-1.3419580529019086,-0.18173072038195884
2023-06-29,1.0,Run,14.633333333333333,5.0,1.1734727,102.0,113.0,0.45278183435473657,24.15291090332539,23.166607785777906,0.9863031175474859,0.13611928896069295
2023-06-30,0.0,-,0.0,0.0,0.0,,,0.0,23.5846336473315,20.082620301671355,3.5020133456601457,0.49495692803300956
2023-07-01,4.0,Run + Other,49.6,63.0,3.3092089000000002,117.25,151.0,0.8729815428710669,24.512010737593712,25.795872024331782,-1.2838612867380697,-0.17458941529822228
2023-07-02,2.0,Run + Other,43.766666666666666,22.0,2.2804113999999998,97.5,126.0,0.5491806539821861,24.45290736182668,25.290557568173206,-0.8376502063465274,-0.11418549594831674
2023-07-03,3.0,Run,32.083333333333336,24.0,2.8529383299999997,109.0,130.0,0.6699486314868991,24.442251215500114,25.11875583420469,-0.6765046187045769,-0.09225890756952451
2023-07-04,2.0,Walk,34.266666666666666,20.0,2.88331066,102.5,118.0,0.5917723823643537,24.337732536932375,24.437336306889353,-0.09960376995697828,-0.013641885743441124
2023-07-05,0.0,-,0.0,0.0,0.0,,,0.0,23.765106739629534,21.184186773205102,2.5809199664244318,0.36200412011623967
2023-07-06,1.0,Walk,19.933333333333334,14.0,2.8428464,105.0,122.0,0.6491569011219456,23.53535024838524,20.22781274136907,3.3075375070161677,0.4684495835851714
2023-07-07,1.0,Run,24.316666666666666,23.0,2.0107,113.0,143.0,0.7533339196643095,23.52275435999043,20.596852131523807,2.9259022284666223,0.4146201281942921
2023-07-08,1.0,Run,32.53333333333333,46.0,3.088079,124.0,150.0,0.9210649573931825,24.051606038603076,23.97857252873206,0.07303350987101709,0.010121778666782523
2023-07-09,2.0,Run,41.9,52.0,4.0532185,120.0,150.0,0.8629195047042599,24.709184609293374,27.708843805705204,-2.99965919641183,-0.40466183510882675
2023-07-10,1.0,Walk,12.383333333333333,7.0,1.0979951000000001,102.0,113.0,0.582379210727412,24.292517364672648,24.952039024544284,-0.6595216598716362,-0.09049723006897925
2023-07-11,1.0,Run,32.36666666666667,42.0,3.0684780000000003,122.0,143.0,0.8823711150972596,24.70914456471659,27.22149939457389,-2.5123548298573013,-0.33892375665172664
2023-07-12,0.0,-,0.0,0.0,0.0,,,0.0,24.127780068842917,23.597716223219052,0.5300638456238644,0.07323008914916783
2023-07-13,1.0,Run,28.233333333333334,30.0,2.5730112,117.0,157.0,0.7984636960487999,24.265943499430122,24.450001685979473,-0.18405818654935047,-0.025283471401482634
2023-07-14,0.0,-,0.0,0.0,0.0,,,0.0,23.69500677709657,21.195166110430286,2.499840666666284,0.35166912171029113
2023-07-15,0.0,-,0.0,0.0,0.0,,,0.0,23.13750323286782,18.37362108266603,4.763882150201791,0.6863146385121467
2023-07-16,1.0,Run,20.266666666666666,34.0,2.0464236000000002,129.0,150.0,1.003284081089908,23.393079460543902,20.453837463441012,2.93924199710289,0.41881930680401763
2023-07-17,0.0,-,0.0,0.0,0.0,,,0.0,22.842679756827252,17.730979662139326,5.111700094687926,0.7459282578495975
2023-07-18,2.0,Walk,29.5,28.0,2.35406,107.0,133.0,0.7546466228796952,22.96402280354335,19.09801321702344,3.866009586519912,0.561169039587638
2023-07-19,2.0,Walk,64.43333333333334,35.0,4.681329999999999,101.5,122.0,0.5708925133238923,23.24720904646804,21.214919095718134,2.032289950749906,0.2914027151514019
2023-07-20,0.0,-,0.0,0.0,0.0,,,0.0,22.700241427561934,18.390744509066156,4.309496918495778,0.6328122004410813
2023-07-21,1.0,Run,10.733333333333333,13.0,1.04599,117.0,139.0,0.8524717441265497,22.472011107705367,17.673117278109093,4.798893829596274,0.7118327188720542
2023-07-22,0.0,-,0.0,0.0,0.0,,,0.0,21.943282588809005,15.320434788085857,6.622847800723148,1.0060554635067496
2023-07-23,1.0,Run,29.5,33.0,2.51832,117.0,135.0,0.8192596906219457,22.203428500657104,17.673975640599494,4.52945286005761,0.679993010977796
2023-07-24,2.0,Run + Workout,25.433333333333334,10.0,1.82498,80.5,137.0,0.48570657614727947,21.916302410976698,16.652399886056944,5.263902524919754,0.8006068460227348
2023-07-25,2.0,Run,27.200000000000003,31.0,2.43597,116.0,142.0,0.8269362305593853,22.1300264942075,18.562382546769577,3.5676439474379222,0.537376062092492
2023-07-26,2.0,Swim,5.833333333333334,3.0,0.5249999999999999,89.0,112.0,0.5554920598635309,21.679929236500897,16.490685497252493,5.189243739248404,0.7978568076553278
2023-07-27,1.0,Swim,4.4,5.0,0.2,114.0,124.0,0.8257228238447705,21.287478634806092,14.961021310548112,6.32645732425798,0.9906382734486783
2023-07-28,3.0,Swim,5.933333333333334,4.0,0.6,95.66666666666667,122.0,0.635998728003816,20.880733420493723,13.50186713280493,7.378866287688792,1.177938555301046
2023-07-29,3.0,Workout + Run + Swim,19.533333333333335,18.0,0.65,95.33333333333333,116.0,0.7435731462948248,20.81295462190499,14.100668027288675,6.712286594616314,1.075017413681996
2023-07-30,1.0,Swim,2.7,1.0,0.25,90.0,110.0,0.4714045207910316,20.346789217215925,12.356679584820363,7.990109632395562,1.3089877960752863
2023-07-31,4.0,Workout + Walk + Run,50.25,46.0,2.99439,101.5,129.0,0.7411165436982794,20.95036599888932,16.83534905786667,4.1150169410226525,0.6547247497952715
2023-08-01,4.0,Workout + Swim + Yoga + Run,46.56666666666666,57.0,2.6954399999999996,98.0,161.0,0.856989453498292,21.7985530837394,22.182151747084305,-0.38359866334490533,-0.058658123144122845
2023-08-02,6.0,Yoga + Workout + Swim + Walk + Run,62.55,44.0,2.63173,90.33333333333333,145.0,0.6496632590195509,22.320915683558766,25.086589529444275,-2.765673845885509,-0.4130167843610855
2023-08-03,3.0,Workout + Yoga + Run,46.25,66.0,3.17189,103.66666666666667,148.0,0.9253195211472717,23.348610866099083,30.533068659667563,-7.18445779356848,-1.0256795482424073
2023-08-04,0.0,-,0.0,0.0,0.0,,,0.0,22.799257433406666,26.46844243262071,-3.6691849992140426,-0.5364480268609919
2023-08-05,2.0,Swim + Run,27.65,31.0,2.73,98.0,147.0,0.8201794890226051,22.99220707419776,27.071692893393198,-4.079485819195437,-0.59143021894775
2023-08-06,2.0,Workout,10.1,17.0,0.20712000000000003,97.5,122.0,1.0049383016379712,22.85122054851139,25.730927982353524,-2.8797074338421353,-0.42006617366874527
2023-08-07,5.0,Workout + Yoga + Run,47.28333333333333,55.0,2.64045,96.0,145.0,0.8354162665316127,23.607627105193934,29.627288321705812,-6.019661216511878,-0.8499599429863194
2023-08-08,2.0,Other + Walk,87.05000000000001,54.0,6.4896,94.0,114.0,0.6100818675583567,24.3227083780448,32.87183488910361,-8.549126511058809,-1.171624801287314
2023-08-09,1.0,Run,31.733333333333334,58.0,3.11,129.0,174.0,1.0472051639779976,25.115078248029945,36.216949004090345,-11.1018707560604,-1.4734668746826411
2023-08-10,1.0,Run,31.766666666666666,45.0,3.02399,123.0,154.0,0.9219259916624725,25.582936917905922,37.3861671992671,-11.803230281361177,-1.537903996875863
2023-08-11,3.0,Workout + Swim,16.35,7.0,0.15,76.0,109.0,0.5068340299791975,25.145711755179835,33.34109680315852,-8.195385047978686,-1.0863860377426642
2023-08-12,2.0,Yoga + Run,41.983333333333334,60.0,3.11486,107.0,153.0,0.9260038489258489,25.965774370517,36.88998598707866,-10.92421161656166,-1.4023860102250116
2023-08-13,2.0,Workout + Swim,14.866666666666667,30.0,0.15,100.5,147.0,1.1003464599109523,26.060692895243026,35.97277658178693,-9.912083686543905,-1.267820433169578
2023-08-14,4.0,Yoga + Workout + Pilates + Walk,33.88333333333333,19.0,0.0,81.75,123.0,0.5800418934273981,25.89456670035147,33.71332491614852,-7.818758215797054,-1.0064863292590422
2023-08-15,3.0,Workout + Yoga + Walk,44.016666666666666,19.0,0.0,85.33333333333333,124.0,0.5089133578079825,25.732349174628588,31.75465620165285,-6.022307027024262,-0.7801214191722659
2023-08-16,1.0,Run,54.2,65.0,4.99959,117.0,146.0,0.8482671722823864,26.656250767678227,36.180346191616096,-9.524095423937869,-1.190977119143629
2023-08-17,2.0,Yoga + Run,48.83333333333333,51.0,3.9900100000000003,91.5,150.0,0.7915940628943324,27.229018127675506,38.15316963156338,-10.924151503887874,-1.3373173492907546
2023-08-18,1.0,Yoga,5.083333333333333,1.0,0.0,66.0,74.0,0.34355900058832095,26.611893570363566,33.20726165927189,-6.595368088908327,-0.826117849834041
2023-08-19,4.0,Yoga + Workout + Swim + Run,82.38333333333334,106.0,5.208970000000001,94.75,154.0,0.878635765960598,28.479761814525112,42.8975838701251,-14.417822055599991,-1.687493286109189
2023-08-20,0.0,-,0.0,0.0,0.0,,,0.0,27.809681054483487,37.18696740969131,-9.377286355207826,-1.1239834474472234
2023-08-21,0.0,-,0.0,0.0,0.0,,,0.0,27.155366164532428,32.236560206191655,-5.081194041659227,-0.6237188395684098
2023-08-22,2.0,Workout + Run,69.2,79.0,4.97371,110.5,148.0,0.8276298075020595,28.37518295481302,38.46180752644936,-10.086624571636342,-1.1849115460857838
2023-08-23,3.0,Yoga + Swim,58.8,19.0,0.05,78.66666666666667,129.0,0.44031528592635544,28.15460071255963,35.8710108338707,-7.716410121311068,-0.9135759847435065
2023-08-24,1.0,Run,61.833333333333336,83.0,5.71,121.0,148.0,0.8974356999693709,29.445020452677362,42.144920854316766,-12.699900401639404,-1.4376964487708066
2023-08-25,0.0,-,0.0,0.0,0.0,,,0.0,28.752228784935664,36.53450047532775,-7.782271690392083,-0.9022224269525728
2023-08-26,2.0,Workout,67.0,90.0,0.0,102.0,143.0,0.8977584024968696,30.193285537935413,43.651940062957785,-13.458654525022371,-1.485833056946018
2023-08-27,2.0,Workout,154.05,250.0,0.0,107.5,139.0,0.9867673659324815,35.36496679173976,71.12142718425225,-35.756460392512494,-3.3702336555343217
2023-08-28,1.0,Walk,12.733333333333333,4.0,0.9301799999999999,90.0,101.0,0.434144763175453,34.62700202492172,62.18608182571934,-27.55907980079762,-2.652946947872532
2023-08-29,2.0,Yoga + Run,78.38333333333333,100.0,5.00387,107.0,141.0,0.8749107666901941,36.16511840576163,67.21995003175437,-31.054831625992733,-2.8623189964030136
2023-08-30,3.0,Walk + Yoga,98.28333333333333,47.0,2.4159699999999997,82.0,123.0,0.5356543245108134,36.420044894996714,64.52822781658084,-28.108182921584124,-2.5725927395772787
2023-08-31,3.0,Yoga + Walk,69.95,17.0,1.16127,76.0,106.0,0.38186180974811157,35.963123993479726,58.20117030848576,-22.23804631500603,-2.0611897081983095
2023-09-01,1.0,Run,65.03333333333333,108.0,5.84288,129.0,155.0,0.9982044361556608,37.65803018475464,64.83049510700314,-27.17246492224851,-2.4051943935938995
2023-09-02,2.0,Yoga + Run,116.1,139.0,5.00573,109.5,160.0,0.8475530975873867,40.04243580584664,74.70409537284807,-34.661659567001436,-2.885410512575965
2023-09-03,6.0,Walk + Run,80.51666666666667,62.0,5.2830200000000005,97.83333333333333,152.0,0.6797176956101134,40.55906025656016,73.01289951504053,-32.45383925848037,-2.6672083502584916
2023-09-04,3.0,Yoga + Walk,53.78333333333333,14.0,0.96369,76.66666666666667,110.0,0.3951989531632705,39.934170364621856,65.15697838976685,-25.222808025144992,-2.105365554932556
2023-09-05,2.0,Walk + Yoga,33.96666666666667,8.0,1.11255,78.5,111.0,0.37591889380598315,39.18281319778238,57.5481213825876,-18.365308184805222,-1.5623608657281265
2023-09-06,4.0,Yoga + Walk,68.7,17.0,2.2012799999999997,81.5,107.0,0.38532014704726253,38.6608890179302,52.150270302952975,-13.489381285022773,-1.1630514824052673
2023-09-07,5.0,Workout + Walk + Run + Yoga,107.08333333333333,63.0,4.67161,94.4,133.0,0.594134756557312,39.23354724772217,53.59460910736671,-14.361061859644536,-1.2201345419153853
2023-09-08,3.0,Yoga + Walk,65.03333333333333,40.0,3.19074,97.66666666666667,125.0,0.6074878740935342,39.25158058824402,51.78486619091874,-12.533285602674724,-1.0643550667127772
2023-09-09,2.0,Yoga,15.183333333333334,7.0,0.0,80.5,107.0,0.5259459096620398,38.492755294203384,45.82301074417655,-7.330255449973166,-0.6347735995122028
2023-09-10,1.0,Yoga,20.083333333333332,7.0,0.0,79.0,92.0,0.45730583935195296,37.75178387945714,40.6548100158905,-2.903026136433354,-0.25632573599725555
2023-09-11,1.0,Run,46.983333333333334,56.0,3.9983299999999997,119.0,146.0,0.8456637720303402,38.181133626378866,42.69759393530763,-4.516460308928764,-0.3943012233148571
2023-09-12,5.0,Yoga + Walk,115.56666666666666,49.0,5.27783,88.6,116.0,0.5043794360575564,38.43568330448493,43.536583467266674,-5.100900162781741,-0.4423753939252013
2023-09-13,2.0,Yoga,35.1,16.0,0.0,78.5,102.0,0.5229763603684907,37.907809517525976,39.870855642399704,-1.9630461248737276,-0.17261580571906074
2023-09-14,4.0,Pilates + Yoga + Walk,88.78333333333333,66.0,1.00274,85.5,119.0,0.6678545202523624,38.56877137782249,43.349222217014145,-4.780450839191651,-0.41315384341751576
2023-09-15,2.0,Yoga + Run,64.98333333333333,85.0,4.00995,105.0,150.0,0.8858987637682214,39.66121987396642,48.8938612325237,-9.23264135855728,-0.7759587650855875
2023-09-16,1.0,Run,63.516666666666666,95.0,5.41803,126.0,149.0,0.947313177690228,40.96324803305435,55.03160725965972,-14.068359226605374,-1.1447952251616078
2023-09-17,1.0,Run,32.666666666666664,45.0,3.00198,122.0,147.0,0.9091372900969897,41.05822599823982,53.696178632372494,-12.637952634132674,-1.0260187272155457
2023-09-18,1.0,Yoga,10.083333333333334,1.0,0.0,70.0,78.0,0.24393468845452249,40.11572350479798,46.68115265769146,-6.565429152893486,-0.5455407987434353
2023-09-19,0.0,-,0.0,0.0,0.0,,,0.0,39.17186819200512,40.46685957381718,-1.2949913818120606,-0.11019739774000746
2023-09-20,4.0,Yoga + Walk + Workout,35.766666666666666,2.0,0.37849,67.25,88.0,0.18316875326179907,38.29727682946211,35.346070437335804,2.951206392126309,0.25686825421626713
2023-09-21,1.0,Run,30.616666666666667,53.0,2.9987600000000003,129.0,156.0,1.0191417824727378,38.64320710728385,37.69619861838002,0.9470084889038262,0.08168822412303738
2023-09-22,1.0,Run,56.96666666666667,92.0,4.99847,129.0,148.0,0.9843717347183158,39.898602449695034,44.92523470985027,-5.026632260155239,-0.41995057065744923
2023-09-23,0.0,-,0.0,0.0,0.0,,,0.0,38.95985562912104,38.94469311105896,0.015162518062076913,0.0012972770575620835
2023-09-24,2.0,Yoga + Run,24.833333333333332,32.0,2.01435,95.0,166.0,0.8792919665367741,38.79610196502392,38.02020097852434,0.775900986499579,0.06666485782507063
2023-09-25,2.0,Yoga + Run,30.78333333333333,44.0,2.10043,106.0,154.0,0.9260706939305506,38.91854090862062,38.81624438333499,0.10229652528563093,0.008761593051995416
2023-09-26,2.0,Yoga + Walk,24.983333333333334,6.0,1.1873099999999999,77.5,101.0,0.3795998736073224,38.144023163171646,34.44767700871413,3.6963461544575154,0.3230166308227258
2023-09-27,3.0,Walk,41.58333333333333,15.0,3.6570799999999997,90.0,111.0,0.4652234578473693,37.5994833340608,31.858761400334,5.7407219337268,0.5089362427955109
2023-09-28,0.0,-,0.0,0.0,0.0,,,0.0,36.71483090846326,27.61765617136369,9.097174737099571,0.8259309668600934
2023-09-29,3.0,Walk + Run,74.58333333333333,66.0,6.31531,108.0,144.0,0.7286629678187242,37.40386154329098,32.72719439434241,4.676667148948567,0.4167722222597992
2023-09-30,0.0,-,0.0,0.0,0.0,,,0.0,36.52381176848432,28.370481541283468,8.153330227200854,0.7441109267640572
2023-10-01,1.0,Run,51.86666666666667,83.0,5.0093000000000005,129.0,150.0,0.9798746050619151,37.617318088404744,35.64287777414404,1.974440314260704,0.1749584512839323
2023-10-02,2.0,Yoga + Run,39.71666666666667,50.0,3.19823,100.5,141.0,0.8691089682296201,37.90866170850636,37.55412803839333,0.35453367011302817,0.031174376702187305
2023-10-03,3.0,Walk + Yoga,66.35,18.0,1.91883,76.66666666666667,116.0,0.4034515740082149,37.44024447749414,34.951041445368546,2.4892030321255945,0.2216156319547085
2023-10-04,3.0,Walk + Yoga,67.76666666666667,26.0,3.87412,86.33333333333333,116.0,0.4797933642781154,37.17107482065271,33.75946000873792,3.411614811914795,0.305938136788309
2023-10-05,4.0,Walk + Yoga,60.75,21.0,3.5658700000000003,87.5,109.0,0.4554200340426488,36.79059670510238,32.06089389432116,4.72970281078122,0.428524608130395
2023-10-06,4.0,Yoga + WeightTraining + Run,38.166666666666664,41.0,1.29963,97.75,146.0,0.8028334103138441,36.88963686483181,33.2508864734651,3.638750391366706,0.32879607938850486
2023-10-07,2.0,Yoga + Run,35.0,42.0,2.03948,105.5,155.0,0.848528137423857,37.00987508999687,34.415586841441524,2.594288248555344,0.23365730022476583
2023-10-08,2.0,Yoga + Run,31.666666666666668,27.0,2.01083,96.5,143.0,0.7152474728151237,36.774359612307514,33.42840834652391,3.3459512657836044,0.3032866106582763
2023-10-09,2.0,Yoga + Run,29.866666666666667,34.0,2.00943,100.0,147.0,0.8264597475290096,36.70908361000978,33.504499827919915,3.2045837820898626,0.2909891746081835
2023-10-10,3.0,Yoga,40.35,8.0,0.0,68.66666666666667,94.0,0.34490449084738145,36.03360729490652,30.109287245006083,5.924320049900434,0.5480365409449175
2023-10-11,7.0,Yoga + Walk,95.1,25.0,4.5347800000000005,79.42857142857143,111.0,0.3971507353947688,35.77400512511586,29.429128196171263,6.3448769289446005,0.5911999422256519
2023-10-12,5.0,Walk + Yoga,83.3,32.0,3.26548,82.6,111.0,0.4800960288096034,35.685209149956094,29.771368050169983,5.9138410997861115,0.552408242392996
2023-10-13,3.0,Run + Yoga,45.583333333333336,43.0,2.05029,92.66666666666667,158.0,0.7523272849583951,35.85731384114923,31.532391318763207,4.3249225223860215,0.40204931333728033
2023-10-14,2.0,Yoga,15.866666666666667,3.0,0.0,71.5,98.0,0.3368165348543039,35.08423666532908,27.734099461259763,7.350137204069316,0.6983323473903467
2023-10-15,3.0,Yoga,50.3,22.0,0.0,76.0,106.0,0.5122747771617332,34.77638664515101,26.970764097935515,7.805622547215492,0.7481726635242458
2023-10-16,2.0,Yoga,25.183333333333334,8.0,0.0,75.5,87.0,0.43658017610222905,34.146383429843205,24.445336137874488,9.701047291968717,0.9470058336632132
2023-10-17,5.0,Yoga + Walk,65.71666666666667,21.0,1.89531,79.6,112.0,0.4378723371218324,33.837071201116096,23.986685755134037,9.85038544598206,0.9703741189098689
2023-10-18,5.0,Walk + Yoga + Run,87.7,55.0,5.72272,97.6,141.0,0.6134189288015872,34.3349992212525,28.115243283118204,6.219755938134298,0.6038305013546669
2023-10-19,3.0,Yoga + Walk,48.91666666666667,13.0,1.35405,83.0,113.0,0.3993179875686937,33.83302267430072,26.103070351482547,7.729952322818175,0.7615786502664237
2023-10-20,0.0,-,0.0,0.0,0.0,,,0.0,33.03698871531802,22.628174803324423,10.408813911993594,1.0502181864179625
2023-10-21,0.0,-,0.0,0.0,0.0,,,0.0,32.25968409275771,19.615864648685854,12.643819444071855,1.3064624158249163
2023-10-22,2.0,Yoga + Run,10.233333333333334,1.0,0.0,74.5,81.0,0.2421402936813785,31.52419645027142,17.137681648686446,14.386514801584973,1.5212140114107078
2023-10-23,1.0,Yoga,15.083333333333334,3.0,0.0,68.0,76.0,0.3454519019698482,30.853070218196464,15.255643774949991,15.597426443246473,1.685129587097781
2023-10-24,3.0,Walk + Yoga,36.8,10.0,1.54853,79.0,103.0,0.4037864265436241,30.362432647839963,14.556001437463765,15.806431210376198,1.7353057525295377
2023-10-25,5.0,Walk + Yoga,76.25,40.0,5.02513,91.4,129.0,0.5610294986546214,30.589188352411696,17.943159964861948,12.646028387549748,1.3780499002738569
2023-10-26,3.0,Walk + Yoga,48.36666666666667,24.0,2.9766100000000004,92.0,132.0,0.5456424712294424,30.434155864148764,18.74945923121671,11.684696632932052,1.279778842899396
2023-10-27,1.0,Yoga,5.083333333333333,2.0,0.0,79.0,87.0,0.48586579810734964,29.765148135198118,16.519736040308437,13.24541209488968,1.4833245058646976
2023-10-28,3.0,Yoga + WeightTraining,23.983333333333334,18.0,0.0,93.0,131.0,0.6710534383822928,29.4883340432904,16.71679188754669,12.77154215574371,1.4436830213370055
2023-10-29,3.0,Walk + Yoga + Run,68.28333333333333,96.0,5.43197,99.66666666666667,147.0,0.9184465453290137,31.053241361201188,27.271139066019916,3.7821022951812715,0.40598040970872035
2023-10-30,1.0,Walk,20.783333333333335,4.0,1.8703800000000002,82.0,98.0,0.3398192830731594,30.416724221382353,24.17323615834575,6.2434880630366045,0.6842165752404897
2023-10-31,4.0,Walk + Yoga,36.916666666666664,15.0,1.3908,87.0,116.0,0.4937533038435626,30.05399470310572,22.952075694859186,7.101919008246533,0.787684419148961
2023-11-01,3.0,Walk + Yoga,34.65,17.0,1.22547,86.0,124.0,0.5425608669746597,29.74685622529109,22.159722877513634,7.587133347777456,0.8501888166282702
2023-11-02,3.0,Walk + Yoga,37.66666666666667,13.0,1.9849200000000002,88.66666666666667,111.0,0.45506004660670785,29.35283094443261,20.940361330352708,8.412469614079903,0.9553274583072208
2023-11-03,3.0,Yoga + Run,50.56666666666667,76.0,3.4726,96.0,151.0,0.9496208867801386,30.45036015475778,28.27001606905227,2.18034408570551,0.23867742719892895
2023-11-04,2.0,Yoga + Run,33.016666666666666,38.0,2.16395,99.0,147.0,0.8309995927009574,30.62799044669935,29.565291965337018,1.0626984813623324,0.115656568372396
2023-11-05,0.0,-,0.0,0.0,0.0,,,0.0,29.90736549025731,25.629498204412272,4.277867285845037,0.4767908301427848
2023-11-06,5.0,Yoga + WeightTraining + VirtualRun + Run,70.28333333333333,48.0,2.75061,88.6,138.0,0.6401327820521409,30.333054664288973,28.607506387083244,1.7255482772057285,0.18962243184354835
2023-11-07,5.0,Walk + Yoga,59.233333333333334,22.0,2.7067699999999997,86.4,110.0,0.47206725768623636,30.136991943003597,27.727901259420634,2.4090906835829635,0.2664599802726542
2023-11-08,6.0,Walk + Yoga,92.76666666666667,43.0,5.69145,90.0,132.0,0.527368125484674,30.439636827163326,29.760955118989166,0.6786817081741603,0.07431995241683559
2023-11-09,2.0,Walk + Yoga,28.96666666666667,7.0,1.59632,81.0,113.0,0.3807811001875868,29.88814170713621,26.730968969857475,3.157172737278735,0.35210985103666453
2023-11-10,2.0,Yoga,30.166666666666668,8.0,0.0,75.0,89.0,0.3988934971887202,29.373150650450608,24.23746304087587,5.135687609574738,0.5828097537885281
2023-11-11,0.0,-,0.0,0.0,0.0,,,0.0,28.68204995793594,21.010921056147122,7.671128901788819,0.8915133231456632
2023-11-12,2.0,Yoga,20.166666666666664,3.0,0.0,69.5,98.0,0.2987577586391815,28.077794639112884,18.613269417719142,9.464525221393743,1.1236073847729582
2023-11-13,6.0,Yoga + Walk,71.03333333333333,43.0,2.76958,86.83333333333333,133.0,0.6026688648634,28.42888896268341,21.859682211058846,6.569206751624563,0.770250144755627
2023-11-14,5.0,Walk + Yoga,86.96666666666667,29.0,3.1965500000000002,85.6,112.0,0.44729929322911477,28.442326242125755,22.810216311573832,5.632109930551923,0.6600620360194308
2023-11-15,6.0,Walk + Yoga,126.3,68.0,3.41398,88.83333333333333,125.0,0.5683664135463196,29.373051585609353,28.82597522601211,0.547076359597245,0.06208370485474429
2023-11-16,4.0,Yoga + Walk,59.65,25.0,1.56543,88.75,130.0,0.5014647447157091,29.27016105761723,28.3166533684216,0.9535076891956287,0.10858699949511541
2023-11-17,0.0,-,0.0,0.0,0.0,,,0.0,28.581483536514305,24.54708099997122,4.034402536543084,0.47051471061546174
2023-11-18,1.0,Yoga,15.1,0.0,0.0,71.0,86.0,0.0,27.909009435923448,21.27932202225264,6.629687413670808,0.7918216551650307
2023-11-19,1.0,Pilates,26.833333333333332,25.0,0.0,88.0,103.0,0.7476671794188403,27.84056535038346,21.774626489003616,6.065938861379845,0.7262710347338902
2023-11-20,3.0,Yoga + Run,44.9,18.0,1.0092,86.33333333333333,139.0,0.4904431885123181,27.60903344530056,21.272140283128856,6.336893162171705,0.7650748530943027
2023-11-21,1.0,Walk,0.05,0.0,0.00234,95.0,95.0,0.0,26.959439455170834,18.440348291829977,8.519091163340857,1.053321994757683
2023-11-22,4.0,Yoga + Walk,65.91666666666667,18.0,2.36903,82.5,112.0,0.4047755383043892,26.74863895624932,18.381728202380152,8.366910753869167,1.042658752040216
2023-11-23,4.0,Walk + Yoga,51.1,22.0,2.3435699999999997,87.25,114.0,0.5082489797730174,26.636911490911324,18.863400143353992,7.773511347557331,0.9727743586451081
2023-11-24,4.0,Yoga + Walk + Run,43.13333333333333,55.0,3.21863,107.5,155.0,0.8746825434278623,27.30424712486332,23.673980212157996,3.6302669127053235,0.44318708564568493
2023-11-25,2.0,Yoga + Run,35.18333333333334,38.0,2.00399,102.0,149.0,0.8050056565380558,27.555900149999704,25.581090054535984,1.9748100954637202,0.2388853306326294
2023-11-26,0.0,-,0.0,0.0,0.0,,,0.0,26.907556296691016,22.17568161979641,4.731874676894606,0.5861890769912976
2023-11-27,3.0,Yoga + Run,52.483333333333334,34.0,2.24636,89.33333333333333,146.0,0.6234539467784068,27.074429534543796,23.74975971659164,3.324669817952156,0.40932469924685055
2023-11-28,4.0,Walk + Yoga,55.58333333333333,23.0,3.4754300000000002,83.25,119.0,0.4982728791224398,26.978565079741692,23.649950128436252,3.3286149513054397,0.41126661622747673
2023-11-29,2.0,Yoga + Walk,31.03333333333333,6.0,0.77906,78.5,107.0,0.34059403467386845,26.48497482695922,21.30035169803427,5.184623128924951,0.6525238256532141
2023-11-30,5.0,Walk + Yoga,49.3,21.0,3.22847,88.2,131.0,0.5055473205411023,26.355922620525966,21.26036824917835,5.0955543713476175,0.644454056205088
2023-12-01,3.0,Walk + Yoga,75.25,18.0,4.01096,78.33333333333333,122.0,0.3788424404477215,26.159321854800623,20.826341180259902,5.332980674540721,0.6795513410913135
2023-12-02,1.0,Pilates,11.516666666666667,7.0,0.0,83.0,99.0,0.6038947397762111,25.70853532667035,18.98574960357315,6.7227857230972,0.8716671509640483
2023-12-03,0.0,-,0.0,0.0,0.0,,,0.0,25.10365685179258,16.458326741528335,8.645330110264243,1.1479509620589938
2023-12-04,2.0,Yoga + WeightTraining,12.55,4.0,0.0,79.0,100.0,0.4373043102474022,24.607123400600067,14.799848120097607,9.80727528050246,1.3285143927419678
2023-12-05,2.0,Yoga + Walk,21.25,2.0,0.88847,68.5,85.0,0.23763541031440183,24.075215917339346,13.095905455471524,10.979310461867822,1.5201401169241924
2023-12-06,3.0,Walk + Yoga,28.016666666666666,10.0,1.01232,88.33333333333333,119.0,0.46277234051244576,23.74404982679885,12.683772019064284,11.060277807734566,1.552708698026642
2023-12-07,4.0,Walk,35.75,14.0,2.7934799999999997,88.0,111.0,0.4847319207201388,23.51478876919777,12.858991052294025,10.655797716903747,1.5105100909747302
2023-12-08,0.0,-,0.0,0.0,0.0,,,0.0,22.961525450729777,11.147175156319022,11.814350294410755,1.715093700222091
2023-12-09,1.0,Yoga,10.066666666666666,5.0,0.0,79.0,99.0,0.5459058939351292,22.5389210517213,10.328850288906327,12.210070762814972,1.8057756971885586
2023-12-10,1.0,Yoga,10.066666666666666,9.0,0.0,87.0,102.0,0.7324096128940435,22.22037307482586,10.151950947529539,12.068422127296323,1.8104139665967185
2023-12-11,3.0,Yoga + WeightTraining,32.6,9.0,0.0,80.33333333333333,119.0,0.4069940684815211,21.909319994547115,9.998600818009638,11.910719176537476,1.81212366540843
2023-12-12,2.0,Walk,28.9,17.0,2.61619,97.5,121.0,0.5940885257860046,21.793811975391,10.930641781803555,10.863170193587447,1.6615068237188693
2023-12-13,3.0,Yoga + Walk,20.71666666666667,6.0,0.42213,75.33333333333333,92.0,0.4168610434249546,21.422210218278448,10.274264392230359,11.147945826048089,1.7346398453532947
2023-12-14,4.0,Yoga + Walk,42.28333333333333,58.0,1.42734,95.0,122.0,0.9072041193417122,22.282823917831166,16.627614552304195,5.6552093655269715,0.8459743681771499
2023-12-15,2.0,Yoga,20.15,20.0,0.0,93.0,115.0,0.7717081694263093,22.229112921374682,17.076553585953384,5.152559335421298,0.7726443176336845
2023-12-16,1.0,Yoga,27.133333333333333,23.0,0.0,86.0,108.0,0.7131616286645747,22.247250594116313,17.865095213308525,4.382155380807788,0.6565838120489262
2023-12-17,4.0,Walk + Yoga,26.15,12.0,1.35928,87.5,120.0,0.5247233633359514,22.00615007118496,17.084321420347738,4.92182865083722,0.7455232037280805
2023-12-18,2.0,Yoga,24.51666666666667,3.0,0.0,69.5,85.0,0.27096022319905977,21.55896741677563,15.209386972277542,6.349580444498088,0.9817384914204044
2023-12-19,9.0,Walk + Yoga,74.28333333333333,21.0,3.77964,79.11111111111111,119.0,0.4118504840110863,21.545815856242548,15.980245540261915,5.565570315980633,0.861044259221851
2023-12-20,6.0,Walk + Yoga,53.233333333333334,23.0,3.03911,86.66666666666667,119.0,0.5091523029770171,21.58003035644221,16.914729997180277,4.665300359261934,0.7206199871214451
2023-12-21,3.0,Workout + Yoga + Walk,30.933333333333334,28.0,1.02001,95.66666666666667,133.0,0.7369555266607762,21.731081413898927,18.39042442179195,3.340656992106979,0.5124237995768182
2023-12-22,4.0,Yoga + Walk,33.45,22.0,0.7551599999999999,90.5,117.0,0.6281869419852003,21.73740861465775,18.870938703773454,2.8664699108842946,0.43956020114121086
2023-12-23,2.0,Yoga + Run,32.833333333333336,18.0,2.03725,89.0,130.0,0.5735276890894495,21.649473693663474,18.754997514338278,2.8944761793251956,0.4456576666761145
2023-12-24,3.0,Yoga,36.25,10.0,0.0,76.66666666666667,97.0,0.4068381021724862,21.37538122626251,17.58951385754763,3.7858673687148787,0.5903781440029454
2023-12-25,0.0,-,0.0,0.0,0.0,,,0.0,20.87245455884325,15.247960830457604,5.624493728385644,0.8982322790593336
2023-12-26,2.0,Yoga + Run,33.333333333333336,19.0,2.4437399999999996,90.5,120.0,0.5848076606885378,20.828398861253348,15.747440164926672,5.080958696326675,0.8131459888288518
2023-12-27,1.0,Yoga,10.083333333333334,1.0,0.0,64.0,73.0,0.24393468845452249,20.361870079661475,13.784229956863104,6.577640122798371,1.0767904416547134
2023-12-28,4.0,Yoga + Walk + Run,45.3,33.0,2.50554,93.5,142.0,0.6611248692306407,20.65922396055686,16.34227362292303,4.3169503376338305,0.6965331556622305
2023-12-29,2.0,Yoga,10.116666666666667,6.0,0.0,79.5,98.0,0.596530330264828,20.314317145777935,14.965488436881218,5.348828708896717,0.8776779894549069
2023-12-30,5.0,Workout + Walk + Yoga + Run,46.2,40.0,2.54942,91.4,147.0,0.7207499701564472,20.777488060436635,18.298135194891955,2.47935286554468,0.3977626904549848
2023-12-31,4.0,Walk + WeightTraining + Transition,56.53333333333334,53.0,2.20203,90.0,142.0,0.75,21.535629418202515,22.917720320333192,-1.3820909021306775,-0.21392314960040062
2024-01-01,3.0,Yoga + Transition + Walk,18.299999999999997,19.0,0.28816,99.0,122.0,0.7892723355548016,21.475970334717257,22.396185163099048,-0.9202148283817912,-0.1428285992886673
2024-01-02,1.0,Yoga,19.45,14.0,0.0,82.0,105.0,0.6571731938262582,21.300073362103497,21.27846736010094,0.02160600200255658,0.003381209325002824
2024-01-03,3.0,Walk + Yoga + Workout,33.050000000000004,15.0,1.0825799999999999,86.33333333333333,117.0,0.5218377858446527,21.15184326192607,20.44266459877437,0.7091786631517003,0.11175994677624501
2024-01-04,5.0,Yoga + Pilates + Walk + WeightTraining,64.46666666666667,32.0,1.00402,76.8,108.0,0.5457365069856303,21.407082092905053,21.981201360677105,-0.5741192677720512,-0.08939709224583073
2024-01-05,1.0,Walk,30.333333333333332,5.0,1.8493,77.0,96.0,0.3144854510165755,21.021051124300815,19.720628170778692,1.3004229535221228,0.20620963018333627
2024-01-06,4.0,Walk + Yoga + WeightTraining,45.150000000000006,35.0,1.17231,88.5,144.0,0.6819943394704735,21.349952213720538,21.754650239182542,-0.40469802546200384,-0.06318484485130367
2024-01-07,3.0,WeightTraining + Yoga + Workout,43.85,22.0,0.0,78.33333333333333,119.0,0.548658569394181,21.365246741727137,21.78731171463835,-0.4220649729112118,-0.065849145579474
2024-01-08,1.0,Yoga,15.016666666666667,2.0,0.0,67.0,81.0,0.2826857084589273,20.909615148331156,19.153183220887854,1.7564319274433018,0.28000386663955196
2024-01-09,5.0,Walk + Run + Yoga,81.98333333333333,33.0,4.5943000000000005,88.6,116.0,0.4914392155100841,21.194081511616194,20.99650055229769,0.19758095931850406,0.031074863865526575
2024-01-10,3.0,Yoga + Walk,36.983333333333334,11.0,0.9612999999999999,80.66666666666667,117.0,0.4224438012440872,20.954231967518314,19.66574540362735,1.288486563890963,0.20496839109291123
2024-01-11,5.0,Yoga + Walk,65.45,26.0,3.2134300000000002,86.4,114.0,0.4882109025909898,21.072950378866636,20.50897467901354,0.5639756998530956,0.08921005201984565
2024-01-12,1.0,Yoga,10.016666666666667,6.0,0.0,80.0,110.0,0.5995006241332085,20.718309279277474,18.577509497271826,2.1407997820056472,0.34442961426826507
2024-01-13,4.0,Walk + Yoga + WeightTraining,35.56666666666667,31.0,0.64937,95.75,150.0,0.7231608220222983,20.960220120299354,20.231217523328425,0.7290025969709291,0.11593430997494018
2024-01-14,2.0,WeightTraining + Yoga,15.316666666666666,15.0,0.0,90.5,119.0,0.7665475929041587,20.81998619368735,19.534826859759292,1.285159333928057,0.20575731446573825
2024-01-15,2.0,Yoga + Walk,28.450000000000003,16.0,1.13337,91.0,118.0,0.5808907770857953,20.70658004819041,19.064263284168664,1.6423167640217464,0.26437920702816586
2024-01-16,5.0,Walk + Yoga,50.550000000000004,23.0,2.0508,89.6,116.0,0.5224911794862661,20.760540351454583,19.588196821810456,1.1723435296441274,0.18823266154566273
2024-01-17,6.0,Yoga + Walk,59.75,26.0,3.0661300000000002,85.66666666666667,119.0,0.5109675783342683,20.883815999838486,20.441749527279512,0.4420664725589738,0.07055965770534031
2024-01-18,3.0,Walk + Yoga,51.1,33.0,2.40824,98.0,131.0,0.6224753313670106,21.168889373573364,22.11353020567134,-0.9446408320979742,-0.14874671590427363
2024-01-19,3.0,Yoga + WeightTraining + Walk,37.03333333333333,15.0,1.1361199999999998,83.66666666666667,123.0,0.49297495111845496,21.023745811384284,21.166562124501848,-0.1428163131175637,-0.022643651675086557
2024-01-20,2.0,Yoga + Walk,22.533333333333335,3.0,0.061880000000000004,72.0,88.0,0.28263343185959744,20.59967747223372,18.74819122016936,1.8514862520643582,0.29959793538191304
2024-01-21,1.0,Workout,5.75,3.0,0.0,81.0,94.0,0.5595028849441882,20.18558674584755,16.651758929804664,3.533827816042887,0.5835562870571239
2024-01-22,2.0,Yoga + WeightTraining,28.533333333333335,11.0,0.0,75.5,117.0,0.48094533079649837,19.96946538260825,15.899384910963402,4.070080471644847,0.6793839817714149
2024-01-23,6.0,Walk + Yoga,74.01666666666667,30.0,3.3710500000000003,85.33333333333333,124.0,0.4931414310976877,20.20546694413176,17.776488406430232,2.4289785377015285,0.40071309156372864
2024-01-24,6.0,Walk + Yoga,62.016666666666666,11.0,3.18408,72.0,103.0,0.32622538921528527,19.98887783335781,16.874388037447694,3.114489795910117,0.5193704588913272
2024-01-25,6.0,Walk + Yoga + Run,48.8,18.0,1.888,85.16666666666667,114.0,0.470437536140385,19.942082892484162,17.02423186596898,2.9178510265151836,0.4877208735327029
2024-01-26,1.0,Walk,10.783333333333333,6.0,0.82588,101.0,115.0,0.5777962717815844,19.614049197469395,15.556662966330213,4.057386231139182,0.6895374144472364
2024-01-27,0.0,-,0.0,0.0,0.0,,,0.0,19.15256370193302,13.485727319373765,5.666836382559254,0.9862624608644107
2024-01-28,1.0,Yoga,15.016666666666667,14.0,0.0,89.0,98.0,0.7479160837744295,19.031332568609663,13.554188378719834,5.477144189889829,0.9593204907651163
2024-01-29,3.0,Yoga + Run,28.983333333333334,15.0,1.22137,95.66666666666667,142.0,0.5572461657532455,18.9364821127264,13.746657858310243,5.1898242544161555,0.9135495219442575
2024-01-30,1.0,Yoga,15.016666666666667,2.0,0.0,66.0,76.0,0.2826857084589273,18.537995254569495,12.18291809329595,6.355077161273545,1.1427120487775972
2024-01-31,4.0,Walk + Yoga + Run,60.6,22.0,1.94481,84.5,114.0,0.4667138118571357,18.619450387031407,13.489788655040885,5.129661731990522,0.9183338973248053
2024-02-01,1.0,Yoga,15.016666666666667,2.0,0.0,69.0,87.0,0.2826857084589273,18.228422750657835,11.960243857855305,6.2681788928025295,1.146228059798595
2024-02-02,2.0,Yoga + Walk,40.916666666666664,9.0,2.00788,80.0,101.0,0.3632844066037881,18.01129352847479,11.56616997824598,6.445123550228811,1.1927930180841724
2024-02-03,0.0,-,0.0,0.0,0.0,,,0.0,17.587518170538413,10.026457138895479,7.561061031642934,1.4330354361403084
2024-02-04,0.0,-,0.0,0.0,0.0,,,0.0,17.17371353201262,8.691714106500928,8.481999425511692,1.646314372582812
2024-02-05,4.0,Yoga + Run + Walk,65.73333333333333,51.0,4.05604,93.75,142.0,0.682288239221013,17.96958899942241,14.32388198261329,3.6457070168091192,0.6762734931270645
2024-02-06,5.0,Walk + Yoga,46.333333333333336,13.0,1.8597199999999998,71.8,103.0,0.41029906622000395,17.852662952234436,14.147644032604916,3.70501891962952,0.6917770810144601
2024-02-07,4.0,Workout + Yoga + Walk,37.4,7.0,0.44854,69.0,90.0,0.33511112371964275,17.597318097636673,13.196134647146469,4.401183450490205,0.8336845092096327
2024-02-08,4.0,Yoga + Run + Walk,44.78333333333334,18.0,1.21449,83.0,113.0,0.49108160855378125,17.60679252361495,13.835635292235665,3.7711572313792843,0.7139587797003636
2024-02-09,1.0,Yoga,10.016666666666667,6.0,0.0,83.0,99.0,0.5995006241332085,17.333704272156936,12.792539065341654,4.541165206815283,0.8732823127925287
2024-02-10,4.0,Walk + Workout,95.14999999999999,37.0,5.33185,90.75,122.0,0.48302776020726396,17.796419040431278,16.015087106678806,1.7813319337524725,0.33364988198009665
2024-02-11,1.0,Workout,5.45,5.0,0.0,97.0,111.0,0.7419290502442468,17.49534088351881,14.548735576603029,2.9466053069157816,0.561407620183722
2024-02-12,1.0,Yoga,10.016666666666667,1.0,0.0,63.0,78.0,0.24474510493440124,17.107233334433317,12.7450994409162,4.362133893517118,0.8499589634085847
2024-02-13,2.0,Walk + Yoga,18.05,3.0,0.18331,80.5,102.0,0.3157894736842105,16.775313928070855,11.447811336198104,5.327502591872751,1.0585996809987188
2024-02-14,6.0,Walk + Yoga,64.65,22.0,3.32434,86.0,116.0,0.4518587545978594,16.898241979114864,12.852540853355737,4.045701125759127,0.7980516811076861
2024-02-15,5.0,Walk + Yoga,83.8,27.0,3.60393,82.4,106.0,0.43967877187142834,17.135919307193465,14.735880328155524,2.400038979037941,0.4668631887621054
2024-02-16,2.0,Yoga + Walk,35.65,11.0,2.05583,81.0,109.0,0.43027112363217807,16.991551475057264,14.23855209258948,2.7529993824677845,0.5400722012758415
2024-02-17,2.0,Yoga + Walk,19.35,11.0,0.05483,93.5,118.0,0.5840250605220888,16.8505803745129,13.807429236255523,3.043151138257379,0.6019874035239468
2024-02-18,0.0,-,0.0,0.0,0.0,,,0.0,16.454114639369802,11.969355257274442,4.48475938209536,0.9085385794352546
2024-02-19,0.0,-,0.0,0.0,0.0,,,0.0,16.0669770742748,10.375969546789863,5.6910075274849365,1.1806841451208512
2024-02-20,8.0,Workout + Walk + Yoga,53.95,14.0,0.67734,74.125,93.0,0.39458804082838367,16.018344589988633,10.858408092090498,5.159936497898135,1.0737556699258974
2024-02-21,2.0,Yoga + Walk,20.833333333333336,4.0,0.40411,79.0,103.0,0.3394112549695428,15.735573212554064,9.945402402501061,5.790170810053002,1.2265564848597363
2024-02-22,2.0,Walk + Yoga,27.583333333333336,11.0,0.88367,85.5,124.0,0.48915736166524065,15.624153162127849,10.085792649598531,5.538360512529318,1.1815809482193296
2024-02-23,3.0,Yoga + Walk,15.716666666666669,3.0,0.30499999999999994,79.33333333333333,94.0,0.33842000798232535,15.327128130779231,9.142517050149248,6.184611080629983,1.3450249839934316
2024-02-24,0.0,-,0.0,0.0,0.0,,,0.0,14.96650665739704,7.925445978863606,7.041060678533435,1.5681817273089718
2024-02-25,4.0,Walk + Run,99.73333333333333,130.0,7.759219999999999,107.25,161.0,0.8843560151304034,17.673050734248893,24.176266997217198,-6.503216262968305,-1.2265786970904078
2024-02-26,1.0,Yoga,10.016666666666667,1.0,0.0,62.0,75.0,0.24474510493440124,17.28076197211044,21.090993658597093,-3.8102316864866523,-0.734965987540753
2024-02-27,6.0,Walk + Yoga,64.2,24.0,2.47271,82.0,111.0,0.47360222277831504,17.43885430988879,21.47824669240469,-4.039392382515899,-0.7721058411169709
2024-02-28,2.0,Yoga + Walk,10.133333333333333,8.0,0.03301,97.0,126.0,0.6882472016116853,17.216773988041904,19.68399418502661,-2.467220196984705,-0.47767760260978426
2024-02-29,7.0,Yoga + Walk + Workout,58.86666666666667,21.0,1.60048,79.0,99.0,0.4626478521592722,17.305786915116638,19.85918364305684,-2.5533967279402034,-0.49181943983331317
2024-03-01,7.0,Walk + Yoga + Workout,65.45,26.0,1.80516,84.57142857142857,115.0,0.4882109025909898,17.51034708488994,20.676662013741556,-3.166314928851616,-0.6027512216065471
2024-03-02,2.0,Yoga + WeightTraining,12.966666666666667,14.0,0.0,80.5,102.0,0.8048694987547403,17.427754538717267,19.787850743814097,-2.3600962050968306,-0.45140567781383284
2024-03-03,2.0,Workout,9.966666666666667,6.0,0.0,84.0,109.0,0.60100250696476,17.15887874906908,17.95238309486654,-0.7935043457974622,-0.15414844551745788
2024-03-04,2.0,Yoga,22.21666666666667,8.0,0.0,74.5,95.0,0.4648161071901186,16.943385779946873,16.627500954787116,0.31588482515975613,0.06214515982073618
2024-03-05,4.0,Walk + Yoga,30.700000000000003,10.0,0.7367900000000001,76.75,104.0,0.44208566976738883,16.78001962362192,15.74523410827818,1.0347855153437422,0.2055590594357892
2024-03-06,6.0,Workout + Walk + Yoga,52.81666666666666,12.0,2.5928,83.33333333333333,110.0,0.36921620477622513,16.667553824108918,15.246660677856932,1.420893146251986,0.2841635033843866
2024-03-07,4.0,Walk + Yoga + Pilates,63.56666666666667,24.0,2.88693,82.0,118.0,0.4759556941126548,16.84007391534084,16.41192359261994,0.4281503227209029,0.0847483063065952
2024-03-08,2.0,Yoga + Walk,15.966666666666669,18.0,0.07171,101.5,123.0,0.8224409922929169,16.86736501972094,16.623331659327558,0.24403336039338086,0.04822594007383738
2024-03-09,0.0,-,0.0,0.0,0.0,,,0.0,16.470504370185953,14.410398835688575,2.060105534497378,0.41692824299630504
2024-03-10,0.0,-,0.0,0.0,0.0,,,0.0,16.08298118236862,12.492056277244174,3.590924905124446,0.7442494365951443
2024-03-11,2.0,Yoga + Workout,14.0,4.0,0.0,74.0,104.0,0.4140393356054125,15.798689014934803,11.361575910177775,4.437113104757028,0.9361774892761757
2024-03-12,1.0,Walk,20.55,17.0,1.4420899999999999,110.0,126.0,0.704521372964301,15.82695383621952,12.11217476711408,3.7147790691054396,0.7823739820786564
2024-03-13,9.0,Walk + Yoga + Workout,65.05,38.0,2.87488,85.66666666666667,119.0,0.5920300800468216,16.348648214235222,15.558416433016099,0.7902317812191235,0.16112071792599275
2024-03-14,7.0,Workout + Yoga + Walk,61.4,18.0,1.75187,81.71428571428571,107.0,0.4193992912157968,16.387501736498074,15.883445165388439,0.5040565711096345,0.10252865857053427
2024-03-15,5.0,Yoga + Workout + Walk + Run,69.58333333333334,97.0,4.429819999999999,104.2,158.0,0.9145529977145898,18.28417785538724,26.68185131000149,-8.39767345461425,-1.5309545263730053
2024-03-16,2.0,Run,65.9,130.0,5.6468,137.0,156.0,1.0879391217458767,20.912662724707953,40.43578025753712,-19.523117532829165,-3.111849471271607
2024-03-17,1.0,Yoga,19.15,20.0,0.0,90.0,108.0,0.7916008171963321,20.89118931014021,37.71532626941,-16.82413695926979,-2.6844070817777164
2024-03-18,0.0,-,0.0,0.0,0.0,,,0.0,20.399654861843924,32.694582824818994,-12.29492796297507,-2.0090091468445777
2024-03-19,0.0,-,0.0,0.0,0.0,,,0.0,19.91968539006837,28.34221129238745,-8.42252590231908,-1.4094141444152215
2024-03-20,2.0,Yoga + Walk,16.183333333333334,5.0,0.36705,78.5,101.0,0.4305530177955471,19.56865035716089,25.234847100669803,-5.6661967435089124,-0.9651826842238752
2024-03-21,0.0,-,0.0,0.0,0.0,,,0.0,19.108233019764917,21.8755312551456,-2.7672982353806823,-0.4827409966022293
2024-03-22,3.0,Yoga + Workout,19.583333333333336,5.0,0.0,71.66666666666667,90.0,0.3913968438320653,18.77629009249272,19.629025091629163,-0.8527349991364446,-0.15138507037968976
2024-03-23,5.0,Run + Workout,52.3,46.0,4.27516,103.2,139.0,0.726446601886174,19.41681806968498,23.13958465706675,-3.72276658738177,-0.639096576658637
2024-03-24,0.0,-,0.0,0.0,0.0,,,0.0,18.959973089925047,20.05919454860955,-1.0992214586845037,-0.19325299205700672
2024-03-25,1.0,Workout,2.033333333333333,1.0,0.0,81.0,97.0,0.5432144762551112,18.537405215348013,17.521994541228757,1.0154106741192557,0.18258770349702597
2024-03-26,4.0,Walk + Yoga,64.18333333333334,22.0,3.7996600000000003,86.25,111.0,0.4534984755290727,18.618874230437616,18.118116032830535,0.5007581976070803,0.0896506400636645
2024-03-27,3.0,Walk + Yoga,44.58333333333333,23.0,2.8300799999999997,92.66666666666667,126.0,0.5563566394682227,18.72195473035981,18.76800267971605,-0.04604794935624312,-0.008198565092773329
2024-03-28,1.0,Walk,26.05,19.0,1.88133,107.0,129.0,0.6615285040058999,18.728496666588764,18.798886650244583,-0.07038998365581861,-0.01252814270305579
2024-03-29,4.0,Yoga + Run + Walk,56.583333333333336,24.0,3.24689,89.75,113.0,0.5044719019457126,18.85252624883101,19.491269783001393,-0.6387435341703842,-0.11293685980324801
2024-03-30,0.0,-,0.0,0.0,0.0,,,0.0,18.408958103851703,16.896551012952425,1.512407090899277,0.27385346531966165
2024-03-31,0.0,-,0.0,0.0,0.0,,,0.0,17.975826369178552,14.647246655130003,3.3285797140485496,0.6172325814472244
2024-04-01,4.0,Yoga + Run + Walk,37.38333333333333,17.0,0.9299499999999999,79.25,111.0,0.5223493688420968,17.952866820591513,14.960450121768883,2.9924166988226304,0.5556061006350249
2024-04-02,1.0,Walk,16.05,4.0,1.19795,85.0,111.0,0.3866945956182654,17.624579397937115,13.50137198187563,4.123207416061485,0.7798214306216937
2024-04-03,3.0,Walk,36.333333333333336,21.0,2.53439,101.33333333333333,124.0,0.5888879272201868,17.703997351542924,14.49960509264048,3.2043922589024447,0.6033274473317704
2024-04-04,2.0,Walk,16.75,3.0,1.3868399999999999,79.5,96.0,0.32781501882489184,17.35803709439124,12.96875351066467,4.38928358372657,0.8428916933134188
2024-04-05,3.0,Yoga + Run,28.53333333333333,22.0,1.21755,92.33333333333333,138.0,0.6801594095724226,17.467254652183065,14.171012011198787,3.2962426409842784,0.6290327638049507
2024-04-06,2.0,Workout,7.35,6.0,0.0,89.5,109.0,0.6998542122237652,17.19744949148798,13.083269731101511,4.1141797603864685,0.7974399076682497
2024-04-07,1.0,Run,10.1,12.0,0.8139500000000001,119.0,142.0,0.8443170536763502,17.075162271243112,12.939062589360223,4.1360996818828895,0.8074300390590611
2024-04-08,1.0,Yoga,20.016666666666666,4.0,0.0,71.0,95.0,0.3462659140948568,16.767525756252535,11.749075803200009,5.018449953052526,0.9976526503284022
2024-04-09,2.0,Run,13.133333333333333,9.0,1.0705,98.0,124.0,0.6412234498911868,16.584768976322657,11.383113058532068,5.201655917790589,1.045468470742998
2024-04-10,2.0,Run,35.55,14.0,2.95054,90.5,110.0,0.4860935299211703,16.52395372191618,11.731478544296603,4.7924751776195755,0.9667732993916548
2024-04-11,1.0,Run,23.916666666666668,9.0,1.89904,93.0,102.0,0.4751673096136092,16.346927781132916,11.367858383692521,4.979069397440394,1.015291571216432
2024-04-12,4.0,Yoga + Pilates + Run,54.916666666666664,92.0,2.26084,117.0,155.0,1.0025763473779439,18.12691697001889,22.10177842329616,-3.9748614532772706,-0.7309316967416493
2024-04-13,1.0,Run,25.066666666666666,62.0,2.4283,146.0,165.0,1.2182128521697222,19.159176615080433,27.4131134758196,-8.253936860739167,-1.4360284589409038
2024-04-14,0.0,-,0.0,0.0,0.0,,,0.0,18.708393504195808,23.763822235531894,-5.055428731336086,-0.9007416430851897
2024-04-15,2.0,Yoga + Walk,39.65,16.0,1.08738,88.5,123.0,0.4920554208628378,18.64466957316006,22.73028591357165,-4.08561634041159,-0.730435102712152
2024-04-16,0.0,-,0.0,0.0,0.0,,,0.0,18.205991945177363,19.70438251347813,-1.498390568300767,-0.2743401866105003
2024-04-17,2.0,Run,43.1,56.0,4.04104,123.0,133.0,0.8829396166156137,19.095221209358872,24.536131343147957,-5.440910133789085,-0.949785651278099
2024-04-18,1.0,Walk,15.033333333333333,5.0,1.23839,90.0,102.0,0.44671751814760485,18.763584428039128,21.935440507991796,-3.1718560799526685,-0.563477284438405
2024-04-19,3.0,Yoga + Run,47.65,56.0,3.4391599999999998,109.0,142.0,0.8397271330154519,19.63969448156351,26.470186211652816,-6.830491730089307,-1.1593004050209532
2024-04-20,2.0,Walk,10.483333333333334,5.0,0.8889,95.5,110.0,0.534947213716119,19.295247162485857,23.6120299304029,-4.316782767917044,-0.7457419836027125
2024-04-21,1.0,Workout,2.0,3.0,0.0,110.0,116.0,0.9486832980505138,18.911847481167747,20.868113215655548,-1.9562657344878005,-0.34480427087408794
2024-04-22,3.0,Yoga + Run,34.11666666666667,24.0,1.26921,90.0,153.0,0.6496776849210065,19.03156312799201,21.28503656213213,-2.2534734341401226,-0.39469054976110857
2024-04-23,1.0,Walk,13.85,6.0,1.00968,95.0,104.0,0.5098311463945049,18.72495242730554,19.250260392585837,-0.5253079652802981,-0.09351300398397297
2024-04-24,1.0,Walk,14.25,1.0,1.2408299999999999,74.0,92.0,0.20519567041703082,18.307914192521814,16.820747399018735,1.4871667935030786,0.2707693838239162
2024-04-25,3.0,Walk + Workout,15.116666666666667,3.0,1.01094,77.0,104.0,0.345070818674619,17.94774479069959,14.980900478239146,2.966844312460445,0.5510152477017326
2024-04-26,5.0,Yoga + Walk + VirtualRun,63.96666666666666,20.0,3.17915,84.6,116.0,0.4331255096841272,17.99603089433358,15.64905354793881,2.3469773463947696,0.4347212931146508
2024-04-27,1.0,Walk,20.983333333333334,18.0,1.55549,110.0,126.0,0.7174219133448732,17.99612428069541,15.962016477212053,2.034107803483355,0.3767677550558964
2024-04-28,1.0,Yoga,10.016666666666667,7.0,0.0,85.0,97.0,0.6475346822568329,17.73740402300833,14.768974021292106,2.968430001716225,0.5578475102417624
2024-04-29,1.0,Yoga,15.016666666666667,3.0,0.0,72.0,83.0,0.34621787165076917,17.390657763222503,13.202263481792151,4.188394281430352,0.8028054178007965
2024-04-30,0.0,-,0.0,0.0,0.0,,,0.0,16.981484918045805,11.4447504390445,5.536734479001305,1.0868178893506841
2024-05-01,0.0,-,0.0,0.0,0.0,,,0.0,16.581939219783816,9.921201223763864,6.660737996019952,1.3389543703213884
2024-05-02,3.0,Yoga + Run,90.01666666666667,141.0,7.154859999999999,116.33333333333333,140.0,0.969446212100443,19.509286339940985,27.370686215079743,-7.861399875138758,-1.3431893813980382
2024-05-03,1.0,Workout,10.95,9.0,0.0,91.0,103.0,0.7022468831767834,19.262020557873555,24.92514188309794,-5.663121325224385,-0.9800151041976268
2024-05-04,2.0,Run,119.33333333333333,134.0,9.99712,117.0,137.0,0.8208185041528832,21.961611691076378,39.4454160800709,-17.48380438899452,-2.653691759197965
2024-05-05,0.0,-,0.0,0.0,0.0,,,0.0,21.444892009586976,34.1943594462639,-12.749467436676927,-1.9817411423626747
2024-05-06,1.0,Walk,5.266666666666667,3.0,0.2857,93.0,102.0,0.5846128222154678,21.010914810719882,30.041700800829492,-9.03078599010961,-1.4327134367168781
2024-05-07,3.0,Workout,9.783333333333333,5.0,0.0,78.0,107.0,0.553754415151545,20.634204990069026,26.70809699639551,-6.073892006326485,-0.981201199537333
2024-05-08,2.0,Workout,65.76666666666667,124.0,0.0,113.0,155.0,1.0636127934327304,23.066227804502674,39.659799461536956,-16.593571657034282,-2.397960602498271
2024-05-09,2.0,Yoga,25.033333333333335,38.0,0.0,88.0,122.0,0.9543508889158295,23.417594276182353,39.43884347122364,-16.02124919504129,-2.2805145291029083
2024-05-10,2.0,Workout + Yoga,14.0,3.0,0.0,87.5,98.0,0.3585685828003181,22.937202720244972,34.588028097659965,-11.650825377414993,-1.6931482476328976
2024-05-11,1.0,Yoga,10.016666666666667,1.0,0.0,67.0,79.0,0.24474510493440124,22.421057340669787,30.116719254049556,-7.6956619133797695,-1.1441122507368002
2024-05-12,0.0,-,0.0,0.0,0.0,,,0.0,21.893527677970486,26.107518334316335,-4.21399065634585,-0.6415884971925614
2024-05-13,6.0,Yoga + Workout + Walk + Run,39.55,40.0,2.04781,104.66666666666667,146.0,0.7789908866713828,22.31954243238568,27.95691467133424,-5.637372238948558,-0.8419187289981842
2024-05-14,5.0,Walk + Run + Yoga,87.78333333333335,73.0,6.0696200000000005,103.4,143.0,0.7063680076939539,23.5119681186442,33.95314479201801,-10.441176673373807,-1.4802640965211677
2024-05-15,6.0,Yoga + Run + Walk,67.31666666666666,44.0,2.56672,97.16666666666667,152.0,0.6262397953322171,23.99401695262757,35.290603258210396,-11.296586305582824,-1.5693615520744422
2024-05-16,6.0,Yoga + Walk,64.43333333333334,33.0,3.53124,94.5,116.0,0.5543413759559545,24.205912543770737,34.98567334163835,-10.779760797867617,-1.4844528553888008
2024-05-17,2.0,Run + Yoga,40.25,42.0,2.75407,98.0,153.0,0.7912565680749445,24.624577409178286,35.919435238237746,-11.29485782905946,-1.5289410035857838
2024-05-18,1.0,Workout,4.983333333333333,1.0,0.0,73.0,82.0,0.3469889591797441,24.068730949186804,31.270886679786017,-7.2021557305992125,-0.9974429403588958
2024-05-19,1.0,WeightTraining,8.183333333333334,6.0,0.0,93.0,113.0,0.6632635476225781,23.643604185618027,27.906773169797745,-4.263168984179718,-0.6010320240956785
2024-05-20,5.0,Yoga + Workout + Walk,68.55,36.0,2.3859,90.0,122.0,0.5613363236699855,23.934329338187716,28.98416052323245,-5.049831185044734,-0.7032898385817208
2024-05-21,2.0,Walk,41.38333333333333,24.0,3.1098600000000003,98.0,121.0,0.5898865738052518,23.93587445809659,28.32065860639751,-4.384784148300923,-0.6106293374236454
2024-05-22,3.0,Yoga + Workout + Walk,40.65,74.0,0.5045,101.33333333333333,138.0,1.0451080913040647,25.11379889132792,34.40158847074234,-9.287789579414419,-1.232760472918283
2024-05-23,1.0,Walk,15.916666666666666,14.0,1.16822,109.0,133.0,0.7264631381560088,24.852309948528806,31.68568616508464,-6.833376216555834,-0.9165313312536236
2024-05-24,3.0,Walk + Run + Workout,65.23333333333333,47.0,2.90876,104.33333333333333,140.0,0.6574909338182106,25.373407739988817,33.724359786673425,-8.350952046684608,-1.097074035444255
2024-05-25,2.0,Workout,26.25,41.0,0.0,105.5,136.0,0.9680613912055667,25.741075099239993,34.692908292533495,-8.951833193293503,-1.1592151401060178
2024-05-26,0.0,-,0.0,0.0,0.0,,,0.0,25.135431018396936,30.074515476857094,-4.939084458460158,-0.6549963217055612
2024-05-27,3.0,Yoga + Walk + Run,31.583333333333336,25.0,1.1552499999999999,99.0,139.0,0.6891545813090949,25.132244554959087,29.39898531882767,-4.266740763868583,-0.5659052529826232
2024-05-28,3.0,Walk,19.95,11.0,1.5256100000000001,96.33333333333333,120.0,0.5751756841776025,24.79973667676288,26.949673750719757,-2.1499370739568775,-0.2889731051017366
2024-05-29,1.0,Walk,11.083333333333334,2.0,0.8606,87.0,106.0,0.32904509826424905,24.26329732798566,23.62832078047618,0.6349765475094813,0.08723416537689481
2024-05-30,1.0,Walk,11.616666666666667,3.0,0.9093300000000001,89.0,99.0,0.3936366151566259,23.763007805646296,20.882235393552218,2.8807724120940783,0.4040976119487116
2024-05-31,4.0,Yoga + Run + Walk,79.16666666666667,106.0,4.12741,104.75,166.0,0.8963082176643432,25.697905526772075,32.21329098653221,-6.515385459760132,-0.8451253550569721
2024-06-01,5.0,Yoga + Run + WeightTraining + Workout,67.56666666666666,54.0,1.81432,90.8,137.0,0.6924784427585087,26.363806073935997,35.11358344793669,-8.749777374000693,-1.1062865694812012
2024-06-02,1.0,Workout,39.2,57.0,0.0,105.0,135.0,0.9340497736158586,27.084624044411072,38.02714918628975,-10.942525141878676,-1.3467081450513583
2024-06-03,4.0,Workout + Walk + Run,21.21666666666667,12.0,1.15589,95.75,128.0,0.5825425755405012,26.729708283161063,34.5623604230955,-7.832652139934435,-0.9767723684023865
2024-06-04,8.0,Workout + Yoga + Walk,61.983333333333334,16.0,0.81323,88.5,110.0,0.3935484013162074,26.477256344544827,32.09130001797892,-5.6140436734340895,-0.7067756065028449
2024-06-05,4.0,Workout + Walk + Yoga,23.666666666666668,20.0,0.33105,91.0,133.0,0.7120689949163119,26.32485742763663,30.481680764834895,-4.156823337198265,-0.5263495853206162
2024-06-06,5.0,Walk + Workout + Run,49.86666666666667,153.0,10.6076214,95.66666666666667,120.0,1.3568010505999362,29.305309875450956,46.7915767404978,-17.486266865046847,-1.9889759386455177
2024-06-07,4.0,Yoga + Walk + Workout,54.21666666666667,42.0,2.82334,95.75,132.0,0.6817636844888831,29.603994522554018,46.153711981294556,-16.54971745874054,-1.863455447555905
2024-06-08,7.0,Workout + WeightTraining + Run,65.6,69.0,1.60098,93.42857142857143,136.0,0.7944164908759194,30.530916084077308,49.19505782525689,-18.66414174117958,-2.037731381285939
2024-06-09,3.0,Workout + Run,22.383333333333333,20.0,1.15159,94.0,137.0,0.7321975003023398,30.283141390612208,45.30855041064379,-15.025409020031582,-1.6538804903828404
2024-06-10,6.0,Yoga + Workout + Swim,26.450000000000003,19.0,0.30000000000000004,92.66666666666667,145.0,0.6565073421974564,30.01766810442684,41.806300925450664,-11.788632821023825,-1.309077127511814
2024-06-11,4.0,Walk + Workout,48.1,27.0,1.0039500000000001,85.75,117.0,0.5803432921972449,29.946667463686353,39.83525504932384,-9.888587585637488,-1.100688704636723
2024-06-12,5.0,Workout + Yoga + Walk,29.033333333333335,13.0,0.43660000000000004,82.8,116.0,0.5183210553488161,29.547940961400506,36.26288953641831,-6.7149485750178,-0.7575201922179924
2024-06-13,7.0,Yoga + Workout + Swim,43.483333333333334,41.0,0.43333332399999996,96.0,150.0,0.7521529084569628,29.817388594937686,36.89350363044569,-7.076115035508007,-0.7910501633387361
2024-06-14,6.0,Workout + Yoga + Walk + WeightTraining + Run,37.983333333333334,29.0,0.9438300000000001,93.0,131.0,0.6768276412717414,29.798156819949106,35.8427038488312,-6.044547028882093,-0.6761656507151725
2024-06-15,7.0,Workout + WeightTraining + Walk + Yoga + Run,98.76666666666667,114.0,3.26258,95.57142857142857,151.0,0.8321906892252577,31.779284170748017,46.24716726232184,-14.467883091573821,-1.5175381771595642
2024-06-16,3.0,Workout,10.35,6.0,0.0,87.0,114.0,0.5897678246195885,31.17274109489779,40.88937982725582,-9.716638732358032,-1.0390101940643268
2024-06-17,8.0,Yoga + Workout + Swim + Walk,40.833333333333336,28.0,0.47662,88.375,144.0,0.6414269805898185,31.098091848245733,39.17351851373388,-8.075426665488148,-0.8655865130348493
2024-06-18,5.0,Workout + Walk + Yoga,30.5,17.0,0.93512,91.4,120.0,0.5782959705100812,30.76638752563475,36.2217331592574,-5.455345633622645,-0.591050393233765
2024-06-19,6.0,Run + WeightTraining + Walk + Workout,70.86666666666666,69.0,2.6461200000000002,96.33333333333333,137.0,0.764326940925575,31.665959940348316,40.58524488364603,-8.919284943297711,-0.9388930532028374
2024-06-20,4.0,Workout + Walk,22.866666666666667,5.0,0.8336,78.25,104.0,0.3622089663122214,31.03855487915307,35.848062346830964,-4.809507467677893,-0.5165089554376752
2024-06-21,11.0,Yoga + Workout + Swim + Run,86.28333333333333,121.0,3.40816,92.36363636363636,156.0,0.9172861856045509,33.15519594917338,47.183667127562416,-14.028471178389033,-1.4103843833803662
2024-06-22,5.0,Workout + Run + Yoga,76.91666666666666,113.0,4.035159999999999,95.4,162.0,0.9388681782451377,35.03380951807147,55.94527559028246,-20.91146607221099,-1.9896462264948418
2024-06-23,3.0,Workout,10.35,1.0,0.0,71.33333333333333,88.0,0.2407717061715384,34.233051383312414,48.63084510489898,-14.397793721586567,-1.4019388806811672
2024-06-24,3.0,Workout + Yoga,102.46666666666667,137.0,0.0,81.66666666666667,138.0,0.895662939668948,36.65098435215866,60.39473260183635,-23.743748249677694,-2.159446162167378
2024-06-25,4.0,Walk + Workout,31.849999999999998,11.0,1.72246,82.75,103.0,0.4552157181803952,36.04745995464267,53.81920205660172,-17.77174210195905,-1.643365175088679
2024-06-26,10.0,Walk + Workout + Yoga + Run,73.3,50.0,2.8796,88.7,151.0,0.6397475627663495,36.37573968882696,53.31078185754847,-16.93504216872151,-1.5518623413655022
2024-06-27,5.0,Workout + Yoga + Walk,26.616666666666667,5.0,0.37622000000000005,76.4,100.0,0.33572508656754074,35.637521453910594,46.87954911196079,-11.242027658050198,-1.0515160425872416
2024-06-28,11.0,Workout + Yoga + Walk + Swim + Run,74.0,60.0,2.96456,90.18181818181819,150.0,0.6974858324629156,36.210729483070985,48.62617109040117,-12.415441607330187,-1.1428879215790242
2024-06-29,3.0,Workout + WeightTraining,30.283333333333335,10.0,0.0,72.66666666666667,113.0,0.44511659563468436,35.59403522672,43.48417407023815,-7.8901388435181445,-0.7389008479708341
2024-06-30,1.0,Workout,3.9833333333333334,1.0,0.0,74.0,84.0,0.38810773641189056,34.7800959259424,37.82859159062917,-3.048495664686776,-0.2921686080814697
2024-07-01,11.0,Workout + Walk + WeightTraining + Yoga,121.41666666666667,44.0,4.738110000000001,79.0909090909091,118.0,0.4662972031598238,34.99702471803309,38.650142439584,-3.653117721550913,-0.34794555165604824
2024-07-02,7.0,Workout + Walk + Yoga,50.18333333333333,16.0,1.38504,82.85714285714286,115.0,0.4373769220055195,34.55005676779213,35.634907907069035,-1.084851139276907,-0.10466467504121102
2024-07-03,5.0,Workout + Yoga + Run,44.18333333333333,49.0,1.99854,88.0,152.0,0.8157262282881208,34.89003956001682,37.414097036512246,-2.524057476495429,-0.241144035024057
2024-07-04,8.0,Walk + Workout + Yoga,71.48333333333333,25.0,2.47003,82.25,123.0,0.4580820050370606,34.65734361022703,35.76150636630669,-1.1041627560796599,-0.10619805607892702
2024-07-05,4.0,Walk + Workout,36.983333333333334,8.0,2.46932,77.75,107.0,0.360261284180906,34.03014127674678,32.06583633272524,1.964304944021542,0.19240834451699992
2024-07-06,7.0,Workout + WeightTraining + Yoga,54.733333333333334,45.0,0.0,78.28571428571429,134.0,0.7023537944787923,34.288243550168104,33.78765936508775,0.5005841850803563,0.04866431690577727
2024-07-07,7.0,Workout + Yoga + Run,63.96666666666667,60.0,2.27429,86.42857142857143,147.0,0.750195388827074,34.89319781264095,37.277101202870924,-2.3839033902299747,-0.22773334438327547
2024-07-08,7.0,Workout + Yoga + Walk + WeightTraining,94.83333333333334,61.0,1.70328,77.14285714285714,131.0,0.6212408921229302,35.507446835013035,40.43514331475863,-4.927696479745599,-0.4625974660698045
2024-07-09,10.0,Workout + Walk + WeightTraining,121.03333333333335,134.0,2.87981,92.3,137.0,0.8150336267441777,37.824810488299434,52.89069354627123,-15.065883057971796,-1.3276896710103554
2024-07-10,8.0,Workout + Walk + Yoga,36.78333333333333,9.0,1.2151899999999998,79.5,108.0,0.38315221320858034,37.14661131494102,47.04787223997046,-9.90126092502944,-0.8884848957987347
2024-07-11,7.0,Workout + Walk,53.300000000000004,26.0,2.72827,87.14285714285714,132.0,0.5410017808004594,36.88435035115744,44.24593528159574,-7.361584930438305,-0.6652853093839113
2024-07-12,3.0,WeightTraining + Run + Workout,62.81666666666666,99.0,1.5431400000000002,102.33333333333333,158.0,0.9724242463202573,38.34582681989488,51.5349113741242,-13.189084554229318,-1.1465032528117205
2024-07-13,5.0,Workout + OpenWaterSwim,23.85,28.0,0.0,91.4,143.0,0.8392869090622529,38.10240696463477,48.40189454280744,-10.299487578172673,-0.9010356036677922
2024-07-14,6.0,Workout + Walk + Run,38.75,45.0,2.0771100000000002,85.33333333333333,148.0,0.8347300123683028,38.26469569491614,47.94902719644052,-9.684331501524376,-0.8436263354204625
2024-07-15,6.0,Workout + WeightTraining + Yoga,58.449999999999996,32.0,0.0,77.5,112.0,0.5731368818808583,38.11729797157781,45.82585919910888,-7.708561227531071,-0.6741087500727329
2024-07-16,10.0,Walk + Workout + WeightTraining,101.86666666666667,60.0,2.82112,83.8,125.0,0.5944772000348344,38.63216104179812,47.712750591760155,-9.080589549962035,-0.7835086367665943
2024-07-17,7.0,Workout + Walk + Yoga,59.833333333333336,24.0,3.02674,85.28571428571429,133.0,0.49057978319217377,38.28789097185185,44.55605943028492,-6.268168458433067,-0.5457050344403703
2024-07-18,10.0,WeightTraining + Walk + Workout + Yoga,63.03333333333333,40.0,1.4492099999999999,77.3,161.0,0.6170501806468232,38.328174009551645,43.9495472300624,-5.621373220510755,-0.4888808616441324
2024-07-19,8.0,Workout + Yoga + Walk + Run,43.5,34.0,3.20216,87.25,146.0,0.6848105703341467,38.2263393752313,42.62504260626173,-4.3987032310304315,-0.383566523582303
2024-07-20,4.0,WeightTraining + Workout + Run,62.55,103.0,2.04533,100.0,149.0,0.9939867163730807,39.75035435909211,50.662283737009474,-10.911929377917367,-0.9150383314273927
2024-07-21,2.0,Workout,102.43333333333334,164.0,0.0,91.0,145.0,0.9801146854402728,42.67373895507912,65.75003856345677,-23.076299608377646,-1.8025371241916182
2024-07-22,5.0,Yoga + Workout + Walk,30.133333333333333,2.0,0.91315,76.0,111.0,0.1995570315713218,41.71675447991916,57.263499538882485,-15.546745058963324,-1.242246291111239
2024-07-23,7.0,Walk + Workout + Yoga,63.03333333333333,24.0,2.82041,81.85714285714286,129.0,0.47796501468388486,41.299909129010345,52.835392618607585,-11.53548348959724,-0.9310338071659628
2024-07-24,4.0,Walk + Yoga + Workout,32.66666666666667,9.0,1.47325,82.0,132.0,0.40657855630736306,40.539946745918925,46.99993308794316,-6.459986342024237,-0.5311622124643065
2024-07-25,4.0,Workout + Walk,17.583333333333332,7.0,0.9148299999999999,89.0,114.0,0.48873567420611547,39.75080836921387,41.67505798542396,-1.9242496162100906,-0.16135936979673096
2024-07-26,4.0,Workout + Run,57.583333333333336,61.0,1.5371199999999998,93.25,143.0,0.7972456201643262,40.25076600828954,44.24763485361028,-3.9968688453207406,-0.3309973317855695
2024-07-27,4.0,Workout + Walk + OpenWaterSwim,14.816666666666666,7.0,0.11073999999999999,89.5,124.0,0.5324139056496683,39.468431566593566,39.28915147255934,0.17928009403422607,0.015141222737445552
2024-07-28,3.0,Workout + OpenWaterSwim,24.96666666666667,36.0,0.15028999999999998,93.33333333333333,140.0,0.9301363007918432,39.3868252218695,38.85129272049245,0.5355325013770482,0.045322473387175016
2024-07-29,9.0,Workout + Walk + Yoga + WeightTraining + Run,106.13333333333333,86.0,4.3331599999999995,92.0,133.0,0.6972667384312929,40.483554604183105,45.1278276576044,-4.644273053421294,-0.38239997276502397
2024-07-30,6.0,Workout + Yoga + Walk + Run,54.36666666666667,43.0,2.9100800000000002,89.16666666666667,136.0,0.6888798788112656,40.5427623199784,44.84456677085445,-4.301804450876048,-0.3536845382269569
2024-07-31,8.0,Workout + Walk + WeightTraining + Run,87.0,80.0,4.47285,97.0,147.0,0.7427813527082074,41.47112457195087,49.52453187751056,-8.053407305559695,-0.647310418890565
2024-08-01,3.0,Workout + OpenWaterSwim,9.3,10.0,0.1181,97.33333333333333,135.0,0.8032193289024988,40.73066209161572,44.26294318258545,-3.5322810909697324,-0.28907632968863867
2024-08-02,5.0,Workout + WeightTraining + Run,75.75,87.0,2.17181,93.8,146.0,0.8301258403947495,41.81930157231743,49.9521899446155,-8.13288837229807,-0.6482563526504621
2024-08-03,6.0,Workout + WeightTraining + OpenWaterSwim,26.28333333333333,28.0,0.21714,94.66666666666667,142.0,0.7994925467297831,41.4941567146768,47.02986831410534,-5.535711599428545,-0.44469808423816953
2024-08-04,5.0,Workout + Run + WeightTraining,61.65,51.0,2.5391000000000004,89.8,148.0,0.704521372964301,41.71781317412855,47.55838058239999,-5.84056740827144,-0.46667254456292934
2024-08-05,7.0,Workout + OpenWaterSwim + Yoga + Run,50.3,62.0,2.5454399999999997,93.14285714285714,156.0,0.8599782696408516,42.195018821145396,49.48087929027947,-7.285860469134072,-0.5755703455595943
2024-08-06,4.0,Workout + Pilates + Run,34.75,52.0,2.18677,98.25,154.0,0.9475451053214855,42.42571349069034,49.81622992994028,-7.390516439249936,-0.5806632999326119
2024-08-07,3.0,WeightTraining + Run + Workout,55.4,88.0,3.00523,105.0,156.0,0.976252319873178,43.49799958428182,54.899333597122784,-11.401334012840962,-0.8737056203201339
2024-08-08,7.0,OpenWaterSwim + Workout + Yoga + WeightTraining + Run,60.016666666666666,102.0,2.1788700000000003,103.71428571428571,149.0,1.0098102521506278,44.87445298153343,61.16947323183986,-16.29502025030643,-1.2104155161521484
2024-08-09,3.0,Workout + Run,30.783333333333335,37.0,2.1037600000000003,95.66666666666667,145.0,0.8492169710949427,44.68918038434174,57.95198219328557,-13.262801808943834,-0.9892627025810536
2024-08-10,3.0,Workout + WeightTraining,41.05,38.0,0.0,88.33333333333333,133.0,0.7452652006130592,44.531795252219275,55.29593241956842,-10.764137167349148,-0.8057267177592403
2024-08-11,7.0,Workout + OpenWaterSwim + Walk,68.66666666666667,33.0,3.2930800000000002,91.14285714285714,146.0,0.5369818568286147,44.26047156006289,52.327851068847465,-8.067379508784576,-0.6075684257631464
2024-08-12,9.0,Workout + Yoga + WeightTraining + Run + Pilates,66.35000000000001,55.0,2.10946,85.77777777777777,140.0,0.7052393010466508,44.51315455040487,52.683573146742795,-8.170418596337925,-0.6118355108627554
2024-08-13,6.0,Walk + Workout + Run,65.81666666666666,65.0,4.568020000000001,90.83333333333333,147.0,0.769775991594141,44.99517546965001,54.32316175702165,-9.327986287371644,-0.6910360344198477
2024-08-14,9.0,Workout + WeightTraining + Run,63.18333333333333,50.0,1.5810899999999999,83.44444444444444,125.0,0.68906368180579,45.112930549450624,53.74765338420723,-8.634722834756609,-0.6380079746235684
2024-08-15,5.0,Workout,14.266666666666666,5.0,0.0,78.8,98.0,0.4585633803868073,44.169140950186346,47.2582633834514,-3.0891224332650538,-0.23312825552036773
2024-08-16,11.0,Workout + Walk + Yoga,79.98333333333333,35.0,1.78476,81.36363636363636,127.0,0.5124009161736571,43.95340652878062,45.626417616430906,-1.6730110876502877,-0.12687762032390693
2024-08-17,7.0,Workout + Yoga + WeightTraining,43.56666666666666,31.0,0.0,79.14285714285714,129.0,0.6534002641002247,43.64863472105059,43.67931818420068,-0.030683463150090518,-0.0023432167158020096
2024-08-18,5.0,Workout,48.96666666666667,53.0,0.0,86.4,128.0,0.8058668469946458,43.868656573563044,44.92010692328018,-1.0514503497171361,-0.07989381879474444
2024-08-19,10.0,Walk + Yoga + Workout + WeightTraining + Run,122.51666666666667,119.0,4.6644,91.9,153.0,0.7633988822059444,45.63637036393818,54.781777875935106,-9.145407511996929,-0.667991154063063
2024-08-20,7.0,Workout + Run,61.083333333333336,63.0,2.24233,86.0,157.0,0.7866554133971319,46.044907282869836,55.875804865410146,-9.83089758254031,-0.7116890996685544
2024-08-21,2.0,Workout,7.166666666666666,1.0,0.0,70.5,83.0,0.2893456933022473,44.985076589597824,48.570622468827544,-3.58554587922972,-0.26568410022883215
2024-08-22,9.0,Walk + Yoga + Workout + WeightTraining + Run,114.26666666666667,90.0,5.95144,93.44444444444444,147.0,0.6874436436008321,46.044201812923035,54.085788217819854,-8.041586404896819,-0.5821642456792334
2024-08-23,7.0,Walk + Workout + Run,89.75,114.0,6.274590000000001,94.71428571428571,150.0,0.8729931223345657,47.6430871264655,62.06169392507609,-14.41860679861059,-1.0087932071752144
2024-08-24,4.0,Workout,15.133333333333333,2.0,0.0,69.75,92.0,0.28159395267835924,46.56918227039506,54.0661550852082,-7.496972814813141,-0.5366190292458076
2024-08-25,2.0,Workout,7.166666666666666,0.0,0.0,65.5,73.0,0.0,45.47348795758841,46.868754967832885,-1.3952670102444742,-0.10227695835617395
2024-08-26,5.0,Workout + WeightTraining + Walk,80.43333333333334,106.0,1.5319200000000002,91.4,160.0,0.8892226660713008,46.89757469876904,54.74043049690161,-7.842855798132568,-0.5574457278092056
2024-08-27,3.0,Workout,162.33333333333334,234.0,0.0,91.33333333333333,147.0,0.9299930449498162,51.29977918938165,78.60384087903236,-27.30406168965071,-1.7741506962342037
2024-08-28,10.0,Workout + Yoga + Walk,66.78333333333333,33.0,2.13276,84.8,123.0,0.5445008337675401,50.86921625041912,72.53296180175705,-21.663745551337932,-1.419571412613055
2024-08-29,8.0,Walk + Yoga + Workout,59.483333333333334,13.0,2.00383,82.25,105.0,0.3621176160229259,49.9782174642453,64.60780889261494,-14.629591428369643,-0.9757311732079906
2024-08-30,7.0,Workout + Yoga + Walk,34.18333333333334,9.0,0.7706299999999999,78.14285714285714,102.0,0.39745656506296745,49.014069123314016,57.20518058253951,-8.191111459225496,-0.5570585212052455
2024-08-31,3.0,Workout + Run,45.86666666666667,44.0,3.2857600000000002,88.66666666666667,144.0,0.7586708082883098,48.89609653383337,55.44727920921373,-6.55118267538036,-0.4466057033712502
2024-09-01,4.0,Workout + Walk + Run,30.650000000000002,14.0,1.86331,85.5,128.0,0.5235093028897115,48.07505023997177,49.92973035124257,-1.8546801112707954,-0.1285961638461087
2024-09-02,7.0,Walk + Workout + Yoga,56.63333333333333,25.0,2.96894,89.42857142857143,122.0,0.5146471445011067,47.53213322741049,46.61103228822352,0.9211009391869709,0.06459496461618916
2024-09-03,8.0,Workout + Walk + Yoga,45.53333333333333,17.0,1.8454,83.75,111.0,0.4732987566334257,46.81376362966052,42.66914947945002,4.144614150210501,0.29511364670428775
2024-09-04,10.0,Workout + Walk + WeightTraining,74.86666666666667,48.0,2.69029,87.2,124.0,0.6202288952134547,46.84167377068637,43.37880349686347,3.462870273822901,0.24642375012582446
2024-09-05,4.0,Workout + Walk,16.316666666666666,4.0,0.46406000000000003,77.75,98.0,0.38352166326035586,45.83368144586729,38.13661447003611,7.697066975831184,0.5597824375015527
2024-09-06,7.0,Walk + Workout + Yoga,56.083333333333336,60.0,2.76632,82.85714285714286,108.0,0.8011878254500198,46.16699102779307,41.04711427035639,5.119876757436678,0.36966359466329907
2024-09-07,4.0,Workout + Pilates,31.5,54.0,0.0,82.5,120.0,1.01418510567422,46.351288517346944,42.77142962298245,3.5798588943644916,0.2574440401316806
2024-09-08,7.0,Workout + Run,43.81666666666667,30.0,1.79602,84.0,136.0,0.6409388321320562,45.966570277471234,41.071270088378284,4.89530018909295,0.3549898806562469
2024-09-09,11.0,Workout + Yoga + Walk + Run,114.13333333333334,84.0,5.60195,87.9090909090909,139.0,0.66452147071914,46.86143272967277,46.78603277527057,0.07539995440220082,0.005363326870318342
2024-09-10,6.0,Workout + Walk,25.133333333333333,8.0,0.73515,84.0,108.0,0.43701422443753785,45.94708876326626,41.62275463186826,4.324334131397997,0.3137183985459388
2024-09-11,6.0,Walk + Workout + Yoga,40.13333333333333,16.0,1.80138,81.0,112.0,0.4890834875635335,45.24248427499105,38.2117997210882,7.0306845539028515,0.5180001840135647
2024-09-12,8.0,Walk + Workout + Yoga,100.26666666666667,27.0,2.17604,85.5,115.0,0.40195665056840424,44.813269388727534,36.71926139463661,8.094007994090923,0.6020544141275348
2024-09-13,5.0,Workout + WeightTraining + Walk + Yoga,35.7,25.0,1.27651,90.0,120.0,0.6482037235521644,44.34709657810604,35.15916870440597,9.187927873700069,0.6906072462201962
2024-09-14,9.0,Workout + Walk,48.31666666666666,9.0,1.4596600000000002,79.0,114.0,0.3343092532148913,43.51543901388294,31.676805225686127,11.838633788196812,0.9068531427370622
2024-09-15,9.0,Workout + Yoga + Run,93.61666666666667,74.0,5.08609,81.44444444444444,138.0,0.688675920710994,44.2326893170331,37.31095780332493,6.921731513708167,0.5216150936168039
2024-09-16,7.0,Workout + Yoga + WeightTraining,58.03333333333334,32.0,0.0,74.85714285714286,125.0,0.5751907008392896,43.944874769696185,36.603951946208156,7.340922823488029,0.5568281369147082
2024-09-17,10.0,Workout + Walk,52.83333333333333,12.0,2.12271,76.4,106.0,0.36915796418831237,43.193265746259925,33.32862218868332,9.864643557576606,0.7612794407602593
2024-09-18,17.0,Workout + Walk,104.56666666666666,41.0,3.5415099999999997,84.76470588235294,118.0,0.4850325912760257,43.14166190252702,34.349852114735654,8.791809787791365,0.6792977213577073
2024-09-19,9.0,Workout + WeightTraining + Walk,56.5,23.0,2.5035100000000003,85.11111111111111,120.0,0.4942143134416682,42.66776256993979,32.8389359636972,9.828826606242586,0.7678573560176298
2024-09-20,7.0,Yoga + Workout + Run,79.64999999999999,49.0,3.58065,80.42857142857143,136.0,0.6075482512438447,42.816749436386644,34.99033075048164,7.826418685905004,0.609295722579533
2024-09-21,3.0,Workout,13.35,3.0,0.0,78.0,95.0,0.36719403681726276,41.879928479158224,30.731710733291177,11.148217745867047,0.8873158854139415
2024-09-22,12.0,Workout + Run + Walk + Yoga,151.65,140.0,5.12135,93.33333333333333,153.0,0.744249301477504,44.18852826760489,45.277734891180145,-1.089206623575258,-0.0821636041658477
2024-09-23,3.0,Workout,13.383333333333333,4.0,0.0,79.33333333333333,93.0,0.4234708039443513,43.2429599815395,39.78275612891103,3.4602038526284673,0.26672579414126096
2024-09-24,8.0,Workout + Walk + WeightTraining,74.35,30.0,2.22685,82.25,139.0,0.4920347388788906,42.93137546944204,38.480455086798614,4.4509203826434245,0.34558411216147567
2024-09-25,4.0,Workout + Yoga,37.06666666666666,6.0,0.0,71.5,87.0,0.31164451247899966,42.06244249503335,34.15658868857409,7.9058538064592625,0.6265172552602614
2024-09-26,5.0,Workout + Run,57.28333333333333,67.0,1.78638,91.4,145.0,0.8377200031083163,42.64918116213791,38.52877258171975,4.120408580418157,0.3220388972028751
2024-09-27,4.0,Workout,20.316666666666666,9.0,0.0,81.0,112.0,0.5155498351135843,41.8574726838597,34.59784035784197,7.25963232601773,0.5781231610142143
2024-09-28,2.0,Workout,10.183333333333334,2.0,0.0,71.5,88.0,0.3432777406143738,40.919693577304194,30.258347385797755,10.66134619150644,0.8684771935356228
2024-09-29,4.0,Workout,16.53333333333333,5.0,0.0,79.25,106.0,0.42597137568529864,40.074563771461975,26.895903132960846,13.178660638501128,1.096178340094285
2024-09-30,3.0,Workout,17.183333333333334,2.0,0.0,69.0,78.0,0.26426333749158626,39.17873350446787,23.581708220285066,15.597025284182806,1.3269975731778185
2024-10-01,6.0,Walk + Workout,55.416666666666664,13.0,3.7409200000000005,79.83333333333333,108.0,0.37516913479022784,38.56279205952733,22.17304899776995,16.389743061757382,1.416714764537572
2024-10-02,10.0,Workout + Walk,104.61666666666667,43.0,5.56891,84.9,115.0,0.4966030857946558,38.66719207833993,24.945576456986874,13.721615621353056,1.1828818251187374
2024-10-03,11.0,Workout + Walk,78.66666666666666,73.0,2.7118,91.9090909090909,171.0,0.7461766955734743,39.47498514122909,31.3426822453271,8.13230289590199,0.6867051684171774
2024-10-04,6.0,Workout + Run,62.45,41.0,3.14589,85.16666666666667,137.0,0.6276265865191536,39.510866168686235,32.628284667609016,6.882581501077219,0.5806488331330576
2024-10-05,2.0,Workout,10.166666666666666,1.0,0.0,72.0,93.0,0.24293289905367482,38.604770442175855,28.417860985357773,10.186909456818082,0.8795898658929161
2024-10-06,9.0,Workout + Run,100.65,80.0,5.004689999999999,82.55555555555556,135.0,0.6905795747278488,39.57873037431467,35.284583666365045,4.294146707949622,0.3616544094380877
2024-10-07,6.0,Workout + Yoga + Run,61.68333333333333,35.0,2.0314,80.66666666666667,131.0,0.5834796718181536,39.4710005713329,35.24669929100173,4.224301280331169,0.35674302814601944
2024-10-08,10.0,Workout + Walk,74.3,24.0,3.2272100000000004,78.5,114.0,0.4402373029482318,39.10699402208726,33.74951506050544,5.357478961581819,0.4566513906741734
2024-10-09,8.0,Workout + Walk,61.71666666666667,16.0,2.9221899999999996,78.25,114.0,0.3943977109661501,38.563325426210845,31.386662337235173,7.176663088975673,0.620335773229921
2024-10-10,9.0,Workout + Run + Walk,79.41666666666667,27.0,5.01359,81.66666666666667,111.0,0.45164965203648716,38.29125988224087,30.80270063381565,7.488559248425222,0.6518945638817826
2024-10-11,8.0,Workout + Pilates + WeightTraining,60.71666666666667,36.0,0.0,84.25,107.0,0.5964484511442358,38.237350401770364,31.494576041069163,6.742774360701201,0.5877999992026135
2024-10-12,8.0,Workout + Yoga + Run,66.8,78.0,2.99519,88.625,150.0,0.8370178029141373,39.17289848105457,37.68547575149026,1.487422729564308,0.12656903005562037
2024-10-13,2.0,Workout,10.166666666666666,0.0,0.0,67.5,78.0,0.0,38.251226250852454,32.66870607053827,5.582520180314184,0.4864785374202893
2024-10-14,9.0,Workout + Walk + Pilates + Run,118.41666666666667,64.0,6.522880000000001,88.44444444444444,136.0,0.5694547189970741,38.85705146794289,36.839593721972605,2.017457745970283,0.17306663524849009
2024-10-15,6.0,Walk + Workout,66.76666666666667,17.0,4.1167,79.16666666666667,116.0,0.39085910982654404,38.34279191214708,34.1985053376005,4.144286574546577,0.3602838471823833
2024-10-16,5.0,Workout + Walk,25.816666666666666,4.0,0.91359,76.4,103.0,0.30489867508050755,37.53476394280128,30.17841688265377,7.356347060147506,0.6532918897405566
2024-10-17,6.0,Workout + Walk,40.550000000000004,10.0,1.5758299999999998,77.66666666666667,120.0,0.38466280652353785,36.88691738879853,27.492223647518507,9.394693741280022,0.8489634813934432
2024-10-18,4.0,Workout + Run + Yoga,40.15,19.0,1.2656500000000002,80.25,137.0,0.5328557429918086,36.466068391649436,26.36172099976967,10.104347391879767,0.9236300884206478
2024-10-19,2.0,Workout,13.966666666666667,3.0,0.0,73.5,84.0,0.35899621393952286,35.67866824801325,23.251759634830044,12.426908613183208,1.1610026591426186
2024-10-20,5.0,Workout + Run,63.18333333333333,82.0,3.64674,89.6,147.0,0.882432072421074,36.7685310561594,31.07244877822263,5.6960822779367675,0.5163910654318956
2024-10-21,4.0,Workout + WeightTraining,49.033333333333324,43.0,0.0,74.0,140.0,0.7253776062520386,36.91514701008689,32.660269447702916,4.2548775623839745,0.38420340582880963
2024-10-22,6.0,Workout + Walk,39.56666666666666,15.0,1.67545,81.0,118.0,0.4769320658654816,36.39952056417141,30.309297287847006,6.090223276324405,0.5577201001487093
2024-10-23,4.0,Walk + Workout,36.916666666666664,14.0,2.0624900000000004,82.5,133.0,0.4770110097115207,35.87249762549806,28.138169379290147,7.734328246207916,0.7186869011234184
2024-10-24,6.0,Workout + Walk,35.9,18.0,1.43478,89.16666666666667,118.0,0.5484848718024047,35.45198790105831,26.788554978830646,8.663432922227663,0.8145695474497444
2024-10-25,3.0,Workout,13.35,5.0,0.0,79.33333333333333,108.0,0.4740454631399772,34.73550398766011,23.888016778640072,10.847487209020038,1.0409605891879041
2024-10-26,7.0,Workout + Run + Walk,88.6,135.0,5.2340800000000005,111.28571428571429,150.0,0.9561491614605042,37.09455846749335,38.67947734799009,-1.584918880496737,-0.14242150744613308
2024-10-27,8.0,Workout + Run,179.0,195.0,6.9496400000000005,94.5,141.0,0.8084746655994862,40.809807175186045,59.48919363557496,-18.67938646038892,-1.52572692312276
2024-10-28,3.0,Workout,13.333333333333332,4.0,0.0,75.66666666666667,108.0,0.4242640687119285,39.94373449769777,52.10235563763837,-12.1586211399406,-1.0146456670312407
2024-10-29,6.0,Walk + Yoga + Workout,54.95,20.0,2.12962,82.16666666666667,119.0,0.46731182926273196,39.47449206311147,47.82882263218934,-8.354330569077874,-0.7054623659012547
2024-10-30,7.0,Workout + Walk,87.91666666666667,104.0,3.60752,102.0,164.0,0.8424743516424434,40.99266843277375,55.30644773689736,-14.313779304123614,-1.1639300271134752
2024-10-31,6.0,Workout + Walk,79.01666666666667,103.0,1.00709,88.83333333333333,149.0,0.8843717986057462,42.45159635974569,61.65551358253606,-19.203917222790366,-1.507906955178745
2024-11-01,6.0,Workout + Walk,42.15,37.0,0.48158999999999996,94.5,130.0,0.7257343807889183,42.32332949234811,58.373319831690935,-16.049990339342827,-1.2640774825497132
2024-11-02,4.0,Workout + Run,47.21666666666667,41.0,1.74215,94.5,138.0,0.7218050089040162,42.29219378138981,56.06054700738442,-13.768353225994609,-1.0851768766251777
2024-11-03,6.0,Workout + Pilates,28.349999999999998,18.0,0.0,82.33333333333333,107.0,0.6172133998483676,41.72063943419685,50.99384705310447,-9.27320761890762,-0.7408968913762396
2024-11-04,3.0,Workout + Run,30.766666666666666,35.0,2.0025,88.66666666666667,142.0,0.82617000656038,41.56251412369178,48.86471254232083,-7.302198418629054,-0.5856397744128605
2024-11-05,7.0,Workout + Walk,49.0,17.0,2.44085,79.85714285714286,117.0,0.45624912636203746,40.98459959478085,44.62281508483036,-3.638215490049504,-0.2959010234755601
2024-11-06,4.0,Workout + Walk,17.483333333333334,4.0,0.78645,78.0,100.0,0.370504512656663,40.11441434647354,39.21502062267774,0.8993937237957965,0.07473570605880912
2024-11-07,6.0,Workout + Walk,30.883333333333333,13.0,1.68777,88.0,113.0,0.5025568730854002,39.47645790948879,35.72522201929458,3.7512358901942164,0.3167487737286368
2024-11-08,4.0,Workout + Yoga + Run,28.099999999999998,11.0,0.9939199999999999,85.5,122.0,0.48463949987579186,38.806454884760136,32.43374853494303,6.372706349817108,0.5473922975564702
2024-11-09,3.0,Yoga + Run + Workout,40.766666666666666,62.0,2.6800900000000003,101.0,146.0,0.955254008506953,39.35215988187683,36.369670026485686,2.982489855391144,0.2526324573071862
2024-11-10,7.0,Workout + Walk + Run,77.16666666666667,95.0,3.5696499999999998,94.57142857142857,148.0,0.8594538423484008,40.6614597013019,44.174662690899794,-3.513202989597893,-0.2880043342767162
2024-11-11,4.0,Workout + Walk,38.516666666666666,17.0,2.00497,83.25,115.0,0.514607057917834,40.10474546318435,40.55711451990683,-0.45236905672248184,-0.03759896337269704
2024-11-12,5.0,Workout + Walk,32.75,13.0,1.6718899999999999,84.6,112.0,0.48802452697717735,39.46701651871536,36.88865355819207,2.578362960523293,0.2177652115575738
2024-11-13,5.0,Workout + Walk,23.816666666666666,7.0,0.91843,79.8,114.0,0.4199370141714572,38.703122380596234,32.90981322288633,5.793309157709906,0.49895278049662606
2024-11-14,7.0,Workout + Walk + Run,114.06666666666666,79.0,3.72432,90.57142857142857,132.0,0.6446289351682156,39.651239944161766,39.04543568756211,0.6058042565996544,0.05092772697253762
2024-11-15,3.0,Workout,9.549999999999999,3.0,0.0,78.33333333333333,92.0,0.43414476317545303,38.788898086171706,34.24699158441409,4.541906501757616,0.39030983312695267
2024-11-16,7.0,Workout + Yoga + Walk,51.9,22.0,1.4807299999999999,83.57142857142857,117.0,0.5043166268482598,38.393883631236704,32.616646342955036,5.777237288281668,0.5015761836590549
2024-11-17,5.0,Workout + Yoga + Run,54.483333333333334,65.0,2.56035,83.8,146.0,0.846058646913155,39.01988067412784,36.9275863949135,2.092294279214343,0.17873745751027204
2024-11-18,4.0,Workout + Run,33.05,43.0,2.0086500000000003,92.75,145.0,0.8835357383307795,39.113526168788425,37.73595884760819,1.377567321180237,0.11739905655105573
2024-11-19,8.0,Workout + Walk + Yoga,67.23333333333333,20.0,2.7596600000000002,78.875,119.0,0.42247236050325454,38.66381713590862,35.37491075587023,3.288906380038391,0.2835473080233675
2024-11-20,6.0,Workout + Walk + Run,47.233333333333334,53.0,3.0745699999999996,100.16666666666667,149.0,0.8205201716913696,39.0011233385457,37.72119965313927,1.2799236854064304,0.1093920359076301
2024-11-21,7.0,Workout + Walk,41.68333333333334,16.0,1.90683,84.71428571428571,118.0,0.47990402879040334,38.459945701286,34.829627935367746,3.6303177659182566,0.3146405695347327
2024-11-22,8.0,Workout + Run,73.68333333333334,68.0,2.03475,93.875,161.0,0.744124235346152,39.154973355135894,39.24533753067949,-0.09036417554359844,-0.007692864856442348
2024-11-23,3.0,Workout,9.516666666666666,3.0,0.0,75.0,94.0,0.43490442213467345,38.30430781295646,34.42028207433187,3.8840257386245867,0.33799729589951516
2024-11-24,5.0,Workout + Run,49.63333333333333,69.0,3.05192,85.6,146.0,0.913299981906807,39.026525677159505,39.02360675064311,0.002918926516393583,0.0002493113308402872
2024-11-25,3.0,Walk + Workout,12.566666666666666,4.0,0.61741,76.66666666666667,96.0,0.43701422443753785,38.20241060554405,34.36119066167379,3.8412199438702643,0.3351638359101188
2024-11-26,4.0,Walk + Workout,32.016666666666666,14.0,2.1521600000000003,90.25,113.0,0.5122141665559576,37.63296870504574,31.650666197204785,5.982302507840956,0.5298813525916761
2024-11-27,4.0,Walk + Workout,35.416666666666664,7.0,2.3755800000000002,82.0,108.0,0.34436642591013084,36.9122266185814,28.36911774047568,8.54310887810572,0.7714795936842933
2024-11-28,5.0,Workout + Yoga + Walk,28.033333333333335,8.0,0.8165100000000001,72.2,99.0,0.4137931034482758,36.23197069111806,25.65753800662772,10.574432684490336,0.9728454808267407
2024-11-29,3.0,Walk + Run + Workout,27.900000000000002,34.0,2.07578,105.33333333333333,141.0,0.8550922732073567,36.17945618531442,26.768104068439726,9.411352116874696,0.8670990951945128
2024-11-30,4.0,Workout + Walk,43.16666666666667,37.0,2.1699200000000003,92.25,138.0,0.7171371656006361,36.19876219730191,28.130195544386602,8.068566652915308,0.742987343870808
2024-12-01,4.0,Workout,20.1,6.0,0.0,73.0,99.0,0.42320736951515897,35.4882362576094,25.184177434578686,10.304058823030715,0.9678379757762983
2024-12-02,4.0,Workout + Run,33.3,28.0,2.05009,78.75,142.0,0.7102848052045775,35.31205068851833,25.5590256484184,9.753025040099931,0.92065124605098
2024-12-03,5.0,Walk + Yoga + Workout,55.78333333333333,25.0,2.67382,86.4,112.0,0.5185532953972176,35.06942552866093,25.484606980007428,9.584818548653502,0.9110327494833724
2024-12-04,3.0,Workout + Walk,27.43333333333333,6.0,1.8085900000000001,83.33333333333333,100.0,0.362252974448744,34.38547097598332,22.890775176286567,11.49469579969675,1.1142977419857814
2024-12-05,5.0,Walk + Workout,39.25,17.0,2.8401199999999998,93.0,117.0,0.5097770213190941,33.97642016716205,22.106582812719804,11.869837354442243,1.1645171657327171
2024-12-06,6.0,Workout + Run,46.93333333333334,48.0,2.5834699999999997,92.0,140.0,0.7833494518006402,34.30637134772634,25.55356889133529,8.752802456391052,0.8504545086463601
2024-12-07,1.0,Workout,3.183333333333333,0.0,0.0,60.0,67.0,0.0,33.49920029283253,22.15182413164231,11.347376161190223,1.1291191095108122
2024-12-08,3.0,Pilates + Workout,14.533333333333331,4.0,0.0,72.66666666666667,86.0,0.40637127688715785,32.80513386483454,19.73541517987275,13.069718684961789,1.3280155822370507
2024-12-09,1.0,Workout,3.1666666666666665,1.0,0.0,70.0,78.0,0.435285750066007,32.056812709195356,17.24131736207576,14.815495347119597,1.5405456848875307
2024-12-10,4.0,Walk + Yoga + Workout,37.06666666666667,16.0,1.74071,85.5,128.0,0.5089133578079825,31.679022988407162,17.07607058775967,14.602952400647492,1.5365533217350587
2024-12-11,1.0,Workout,3.183333333333333,0.0,0.0,71.0,81.0,0.0,30.93366900898513,14.802868207102952,16.13080080188218,1.7382139826561105
2024-12-12,3.0,Run + Walk + Workout,34.516666666666666,43.0,2.61533,95.33333333333333,151.0,0.8645605778412072,31.217569425499477,18.556529612394336,12.661039813105141,1.3519139004207903
2024-12-13,3.0,Workout + Walk,25.833333333333332,8.0,1.46928,73.33333333333333,124.0,0.4310527248642598,30.67129917688303,17.151222219043,13.520076957840029,1.469351621947826
2024-12-14,2.0,Run + Workout,40.78333333333333,66.0,3.214,99.0,154.0,0.9853856501107662,31.502523920018476,23.65407411188066,7.848449808137815,0.8304572492947112
2024-12-15,1.0,Workout,3.183333333333333,1.0,0.0,75.0,87.0,0.434144763175453,30.784850979330837,20.638316186892066,10.146534792438771,1.0986501985723676
2024-12-16,4.0,Workout + Run,31.249999999999996,18.0,2.0085,74.0,137.0,0.5878775382679627,30.484044999384768,20.287097994969905,10.196947004414863,1.1150037125563728
2024-12-17,5.0,Walk + Workout,35.45,11.0,2.31461,79.0,113.0,0.43148315736732806,30.02561828335745,19.050780004653635,10.974838278703814,1.2183860434482077
2024-12-18,4.0,Walk + Yoga + Workout,43.81666666666666,20.0,2.01578,82.75,112.0,0.5233243650196336,29.789732394881618,19.177142164033267,10.612590230848351,1.1874997835016665
2024-12-19,3.0,Walk + Workout,23.416666666666668,11.0,1.4526400000000002,85.33333333333333,118.0,0.5308959726799867,29.347641683374345,18.088583825115816,11.25905785825853,1.2788146068351005
2024-12-20,1.0,Run,35.81666666666667,62.0,3.0797,132.0,146.0,1.0191283604972665,30.115896601391142,23.934163771260245,6.181732830130898,0.6842159266639428
2024-12-21,2.0,Walk + Workout,6.6,0.0,0.29162,74.5,95.0,0.0,29.40732034940497,20.74799762230697,8.659322727098,0.9815382274675943
2024-12-22,5.0,Workout + WeightTraining + Run,69.63333333333333,146.0,3.1035,117.4,160.0,1.1216141005362679,32.15054945027879,37.421807239320714,-5.271257789041925,-0.5465181652332246
2024-12-23,1.0,WeightTraining,10.583333333333334,9.0,0.0,94.0,124.0,0.7143082111192905,31.60585606863989,33.63823656672685,-2.0323804980869618,-0.21434640610832242
2024-12-24,2.0,Run + Walk,63.93333333333333,53.0,4.69469,101.5,137.0,0.70526102815275,32.10922419086394,36.21571517950431,-4.106490988640367,-0.4263043919747719
2024-12-25,0.0,-,0.0,0.0,0.0,,,0.0,31.353748302747924,31.394603112759466,-0.04085481001154179,-0.004343426461280141
2024-12-26,0.0,-,0.0,0.0,0.0,,,0.0,30.616047488054175,27.21528760987944,3.4007598781747355,0.3702589717044795
2024-12-27,2.0,Run,95.68333333333334,131.0,8.00344,123.0,147.0,0.9063441267060937,32.977912577841565,41.03132649707564,-8.053413919234075,-0.8140209905872277
2024-12-28,2.0,Run + Workout,14.766666666666667,4.0,0.9108099999999999,80.5,100.0,0.40314788441003746,32.29611117054621,36.101638538748176,-3.8055273682019646,-0.39277457153753487
2024-12-29,2.0,Workout + Yoga,18.2,2.0,0.0,70.0,88.0,0.25677629550654774,31.583294773707127,31.561956794509868,0.021337979197259216,0.0022520322162021484
2024-12-30,4.0,Walk + Run + Workout + Pilates,60.68333333333334,66.0,4.0657499999999995,98.0,143.0,0.8078167959573604,32.393061798668725,36.1464214345187,-3.753359635849975,-0.3862308189305144
2024-12-31,2.0,Walk + Workout,18.233333333333334,5.0,0.97463,81.0,107.0,0.40562768746838596,31.748549257115183,32.000144397889606,-0.25159514077442324,-0.026415394998249478
2025-01-01,3.0,Walk + Yoga,19.95,8.0,1.04237,88.66666666666667,121.0,0.4905114715879727,31.18978594863914,28.80519476934363,2.384591179295512,0.2548474451670671
2025-01-02,2.0,Yoga + Run,38.28333333333333,39.0,2.4626300000000003,99.5,133.0,0.7818133036688772,31.37354711215261,30.16234865328644,1.2111984588661713,0.128685742220608
2025-01-03,4.0,Yoga + Workout + WeightTraining + Run,52.7,58.0,2.0999899999999996,103.75,136.0,0.8126140264462763,32.00002263903716,33.86815526658314,-1.8681326275459753,-0.19459701103117563
2025-01-04,2.0,Run + WeightTraining,36.63333333333333,37.0,2.06091,106.5,132.0,0.7784635248414946,32.11766367311758,34.28507301515192,-2.1674093420343397,-0.22494468714510482
2025-01-05,1.0,Yoga,15.016666666666667,2.0,0.0,67.0,74.0,0.2826857084589273,31.409045844914125,29.987216288656164,1.4218295562579613,0.15089385005818734
2025-01-06,4.0,Workout + Walk + Run,49.15,42.0,3.36876,91.5,137.0,0.7160420203972443,31.65823313292671,31.586383286157066,0.0718498467696449,0.007565156533737631
2025-01-07,3.0,Yoga + Walk,34.8,11.0,0.75094,78.66666666666667,99.0,0.4354941703556927,31.1721797505642,28.84588070655608,2.3262990440081204,0.2487580338860771
2025-01-08,4.0,Yoga + Walk,48.21666666666667,11.0,0.8097799999999999,77.5,111.0,0.3699758495869245,30.697562384485654,26.470199586091624,4.227362798394029,0.4590334943044762
2025-01-09,6.0,Yoga + Walk,53.63333333333333,14.0,2.17245,81.5,111.0,0.3957512072295133,30.30469690455976,24.810140426656687,5.494556477903071,0.604367973629894
2025-01-10,2.0,Yoga + Run,45.583333333333336,44.0,2.53377,93.5,147.0,0.7610249991689801,30.62692428718178,27.364734836559233,3.2621894506225466,0.3550459306147025
2025-01-11,1.0,Run,18.616666666666667,25.0,1.4980499999999999,123.0,135.0,0.8976244386966018,30.494532249368863,27.049936368582557,3.4445958807863057,0.3765260662270144
2025-01-12,2.0,Workout + Pilates,36.75,44.0,0.0,93.0,148.0,0.8475655413823614,30.812293126513737,29.306364438564913,1.505928687948824,0.16291427166916314
2025-01-13,5.0,Walk + Yoga,62.25,21.0,3.09714,83.6,124.0,0.44989958719053835,30.581426419173084,28.200603759062748,2.3808226601103364,0.2595063887773915
2025-01-14,8.0,Yoga + Walk,81.18333333333334,28.0,1.81333,84.25,116.0,0.45490551424868614,30.520689809498602,28.173898965338307,2.346790844160296,0.2563060073683668
2025-01-15,4.0,Walk + Yoga,41.65,25.0,2.48656,91.75,133.0,0.6001200360120043,30.39079728976495,27.751382869091746,2.639414420673205,0.2894971127287174
2025-01-16,3.0,Workout + Walk,25.916666666666668,12.0,1.71334,88.0,131.0,0.5270801692562064,29.958092848416285,25.65452569971924,4.303567148697045,0.4788430258753438
2025-01-17,1.0,Run,43.53333333333333,78.0,3.39034,132.0,148.0,1.0368405300909123,31.088437893702583,32.622865177145506,-1.5344272834429233,-0.16452282449715752
2025-01-18,1.0,Yoga,15.016666666666667,1.0,0.0,69.0,81.0,0.1998889813958309,30.380507698795032,28.41316294884705,1.9673447499479835,0.21585603170878032
2025-01-19,2.0,Yoga + Run,63.36666666666667,60.0,3.6281,94.0,134.0,0.7537387087254019,31.07740439485925,32.61806903734531,-1.5406646424860568,-0.16525024879929698
2025-01-20,4.0,Yoga + Workout,46.06666666666667,13.0,0.0,74.75,109.0,0.41148490414429506,30.652073559742888,30.006470484247966,0.6456030754949218,0.070207656505043
2025-01-21,6.0,Walk + Yoga,54.1,26.0,2.50584,95.5,133.0,0.5369868697988938,30.542618115312443,29.47312071879597,1.069497396516475,0.11672186412645111
2025-01-22,3.0,Yoga + Walk,37.46666666666667,13.0,1.6469,83.33333333333333,113.0,0.45627300312508395,30.129869899355338,27.28018429104105,2.8496856083142887,0.31526694471115313
2025-01-23,3.0,Yoga + Walk,38.7,14.0,1.99983,81.33333333333333,110.0,0.46589082794780523,29.750361266104758,25.51229826651302,4.238062999591737,0.4748472308939943
2025-01-24,5.0,Walk + Workout + Run,51.15,45.0,3.85041,98.4,138.0,0.7265392195447242,30.109159544675933,28.106542050316833,2.0026174943591,0.22170634281434293
2025-01-25,1.0,Workout,4.983333333333333,5.0,0.0,97.0,110.0,0.7758909001678075,29.51838337100998,25.030550643067908,4.48783272794207,0.5067839332002594
2025-01-26,2.0,Workout + Yoga,15.0,3.0,0.0,71.5,102.0,0.34641016151377546,28.894450537580916,22.09779747180272,6.7966530657781945,0.7840782502437369
2025-01-27,3.0,Yoga + Walk + Run,44.45,44.0,2.43492,97.0,141.0,0.7706657896131696,29.24985863862275,25.013464672453225,4.236393966169526,0.48278227238741966
2025-01-28,8.0,Yoga + Walk,83.65,50.0,2.06062,91.0,122.0,0.5988632387455927,29.73807446658348,28.33972473322254,1.3983497333609414,0.15674067206696696
2025-01-29,3.0,Walk + Yoga,33.68333333333334,17.0,1.7239499999999999,91.0,115.0,0.5502911828728048,29.438369059086643,26.83015676048114,2.608212298605501,0.29533025344921787
2025-01-30,2.0,Yoga + Walk,30.916666666666664,7.0,0.7870900000000001,83.0,105.0,0.3685770701003707,28.910432080851844,24.190324644242757,4.720107436609087,0.5442219407638833
2025-01-31,2.0,Yoga + Run,40.166666666666664,58.0,2.43491,109.0,141.0,0.9308007528433655,29.594860550004416,28.69113963636569,0.9037209136387254,0.10178804662291165
2025-02-01,2.0,Walk + Yoga,25.666666666666668,9.0,1.12507,84.0,126.0,0.458682472293863,29.11029821763056,26.069813771660243,3.0404844459703178,0.34815679583441
2025-02-02,1.0,Workout,4.983333333333333,2.0,0.0,78.0,91.0,0.4907164920657184,28.47243862621502,22.865589609754828,5.606849016460192,0.6564066031325557
2025-02-03,4.0,Walk + Yoga + Pilates + Run,57.983333333333334,64.0,3.1696500000000003,100.0,135.0,0.8137931370472137,29.308342222699093,28.341488713442217,0.9668535092568753,0.10996340244588046
2025-02-04,3.0,Walk,15.266666666666667,5.0,1.09503,95.33333333333333,118.0,0.4432905934241562,28.736407929918922,25.234220712951355,3.5021872169675667,0.40624275025472284
2025-02-05,4.0,Walk + Yoga,67.03333333333333,34.0,3.8540799999999997,94.25,119.0,0.5516576890316381,28.860251373478558,26.40113966196963,2.4591117115089283,0.284025212819035
2025-02-06,3.0,Yoga + Walk,42.599999999999994,24.0,1.71251,93.66666666666667,116.0,0.5814018997338111,28.745897856214487,26.081494907175095,2.664402949039392,0.30896036741968075
2025-02-07,3.0,WeightTraining + Yoga + Run,56.31666666666667,97.0,3.02346,107.0,155.0,1.0165834184660927,30.35180175872327,35.52231525170939,-5.170513492986117,-0.5678425654472703
2025-02-08,3.0,Yoga + Walk,40.96666666666667,28.0,1.15086,89.33333333333333,115.0,0.6403823105469992,30.296467830012222,34.520928846660595,-4.224461016648373,-0.4647913677980581
2025-02-09,2.0,Run + Yoga,48.35,64.0,3.2854200000000002,108.5,137.0,0.8911839840824144,31.089455095833895,38.445244712006975,-7.35578961617308,-0.7886692978373434
2025-02-10,1.0,Pilates,9.8,7.0,0.0,86.0,100.0,0.6546536707079771,30.5226708479624,34.259187693075106,-3.736516845112707,-0.40805918369385263
2025-02-11,4.0,Walk + Yoga,51.15,22.0,1.91815,89.25,117.0,0.508000508000762,30.32214677769175,32.62721888001622,-2.3050721023244733,-0.25339807668458947
2025-02-12,3.0,Walk,52.0,38.0,3.6755500000000003,103.66666666666667,126.0,0.6621642835894567,30.5027937141443,33.34245478689103,-2.8396610727467326,-0.3103170482632402
2025-02-13,5.0,Walk + Yoga,63.949999999999996,44.0,2.70629,97.4,119.0,0.6425126594798493,30.820360212957223,34.76120958916749,-3.94084937621027,-0.4262171011825156
2025-02-14,4.0,Walk + Workout,38.85,17.0,2.26239,93.75,116.0,0.5123946355576554,30.495190447287893,32.3968000656803,-1.9016096183924098,-0.20785896513521973
2025-02-15,2.0,Pilates + Run,29.95,61.0,2.03325,122.5,144.0,1.1054577006289295,31.212917165057746,36.20451811480241,-4.991600949744665,-0.5330700025407713
2025-02-16,2.0,Yoga + Run,34.416666666666664,52.0,2.04138,111.0,139.0,0.9521226445507658,31.702002163584044,38.307245837817874,-6.605243674233829,-0.694513829142443
2025-02-17,2.0,Walk + Pilates,21.683333333333334,8.0,0.91489,81.0,99.0,0.4704977984266939,31.14433402971003,34.27268161909999,-3.1283475893899606,-0.3348225487184586
2025-02-18,2.0,Yoga + Walk,24.433333333333334,8.0,0.69621,81.0,93.0,0.44323011309187066,30.599786886433865,30.7752070627706,-0.17542017633673623,-0.01910908475580562
2025-02-19,5.0,Workout + Yoga + Walk + WeightTraining,49.18333333333334,10.0,1.36368,77.4,100.0,0.34927431182386415,30.115108645672837,28.009567865449718,2.1055407802231194,0.2330547550064663
2025-02-20,2.0,Yoga + Walk,33.81666666666666,10.0,1.22466,82.5,99.0,0.42122120565171584,29.641834066433276,25.612096366609414,4.029737699823862,0.45315883522281547
2025-02-21,3.0,Yoga + WeightTraining + Run,42.66666666666667,83.0,2.23304,117.33333333333333,155.0,1.080364521816595,30.897261714179834,33.25169462722056,-2.354432913040725,-0.25400664248942095
2025-02-22,3.0,Yoga + Run,38.46666666666667,69.0,2.08649,111.66666666666667,145.0,1.03742782839745,31.793754879976177,38.01058411881682,-6.216829238840646,-0.6517872521725986
2025-02-23,2.0,Yoga,11.483333333333334,23.0,0.0,99.5,118.0,1.0962397796886605,31.58685265965673,36.012343634943356,-4.425490975286625,-0.4670182478525248
2025-02-24,2.0,Yoga + Run,33.75,38.0,2.0298599999999998,104.0,138.0,0.8219218670625302,31.737743199825662,36.27694462483461,-4.539201425008951,-0.4767406214560214
2025-02-25,2.0,Walk,31.549999999999997,11.0,2.2794,88.0,113.0,0.45737485623120977,31.249819079694852,32.91202466847827,-1.662205588783415,-0.1773029559567876
2025-02-26,1.0,Walk,10.45,1.0,0.7863,72.0,92.0,0.2396169191492615,30.538091857674843,28.663828921386425,1.8742629362884173,0.20458197421366575
2025-02-27,2.0,Yoga + Run,37.1,49.0,2.20083,106.0,140.0,0.8901981971385243,30.97246941744497,31.371022726411077,-0.3985533089661075,-0.04289328732499298
2025-02-28,0.0,-,0.0,0.0,0.0,,,0.0,30.243739451837513,27.19484629408645,3.0488931577510634,0.3360357342281652
2025-03-01,3.0,Yoga + WeightTraining + Run,50.06666666666667,61.0,2.18008,104.66666666666667,135.0,0.8550001752049718,30.96738238741993,31.695059354685593,-0.727676967265662,-0.07832724963769952
2025-03-02,3.0,Workout,34.63333333333333,53.0,0.0,91.66666666666667,148.0,0.9582226087155873,31.48577271848002,34.53121779908757,-3.04544508060755,-0.3224149425453653
2025-03-03,1.0,Workout,4.983333333333333,0.0,0.0,68.0,74.0,0.0,30.74496559196337,29.93434956148912,0.8106160304742502,0.08788604517483913
2025-03-04,3.0,Walk,31.133333333333333,12.0,2.36944,92.0,118.0,0.4808985166307384,30.30392816782274,27.54689128124928,2.7570368865734594,0.3032650719190624
2025-03-05,6.0,Walk + Yoga,43.25,24.0,1.87114,91.33333333333333,116.0,0.577016444201214,30.155607370568454,27.074721664531605,3.080885706036849,0.3405542091699293
2025-03-06,5.0,Walk + Yoga,49.68333333333334,19.0,2.3552600000000004,88.4,107.0,0.4790127384766978,29.893134744769174,25.99979775761645,3.8933369871527255,0.4341394794484262
2025-03-07,2.0,Yoga + Run,36.016666666666666,50.0,2.18693,108.5,141.0,0.9126596898043646,30.366215370935368,29.194755086542948,1.1714602843924204,0.1285925021258624
2025-03-08,2.0,WeightTraining + Yoga,16.5,9.0,0.0,84.0,113.0,0.5720775535473553,29.863504360632344,26.506386875391648,3.357117485240696,0.37471796619491027
2025-03-09,4.0,Yoga + Workout + Run,92.33333333333333,146.0,3.47911,99.25,147.0,0.9740310375413418,32.59600022114577,42.41362762097877,-9.817627399833,-1.0039705621575088
2025-03-10,1.0,Run,19.733333333333334,21.0,1.474,117.0,129.0,0.7990704058551495,32.323165894362,39.56300053810656,-7.239834643744558,-0.7466094820255395
2025-03-11,4.0,Walk + Yoga,60.11666666666667,30.0,2.86893,90.0,117.0,0.5471908247811744,32.26850571924063,38.28995382178367,-6.02144810254304,-0.6220149718050164
2025-03-12,0.0,-,0.0,0.0,0.0,,,0.0,31.509282205414454,33.19271475055927,-1.6834325451448144,-0.17808853215276133
2025-03-13,8.0,Walk + Yoga,64.38333333333334,29.0,2.35093,89.0,116.0,0.5198617869246884,31.45024302740751,32.63457175721643,-1.184328729808918,-0.1255240676282244
2025-03-14,2.0,Yoga + Run,37.550000000000004,69.0,2.04571,116.5,152.0,1.050014266595108,32.33372547559078,37.47561394137984,-5.141888465789059,-0.5300851654794876
2025-03-15,0.0,-,0.0,0.0,0.0,,,0.0,31.572967450900737,32.48678150535198,-0.9138140544512403,-0.09647641935803855
2025-03-16,1.0,Run,23.116666666666667,37.0,2.04198,129.0,144.0,0.9799724846423455,31.70065637326442,33.08759063024585,-1.38693425698143,-0.14583654469177254
2025-03-17,1.0,Walk,26.016666666666666,9.0,2.13409,92.0,127.0,0.4555867171972984,31.166548216914503,29.880999975589674,1.285548241324829,0.13749231305924609
2025-03-18,2.0,Walk,19.46666666666667,8.0,1.3324099999999999,94.5,124.0,0.4965635331614207,30.621478411281025,26.96815530327295,3.653323108008074,0.3976863406070537
2025-03-19,0.0,-,0.0,0.0,0.0,,,0.0,29.901006672048837,23.378097829437976,6.52290884261086,0.7271671390145772
2025-03-20,6.0,Walk + Yoga,39.3,21.0,2.33978,91.33333333333333,125.0,0.5662249438367236,29.6915809979584,23.061520451783657,6.630060546174743,0.7443255319446308
2025-03-21,2.0,Walk + Run,37.95,60.0,3.02991,111.0,156.0,0.9739695071153479,30.404686977313542,27.978848429277182,2.42583854803636,0.26595006551088646
2025-03-22,0.0,-,0.0,0.0,0.0,,,0.0,29.68931597487085,24.25424536380047,5.43507061107038,0.6102162155650699
2025-03-23,0.0,-,0.0,0.0,0.0,,,0.0,28.99077644553353,21.025469280996933,7.965307164536597,0.9158438350787684
2025-03-24,0.0,-,0.0,0.0,0.0,,,0.0,28.308672373128253,18.226514651572582,10.08215772155567,1.1871694992339836
2025-03-25,1.0,Walk,7.166666666666667,2.0,0.48642,86.0,107.0,0.4091966036822841,27.689673685769822,16.066406941420787,11.623266744349035,1.3992300133560167
2025-03-26,1.0,Run,24.166666666666668,32.0,2.00311,124.0,133.0,0.8913376232498489,27.791088393922113,18.18752031390478,9.603568080017332,1.1518762110468028
2025-03-27,4.0,Walk,33.4,7.0,2.33168,80.75,103.0,0.3546103537603097,27.301909151349005,16.69821411313027,10.603695038218735,1.2946219230111728
2025-03-28,2.0,Yoga + Run,22.5,33.0,1.14342,111.0,154.0,0.938083151964686,27.43597561832005,18.86834208821322,8.567633530106832,1.0409244719775759
2025-03-29,1.0,Walk,12.0,3.0,0.9634299999999999,84.0,109.0,0.3872983346207417,26.861038327014075,16.755915061947686,10.10512326506639,1.2540000802207378
2025-03-30,0.0,-,0.0,0.0,0.0,,,0.0,26.229043400409985,14.525332457293644,11.703710943116342,1.4873729558043283
2025-03-31,1.0,Workout,4.983333333333333,1.0,0.0,73.0,80.0,0.3469889591797441,25.635446561820984,12.724811794001678,12.910634767819307,1.6787477886247277
2025-04-01,5.0,Walk,38.03333333333333,20.0,2.99824,91.8,126.0,0.5617051790314426,25.502854009259924,13.693300127696883,11.80955388156304,1.5435597753458061
2025-04-02,5.0,Walk,31.116666666666667,14.0,2.06559,93.8,119.0,0.5195688542651902,25.23221125573656,13.734128658844226,11.498082596892333,1.5189688133626202
2025-04-03,1.0,Run,23.183333333333334,40.0,2.01175,131.0,145.0,1.0174607883290656,25.579672416765064,17.230696616670397,8.348975800094667,1.0879701225340557
2025-04-04,5.0,Walk,22.45,9.0,1.6226500000000001,91.6,110.0,0.4904431885123181,25.189580688940257,16.135008996540158,9.0545716924001,1.198190077637352
2025-04-05,1.0,Workout,4.983333333333333,1.0,0.0,72.0,79.0,0.3469889591797441,24.620440654740026,14.120204811620834,10.500235843119192,1.4216149351084888
2025-04-06,2.0,Workout + Yoga,10.0,7.0,0.0,84.5,101.0,0.6480740698407861,24.205861405689753,13.172348192889007,11.033513212800745,1.51939965116703
2025-04-07,3.0,Pilates + Yoga + Run,36.18333333333333,33.0,2.006,87.33333333333333,140.0,0.7397386469396743,24.412772654160285,15.811846844473731,8.600925809686554,1.1743751152358126
2025-04-08,3.0,Walk,22.299999999999997,6.0,1.62466,79.0,109.0,0.4017897181094551,23.979551169552195,14.505673185207835,9.47387798434436,1.3169384638543926
2025-04-09,0.0,-,0.0,0.0,0.0,,,0.0,23.415352775696405,12.574647505255495,10.84070527044091,1.5432474830065126
2025-04-10,4.0,Walk,24.266666666666666,9.0,1.87458,93.25,108.0,0.47172817652486326,23.076183838571367,12.098782921703108,10.977400916868259,1.5856753718697283
2025-04-11,3.0,Walk + Run,47.016666666666666,52.0,3.8885099999999997,103.0,149.0,0.8146130799625568,23.75671244843037,17.410516741689914,6.346195706740456,0.8904424690518371
2025-04-12,0.0,-,0.0,0.0,0.0,,,0.0,23.19775707383115,15.092792186601528,8.10496488722962,1.1646190421821203
2025-04-13,1.0,Workout,26.466666666666665,51.0,0.0,112.0,146.0,1.075254055855992,23.851896957168503,19.87283510482782,3.9790618523406813,0.556079020952504
2025-04-14,2.0,WeightTraining + Run,34.900000000000006,65.0,2.0848400000000002,123.5,149.0,1.0571085611367703,24.820042419226024,25.880258073993016,-1.060215654766992,-0.14238703233718505
2025-04-15,2.0,Walk + Run,37.85,61.0,3.23791,112.5,148.0,0.9833488195572834,25.671295798095024,30.555471879414668,-4.884176081319644,-0.6341942014060807
2025-04-16,3.0,Yoga + Pilates + Run,40.8,64.0,2.0641,107.0,149.0,0.9701425001453319,26.573105560770923,35.007677704691105,-8.434572143920182,-1.058033673009587
2025-04-17,3.0,Walk + Yoga,34.85,18.0,1.97934,88.0,111.0,0.556686239801139,26.371394846773708,32.74357992827061,-6.372185081496905,-0.8054415423127157
2025-04-18,2.0,Walk + Yoga,11.383333333333333,8.0,0.5076700000000001,95.5,113.0,0.649360536898729,25.939146912183453,29.44966260051998,-3.5105156883365254,-0.4511219663752908
2025-04-19,2.0,Yoga + Run,74.9,63.0,5.013739999999999,94.0,131.0,0.7104033341674725,26.81112627656878,33.91595397922879,-7.10482770266001,-0.883318319587489
2025-04-20,0.0,-,0.0,0.0,0.0,,,0.0,26.180305696327395,29.400990953537665,-3.2206852572102704,-0.4100646359351045
2025-04-21,1.0,Workout,21.366666666666667,21.0,0.0,96.0,118.0,0.7679216028629002,26.058421840667034,28.282633393623005,-2.224211552955971,-0.28451602154520406
2025-04-22,1.0,Workout,14.833333333333334,36.0,0.0,119.0,145.0,1.2067227416771837,26.292330406771033,29.309985444661724,-3.017655037890691,-0.38257735129145726
2025-04-23,1.0,Run,23.683333333333334,40.0,2.0526999999999997,131.0,148.0,1.0066632334537773,26.614848752228042,30.733062633969485,-4.118213881741443,-0.5157789823868766
2025-04-24,2.0,Workout,35.03333333333333,67.0,0.0,113.5,144.0,1.0712042717508723,27.56504324538217,35.56099350576409,-7.9959502603819175,-0.9669191264218844
2025-04-25,0.0,-,0.0,0.0,0.0,,,0.0,26.916484270460355,30.82703936330662,-3.9105550928462662,-0.4842825501221355
2025-04-26,4.0,Workout + Yoga + Run,121.55000000000001,157.0,2.02821,107.25,140.0,0.8803350022384585,29.97712998992281,47.62344887800091,-17.6463188880781,-1.9621979482369984
2025-04-27,0.0,-,0.0,0.0,0.0,,,0.0,29.271818682253468,41.28371534222157,-12.011896659968102,-1.3678567760978144
2025-04-28,0.0,-,0.0,0.0,0.0,,,0.0,28.58310216003869,35.787940449749385,-7.204838289710697,-0.8402211732617789
2025-04-29,0.0,-,0.0,0.0,0.0,,,0.0,27.910589975966356,31.023774653463317,-3.1131846774969603,-0.37180447519235593
2025-04-30,2.0,Yoga + Run,35.78333333333333,37.0,2.24331,101.0,145.0,0.7876551015002838,28.12444846315806,31.819342323160477,-3.6948938600024164,-0.4379219341068542
2025-05-01,3.0,Walk + Workout,22.5,8.0,1.38892,87.33333333333333,133.0,0.46188021535170065,27.650954133766096,28.648461446531964,-0.9975073127658689,-0.12024989661481014
2025-05-02,1.0,Walk,12.6,7.0,1.0511199999999998,99.0,114.0,0.5773502691896257,27.165072013976694,25.76657279159241,1.3984992223842845,0.17160506963558977
2025-05-03,0.0,-,0.0,0.0,0.0,,,0.0,26.525923687517473,22.336472505335802,4.189451182181671,0.5264599807512247
2025-05-04,3.0,Workout + Yoga + Run,45.75,49.0,2.64492,98.66666666666667,133.0,0.8016376680394155,27.054700797198958,25.885977285494278,1.1687235117046804,0.14399512558715627
2025-05-05,7.0,Walk + Yoga,54.66666666666667,21.0,2.44394,87.57142857142857,113.0,0.4800914547021731,26.91224389961555,25.23554572747637,1.6766981721391794,0.2076747642440339
2025-05-06,0.0,-,0.0,0.0,0.0,,,0.0,26.27904419225414,21.876136879284385,4.402907312969756,0.558481412129331
2025-05-07,3.0,Walk,23.5,11.0,1.55542,93.66666666666667,109.0,0.5299538317908337,25.91955405284456,20.42828269530954,5.49127135753502,0.7061941660389506
2025-05-08,2.0,Run + Workout,30.3,34.0,2.18007,94.5,141.0,0.8205286873307193,26.109673317078844,22.23497820690674,3.874695110172105,0.494669167644927
2025-05-09,0.0,-,0.0,0.0,0.0,,,0.0,25.49535674186705,19.27501120899437,6.2203455328726776,0.8132651493958734
2025-05-10,0.0,-,0.0,0.0,0.0,,,0.0,24.89549399953156,16.709081234514247,8.186412765017312,1.096103678463708
2025-05-11,3.0,Walk + Run,65.96666666666667,83.0,5.16344,114.0,143.0,0.8688651970657224,26.262595023627192,25.53386756806581,0.7287274555613834,0.0924924409165434
2025-05-12,3.0,Walk,24.05,11.0,1.91704,89.66666666666667,119.0,0.5238590215203652,25.90349190541138,23.59908859265217,2.3044033127592094,0.296537023035854
2025-05-13,2.0,Workout + Run,65.6,88.0,2.43491,113.5,143.0,0.8971499589146108,27.364518005662372,32.1722731772008,-4.807755171538428,-0.5856434441300457
2025-05-14,3.0,Walk + Yoga,20.633333333333333,13.0,1.1477300000000001,95.33333333333333,128.0,0.6148406941313623,27.026545124935655,29.62001990528857,-2.5934747803529135,-0.31986759293675326
2025-05-15,2.0,Yoga + Run,32.13333333333333,41.0,2.0336600000000002,104.5,151.0,0.874962951201423,27.35531694978691,31.13494675629768,-3.779629806510769,-0.460560045596573
2025-05-16,3.0,Walk,37.81666666666666,21.0,2.4579,97.33333333333333,114.0,0.5772230294593336,27.205787061168017,29.785761358179247,-2.57997429701123,-0.31610606611141906
2025-05-17,1.0,Workout,0.05,0.0,0.0,62.0,63.0,0.0,26.56568077832051,25.820618248638542,0.7450625296819666,0.09348684817568473
2025-05-18,1.0,Workout,19.316666666666666,7.0,0.0,76.0,97.0,0.4662926312376227,26.105333310106005,23.315178019379722,2.7901552907262825,0.3562688713939469
2025-05-19,1.0,WeightTraining,39.05,32.0,0.0,91.0,124.0,0.70119707411523,26.244024875066415,24.471319761735682,1.7727051133307334,0.2251566622332286
2025-05-20,4.0,Walk + WeightTraining + Yoga + Run,64.36666666666667,79.0,3.00318,99.5,142.0,0.8581410182773747,27.485283988772313,31.7302921989042,-4.245008210131886,-0.514821945186615
2025-05-21,2.0,Walk + WeightTraining,34.916666666666664,27.0,0.50358,93.5,116.0,0.681147424455589,27.473866075021828,31.10058576659074,-3.626719691568912,-0.44002054918488337
2025-05-22,3.0,Workout + WeightTraining + VirtualRun,27.299999999999997,14.0,0.6735599999999999,86.66666666666667,132.0,0.5547001962252291,27.156848732003006,28.824119873840033,-1.667271141837027,-0.20464710495812305
2025-05-23,2.0,Workout + VirtualRun,30.78333333333333,33.0,1.03438,107.0,128.0,0.8020007466441403,27.29432822597478,29.380021806625923,-2.0856935806511423,-0.25471636004170295
2025-05-24,0.0,-,0.0,0.0,0.0,,,0.0,26.652138718857525,25.468891598342417,1.1832471205151087,0.14798651282694383
2025-05-25,2.0,Walk,19.633333333333333,5.0,1.4483199999999998,85.5,108.0,0.3908981430427822,26.14270041443115,22.74402975898521,3.3986706554459403,0.4333485831695521
2025-05-26,5.0,Pilates + WeightTraining + Yoga + Run,60.45,66.0,2.005,95.0,138.0,0.8093743562995035,27.08047544827583,28.50235536581274,-1.4218799175369092,-0.17501907358221047
2025-05-27,2.0,Walk + WeightTraining,38.733333333333334,13.0,0.9205800000000001,79.5,106.0,0.44875041650865943,26.7491856098434,26.438649260696707,0.3105363491466946,0.03869729639325552
2025-05-28,2.0,Walk + WeightTraining,48.11666666666667,33.0,0.8784500000000001,96.5,128.0,0.6414825226066858,26.896256729493672,27.31211005158846,-0.41585332209478665,-0.051537942779818595
2025-05-29,0.0,-,0.0,0.0,0.0,,,0.0,26.263433173280433,23.676264599266826,2.5871685740136066,0.32836130713808176
2025-05-30,3.0,Walk,33.550000000000004,28.0,2.3972700000000002,105.66666666666667,132.0,0.7076334902213584,26.30429166172881,24.251849336736917,2.052442324991894,0.26008966539074635
2025-05-31,0.0,-,0.0,0.0,0.0,,,0.0,25.68539604512087,21.023392218088333,4.662003827032539,0.6050135543744932
2025-06-01,3.0,Workout + Yoga + Run,113.96666666666667,129.0,3.19585,99.66666666666667,137.0,0.8241031180064339,28.116214420370657,35.3974650238673,-7.281250603496641,-0.8632326878046637
2025-06-02,1.0,WeightTraining,20.55,28.0,0.0,106.0,128.0,0.9041671572088772,28.11348009107265,34.41269894336551,-6.299218852292864,-0.7468800058295595
2025-06-03,2.0,Walk,56.266666666666666,24.0,4.20111,93.5,114.0,0.5058894845874085,28.01669684254013,33.026538590755635,-5.0098417482155035,-0.5960542953334688
2025-06-04,2.0,WeightTraining + Run,57.31666666666667,67.0,3.33812,108.5,143.0,0.8374763736126571,28.933908214559445,37.549157126310405,-8.61524891175096,-0.9925204766514277
2025-06-05,0.0,-,0.0,0.0,0.0,,,0.0,28.25314215571206,32.55053446704553,-4.297392311333471,-0.5070105462546637
2025-06-06,3.0,WeightTraining + Yoga + Run,53.650000000000006,63.0,2.09878,100.0,136.0,0.8393846767728836,29.070677114922425,36.60403127027689,-7.533354155354466,-0.8637975792094044
2025-06-07,1.0,Yoga,18.316666666666666,14.0,0.0,84.0,110.0,0.6771991775797205,28.716089501399665,33.59493515346506,-4.878845652065394,-0.5663312492261632
2025-06-08,3.0,Walk + Yoga + Run,77.16666666666667,87.0,4.9061200000000005,105.33333333333333,144.0,0.8224705972673616,30.08741161074334,40.70432954981354,-10.616917939070195,-1.1762303424908334
2025-06-09,4.0,Workout + Yoga + Run,117.63333333333333,130.0,2.68487,96.25,129.0,0.8142956213963205,32.438186297751216,52.591556743358005,-20.15337044560679,-2.0709512199211053
2025-06-10,2.0,Yoga + WeightTraining,26.15,16.0,0.0,82.5,118.0,0.6058983501441946,32.05142349966892,47.72041185827178,-15.66898835860286,-1.6295675977038082
2025-06-11,3.0,Walk + Run,55.96666666666667,58.0,4.45104,105.66666666666667,147.0,0.7885421293096823,32.66194973849694,49.088852221401766,-16.426902482904822,-1.6764566122990596
2025-06-12,3.0,Walk,24.15,12.0,1.63558,96.33333333333333,112.0,0.546018906231948,32.175808910673986,44.15150631783362,-11.975697407159636,-1.2406523008643329
2025-06-13,3.0,Walk,28.266666666666666,12.0,2.5114400000000003,96.33333333333333,114.0,0.5046949386828399,31.701106156579186,39.8714302706083,-8.170324114029114,-0.8590997922568769
2025-06-14,0.0,-,0.0,0.0,0.0,,,0.0,30.955232597456693,34.56366173302074,-3.6084291355640445,-0.38856426229971386
2025-06-15,3.0,Walk + Yoga + Run,56.233333333333334,48.0,3.52775,96.33333333333333,141.0,0.7156477825482809,31.35626722584336,36.35233530278802,-4.99606807694466,-0.5311078686928841
2025-06-16,0.0,-,0.0,0.0,0.0,,,0.0,30.618507145137723,31.51303607829526,-0.8945289331575381,-0.09738434001341037
2025-06-17,3.0,Walk + WeightTraining + Run,54.599999999999994,61.0,3.69039,104.33333333333333,136.0,0.8187366306265222,31.333332428999555,35.43840264554322,-4.105070216543666,-0.43670961010883425
2025-06-18,0.0,-,0.0,0.0,0.0,,,0.0,30.596111965380626,30.720768055869787,-0.12465609048916093,-0.013580820402954987
2025-06-19,2.0,Walk + Run,36.233333333333334,37.0,2.95861,109.0,136.0,0.7827486775334167,30.7467846497031,31.55667260022815,-0.8098879505250522,-0.0878019127042685
2025-06-20,2.0,Yoga + Run,51.65,58.0,3.0241100000000003,101.5,144.0,0.8208323402991194,31.388006840198777,35.07686388127935,-3.688857041080574,-0.39174803929211127
2025-06-21,0.0,-,0.0,0.0,0.0,,,0.0,30.649499979901048,30.407358091226445,0.2421418886746025,0.026334512127265956
2025-06-22,2.0,Yoga + Workout,7.85,7.0,0.0,90.0,118.0,0.731458711844871,30.09306713385617,27.2913214208228,2.8017457130333696,0.310342323540391
2025-06-23,4.0,WeightTraining + Yoga + Workout + Run,74.93333333333334,85.0,2.6696999999999997,100.25,135.0,0.8249878679146777,31.384934655295044,34.973621915924575,-3.5886872606295306,-0.38114754738694057
2025-06-24,2.0,Yoga + WeightTraining,32.53333333333333,25.0,0.0,88.5,116.0,0.679018095318889,31.234707912020312,33.64591241937908,-2.411204507358768,-0.25732106669611216
2025-06-25,5.0,Walk + Workout + Run,61.733333333333334,61.0,3.86685,106.6,152.0,0.7699821882318996,31.935035031153802,37.287346008528814,-5.352310977375012,-0.5586665733682601
2025-06-26,1.0,Walk,26.95,10.0,1.809,93.0,108.0,0.47184161362558313,31.418940653646793,33.65479719762996,-2.235856543983168,-0.23720898895887849
2025-06-27,2.0,Yoga,9.233333333333334,5.0,0.0,84.0,103.0,0.5700085501923797,30.797347539632,29.840210412448847,0.9571371271831524,0.10359519067363913
2025-06-28,2.0,Workout + Run,29.85,49.0,2.01187,121.0,145.0,0.9924336870116702,31.22562525047985,32.39080184268826,-1.165176592208411,-0.12438252053794667
2025-06-29,5.0,Walk + Workout + Run + Yoga,73.7,72.0,5.10419,99.6,140.0,0.7656109381064041,32.18497751614542,37.66366149060084,-5.478683974455414,-0.5674162707023861
2025-06-30,2.0,Walk + Yoga,31.65,8.0,1.51056,79.5,104.0,0.3894339068089884,31.615945786837102,33.714772571872395,-2.0988267850352926,-0.22128356781164868
2025-07-01,2.0,Yoga + Run,49.3,72.0,3.12813,110.5,145.0,0.9360917414862188,32.566114468617194,38.811382455646694,-6.2452679870295,-0.639239906155404
2025-07-02,3.0,Yoga + Workout + Run,52.68333333333334,65.0,2.02384,105.66666666666667,144.0,0.8603906472073958,33.32922909048484,42.29766622579025,-8.968437135305415,-0.8969541530605852
2025-07-03,2.0,Yoga,31.1,22.0,0.0,84.0,106.0,0.6514885256360006,33.06267143845539,39.59559826764325,-6.532926829187858,-0.6586407515344099
2025-07-04,2.0,Workout + Run,24.583333333333332,34.0,1.08581,113.5,137.0,0.9109503326057773,33.08472519856121,38.85070047410033,-5.76597527553912,-0.5809302471089056
2025-07-05,3.0,Workout + Walk,60.45,65.0,1.52474,99.33333333333333,140.0,0.8032193289024988,33.835637784669224,42.331750147049675,-8.496112362380451,-0.8369983956412965
2025-07-06,2.0,Workout + Run,53.31666666666666,93.0,3.47106,125.5,146.0,1.023023487183843,35.227675437891705,49.07681398345697,-13.849138545565268,-1.3104411397588096
2025-07-07,2.0,Walk,29.666666666666668,16.0,2.31145,99.5,124.0,0.5688545557679727,34.775280665240025,44.673559036406616,-9.89827837116659,-0.9487849014027285
2025-07-08,0.0,-,0.0,0.0,0.0,,,0.0,33.95707696499207,38.72652103184591,-4.769444066853843,-0.4681836103237906
2025-07-09,2.0,Workout + Run,41.233333333333334,67.0,2.0093,118.5,138.0,0.9873901809528991,34.73452121208554,42.49034593345566,-7.755824721370118,-0.7442955356539798
2025-07-10,1.0,Walk,7.55,2.0,0.54023,86.0,96.0,0.39867329651105726,33.9643331397188,37.100186042952345,-3.135852903233541,-0.30775940654505696
2025-07-11,3.0,Workout + Yoga + Run,59.666666666666664,63.0,3.11848,99.33333333333333,134.0,0.7959394154536046,34.64749340786858,40.54802367299409,-5.900530265125511,-0.5676726447581417
2025-07-12,0.0,-,0.0,0.0,0.0,,,0.0,33.83229632625391,35.150185600665765,-1.3178892744118542,-0.12984528764104517
2025-07-13,3.0,Yoga + Workout + Run,69.73333333333333,84.0,4.01448,103.0,139.0,0.8501490140441885,35.012657778227215,41.65317549031896,-6.640517712091743,-0.6322016220679654
2025-07-14,0.0,-,0.0,0.0,0.0,,,0.0,34.188868994883315,36.108217286973435,-1.9193482920901204,-0.18713188907354308
2025-07-15,2.0,Walk + Run,33.0,34.0,2.71971,110.5,139.0,0.7862453931068965,34.18442522599002,35.82756697394856,-1.6431417479585377,-0.16022323393337584
2025-07-16,2.0,Walk,13.083333333333332,4.0,1.0101499999999999,90.5,106.0,0.42829836614894984,33.474236611051,31.590614412534766,1.8836221985162318,0.18756934578301762
2025-07-17,3.0,Walk + Workout + Run,48.849999999999994,72.0,3.8677399999999995,118.33333333333333,142.0,0.94039343668623,34.380682844027724,36.96999669174288,-2.589313847715154,-0.25104347689097206
2025-07-18,2.0,Workout + Run,26.4,47.0,2.0489499999999996,124.5,142.0,1.0335288182638247,34.67759409230816,38.30521179765069,-3.62761770534253,-0.34869947971651744
2025-07-19,0.0,-,0.0,0.0,0.0,,,0.0,33.86168879235802,33.20594155263331,0.655747239724704,0.06455153922827918
2025-07-20,2.0,Walk + Run,61.91666666666667,107.0,4.60572,123.0,159.0,1.0182718318568784,35.582509896177164,43.029561599104625,-7.44705170292746,-0.697632228554282
2025-07-21,1.0,Walk,29.2,10.0,2.1855100000000003,89.0,112.0,0.4532984139116246,34.980596587117816,38.63259698870107,-3.6520004015832512,-0.3480024887976668
2025-07-22,4.0,Walk + Workout,48.85,58.0,2.43226,102.25,161.0,0.8440289400171591,35.522204323694524,41.210826353949834,-5.68862203025531,-0.5338090300194579
2025-07-23,2.0,Workout + Run,32.45,55.0,1.7821500000000001,120.0,146.0,1.0084389681792214,35.98048400369022,43.046470110421474,-7.065986106731252,-0.6546128456755013
2025-07-24,1.0,Walk,50.15,18.0,3.46131,90.0,113.0,0.46406242918969826,35.55743354190707,39.712231405477866,-4.154797863570792,-0.38949172739309723
2025-07-25,0.0,-,0.0,0.0,0.0,,,0.0,34.72082710369105,34.42565575517386,0.2951713485171936,0.02833758804532386
2025-07-26,1.0,Workout,4.516666666666667,4.0,0.0,93.0,105.0,0.7289480870769445,33.99801785729315,30.375328559567137,3.622689297726012,0.3551863241882972
2025-07-27,1.0,Run,57.45,89.0,5.02643,128.0,144.0,0.9641078344506314,35.29212172789448,38.1795679481731,-2.887446220278619,-0.27271867666303323
2025-07-28,2.0,Yoga + Workout,15.333333333333334,7.0,0.0,78.0,137.0,0.523367025593188,34.6264558226077,34.02887837803038,0.5975774445773254,0.05752609581131946
2025-07-29,2.0,Workout + Run,61.45,80.0,4.138649999999999,114.5,142.0,0.8838115546411285,35.69401878771168,40.14865063918681,-4.454631851475135,-0.4160017096019015
2025-07-30,1.0,Workout,9.716666666666667,14.0,0.0,102.0,135.0,0.9297816929631753,35.18359511590228,36.66768734739951,-1.484092231497229,-0.14060456552817793
2025-07-31,3.0,Walk,31.266666666666666,20.0,2.13813,101.66666666666667,131.0,0.6195121541733007,34.82635073226986,34.44884980140636,0.3775009308634978,0.036131733866841625
2025-08-01,3.0,Yoga + Walk + Run,44.75,50.0,2.89794,104.0,142.0,0.8187741211424028,35.183361106869974,36.51905157714353,-1.3356904702735548,-0.12654565759236547
2025-08-02,1.0,Workout,71.61666666666666,119.0,0.0,120.0,138.0,0.9984861708933221,37.15542525050331,47.499088661791134,-10.343663411287821,-0.9279634886471664
2025-08-03,1.0,Run,70.01666666666667,107.0,6.023359999999999,128.0,143.0,0.957561769169889,38.798750290850286,55.41997494591173,-16.621224655061447,-1.4279862564698076
2025-08-04,2.0,Walk,15.366666666666667,5.0,1.08942,85.0,103.0,0.44184586195491427,38.00352270324458,48.70796198656874,-10.704439283324163,-0.9388988635703732
2025-08-05,1.0,Run,35.516666666666666,52.0,3.0393600000000003,127.0,137.0,0.937262405368991,38.332836206847404,49.146205001018956,-10.813368794171552,-0.9403051329867385
2025-08-06,1.0,Workout,72.83333333333333,70.0,0.0,95.0,126.0,0.7593806943171533,39.077911159407435,51.92230598946247,-12.844394830055037,-1.0956227741771145
2025-08-07,1.0,Walk,29.766666666666666,11.0,2.13638,90.0,110.0,0.4708763362881467,38.41728526749842,46.47464266907951,-8.057357401581086,-0.6991086907432376
2025-08-08,2.0,WeightTraining + Run,51.15,89.0,4.09934,122.5,144.0,1.0217574417613613,39.607411229704915,52.13570755084565,-12.528296321140736,-1.0543730690940925
2025-08-09,2.0,Workout + OpenWaterSwim,9.799999999999999,19.0,0.13276,113.0,141.0,1.0785477764672502,39.12255360100634,47.72461256841331,-8.602058967406975,-0.7329156011589955
2025-08-10,3.0,Workout + OpenWaterSwim + Run,51.06666666666667,60.0,3.64076,114.33333333333333,144.0,0.8396194587485085,39.613764701782856,49.35873792468635,-9.744973222903496,-0.8199989150458868
2025-08-11,6.0,Workout + OpenWaterSwim + Walk + Yoga + Pilates + Run,47.61666666666667,65.0,2.71241,101.5,142.0,0.9050088132430547,40.21106000059919,51.44093558270994,-11.22987558211075,-0.930911013200797
2025-08-12,3.0,Workout + OpenWaterSwim + Run,51.95,99.0,4.02963,132.66666666666666,168.0,1.069302166009644,41.594264602287566,57.772098123856,-16.17783352156843,-1.2964795087540906
2025-08-13,5.0,Workout + OpenWaterSwim + Yoga + Pilates + Run,45.983333333333334,76.0,2.1925499999999998,113.4,162.0,0.9958230998770017,42.40377352568495,60.19863470475589,-17.794861179070942,-1.3988425792885455
2025-08-14,3.0,Workout + WeightTraining + Run,50.8,98.0,3.09544,122.0,153.0,1.075862591114976,43.71185896312548,65.23083184516939,-21.51897288204391,-1.6409713818696907
2025-08-15,1.0,Workout,13.616666666666667,34.0,0.0,121.0,145.0,1.2239951040293757,43.48335530225184,61.07331791739153,-17.58996261513969,-1.348405805154045
2025-08-16,3.0,Workout + Walk + Run,83.0,101.0,5.77221,103.66666666666667,139.0,0.8544708783379986,44.83662494141205,66.38844169223516,-21.551816750823114,-1.60224792261422
2025-08-17,4.0,Workout + WeightTraining + Walk + Run,50.15,71.0,2.905,109.25,142.0,0.9216570105330972,45.45220502802539,67.00234201958932,-21.55013699156393,-1.5804247544775385
2025-08-18,2.0,Workout + Yoga,14.916666666666668,20.0,0.0,95.0,135.0,0.896922111302323,44.85335757273466,60.7452915332813,-15.891933960546645,-1.1810289367060296
2025-08-19,6.0,Workout + Yoga + Pilates + Run,75.31666666666666,132.0,3.00896,109.83333333333333,149.0,1.0254560349735342,46.90377108296827,70.23086797705942,-23.32709689409115,-1.6577982505804458
2025-08-20,2.0,Workout + Pilates,13.316666666666666,21.0,0.0,102.5,142.0,0.9727192443919844,46.29429904003963,63.677151434831735,-17.382852394792103,-1.251619368204696
2025-08-21,1.0,Workout,6.483333333333333,11.0,0.0,110.0,125.0,1.0089573125815707,45.46388371283615,56.6646584006492,-11.200774687813052,-0.8212214306606231
2025-08-22,5.0,Walk + Workout + OpenWaterSwim + WeightTraining + Run,75.98333333333333,109.0,4.35194,114.6,154.0,0.9277473088584518,46.95878136574005,63.63164899164647,-16.67286762590642,-1.1835108110415125
2025-08-23,1.0,Workout,2.0833333333333335,5.0,0.0,125.0,142.0,1.2,45.9715620100769,55.826480736768346,-9.854918726691444,-0.7145663025713781
2025-08-24,2.0,Walk + Run,31.916666666666664,29.0,2.7609000000000004,107.0,141.0,0.7383560880725056,45.572249781102926,52.25528327877845,-6.683033497675524,-0.48882331753615577
2025-08-25,5.0,Workout + Run,104.05,141.0,2.04621,108.0,142.0,0.9017042969376434,47.817503790324594,64.06916635478264,-16.251662564458044,-1.1328949496346294
2025-08-26,5.0,Yoga + Walk + Run,65.98333333333333,43.0,3.8305000000000002,89.6,137.0,0.6253061892066691,47.70415605159183,61.26439467912116,-13.56023862752933,-0.9475232173945873
2025-08-27,1.0,Run,21.4,39.0,2.0594200000000003,132.0,161.0,1.0456853943348514,47.499361940582205,58.300511698645664,-10.80114975806346,-0.7579856035101279
2025-08-28,2.0,Walk,10.133333333333333,3.0,0.76451,90.0,103.0,0.4214636152117623,46.452367009068944,50.938791436432304,-4.48642442736336,-0.3219372672288491
2025-08-29,3.0,Workout + Run,78.31666666666666,100.0,2.35488,109.33333333333333,144.0,0.8752830691609551,47.71225249711024,57.46992256120882,-9.757670064098576,-0.6817026063126771
2025-08-30,0.0,-,0.0,0.0,0.0,,,0.0,46.58966366983094,49.81940576866628,-3.229742098835338,-0.23107715634979298
2025-08-31,0.0,-,0.0,0.0,0.0,,,0.0,45.49348746424056,43.18734183954351,2.306145624697052,0.16897258290795739
2025-09-01,0.0,-,0.0,0.0,0.0,,,0.0,44.423102435899665,37.43815218965662,6.984950246243045,0.5241229497888689
2025-09-02,2.0,WeightTraining + Run,30.316666666666666,61.0,2.18465,127.5,149.0,1.0987523535672123,44.81312887612148,40.57475485593611,4.238374020185368,0.31526282040408704
2025-09-03,2.0,Workout + Run,37.8,68.0,3.06697,114.0,154.0,1.0389249632986395,45.35867684547815,44.225661089380026,1.1330157560981249,0.0832634338047331
2025-09-04,2.0,Walk,28.516666666666666,16.0,1.9364400000000002,100.5,121.0,0.5802113724356686,44.667916697182214,40.46820180422218,4.199714892960031,0.31340278836158947
2025-09-05,0.0,-,0.0,0.0,0.0,,,0.0,43.616955956539414,35.08098978671064,8.535966169828775,0.652343106989106
2025-09-06,3.0,Yoga + Walk + Run,89.51666666666668,120.0,6.56453,101.33333333333333,143.0,0.8968386106633762,45.41412015124946,46.3855867774395,-0.9714666261900362,-0.07130430087636584
2025-09-07,1.0,Workout,124.05,152.0,0.0,98.0,144.0,0.8574307111514229,47.92190613077722,60.44519928227894,-12.523293151501726,-0.8710903608693481
2025-09-08,3.0,Walk + Run,58.233333333333334,62.0,4.80691,96.33333333333333,134.0,0.7992555207951118,48.253139934671424,60.6521776192919,-12.399037684620474,-0.8565271746327241
2025-09-09,4.0,Walk,30.383333333333333,13.0,2.25638,90.75,108.0,0.5066751353816791,47.42369301179615,54.308619653134365,-6.884926641338211,-0.4839301626176362
2025-09-10,2.0,Workout + Run,25.950000000000003,34.0,1.68527,106.0,153.0,0.8866381266503588,47.10785615633052,51.60509355173438,-4.497237395403857,-0.3182227454432427
2025-09-11,1.0,Yoga,10.016666666666667,2.0,0.0,69.0,82.0,0.34612184672265656,46.04654438223884,45.00155931503877,1.0449850672000736,0.07564701334411443
2025-09-12,2.0,Walk,10.316666666666666,2.0,0.70245,81.5,102.0,0.3410522536819227,45.01020348412765,39.277101425003664,5.733102059123986,0.42457795605876353
2025-09-13,2.0,Walk,15.066666666666666,6.0,0.80814,92.0,111.0,0.48881290193421156,44.092359192793346,34.84718379308095,9.245175399712394,0.6989249814832217
2025-09-14,2.0,Workout + Run,160.96666666666667,234.0,3.83311,114.5,142.0,0.9339326931954687,48.56056567283854,61.358824957212086,-12.798259284373543,-0.8785083882395281
2025-09-15,3.0,Walk + Run,88.61666666666667,105.0,6.97376,109.0,137.0,0.84316499844022,49.888490368858136,67.16842983627797,-17.27993946741983,-1.1545708799536707
2025-09-16,2.0,Walk,12.533333333333333,3.0,0.9735,90.0,106.0,0.37896836447993354,48.785283275056365,58.62619368673953,-9.840910411683168,-0.6723961101273869
2025-09-17,0.0,-,0.0,0.0,0.0,,,0.0,47.637447843401766,50.82175165350812,-3.184303810106357,-0.22281516987602523
2025-09-18,2.0,Walk + Run,27.266666666666666,43.0,2.57388,114.5,160.0,0.9727334007571937,47.52833651740833,49.78050364576063,-2.252167128352305,-0.15795258810340773
2025-09-19,3.0,Walk + Run,34.63333333333333,40.0,3.0552799999999998,98.33333333333333,156.0,0.8324506072281375,47.35120745683938,48.47850245893597,-1.127295002096588,-0.07935700500169345
2025-09-20,2.0,Workout + Walk,111.05,102.0,0.0,77.5,151.0,0.742363190566915,48.63700137187142,55.603396620117906,-6.966395248246485,-0.4774413890488055
2025-09-21,4.0,Walk + Pilates + Run,59.68333333333334,59.0,4.68216,90.0,137.0,0.7701496026746105,48.8808252508164,56.05555959576344,-7.174734344947041,-0.4892671313773294
2025-09-22,0.0,-,0.0,0.0,0.0,,,0.0,47.73074187761825,48.59332577169655,-0.8625838940782984,-0.060239575875436546
2025-09-23,5.0,Walk,37.916666666666664,9.0,1.5521500000000001,85.6,108.0,0.3773825412198906,46.819472846530566,43.32257908909305,3.496893757437519,0.24896291684017732
2025-09-24,1.0,Run,22.566666666666666,28.0,2.08009,122.0,148.0,0.8628214512405374,46.37668239235779,41.282805179509026,5.093877212848767,0.3661234446622228
2025-09-25,2.0,Walk,31.93333333333333,11.0,2.41396,90.5,102.0,0.4546213639405305,45.54432872382633,37.25149455255671,8.292834171269625,0.6069423207117671
2025-09-26,4.0,Workout + Walk + WeightTraining + Run,42.68333333333334,51.0,2.5712599999999997,101.25,138.0,0.8467038785928698,45.6726914671345,39.08172447301643,6.5909669941180695,0.48102901919416824
2025-09-27,1.0,WeightTraining,7.05,4.0,0.0,84.0,108.0,0.5834599659915782,44.69220332425137,34.41157163078303,10.280631693468344,0.7667729438831637
2025-09-28,3.0,Walk + Run,82.05,114.0,6.46383,112.33333333333333,158.0,0.9130378007476744,46.322898881881,45.00655037087542,1.3163485110055788,0.09472266364864475
2025-09-29,3.0,Walk,9.266666666666666,4.0,0.6935899999999999,94.66666666666667,116.0,0.5089133578079825,45.32711245520269,39.547672261504516,5.779440193698171,0.42501716085930247
2025-09-30,2.0,Walk + Run,52.11666666666667,60.0,4.06091,110.0,155.0,0.8311184722615915,45.67234075107307,42.27032908505065,3.4020116660224247,0.24829116923408356
2025-10-01,0.0,-,0.0,0.0,0.0,,,0.0,44.597747606556304,36.64321409899772,7.954533507558587,0.5945392562373256
2025-10-02,0.0,-,0.0,0.0,0.0,,,0.0,43.54843782626508,31.765192478235384,11.783245348029695,0.9019263710475316
2025-10-03,1.0,Run,21.45,38.0,2.04145,134.0,146.0,1.0309883912717266,43.41789244249817,32.59518315018605,10.822709292312119,0.8308947213137616
2025-10-04,1.0,Walk,6.333333333333333,4.0,0.51209,101.0,109.0,0.6155870112510925,42.49045591760291,28.788532312205067,13.701923605397841,1.0749020620825598
2025-10-05,2.0,Pilates + Run,28.633333333333333,40.0,2.33685,106.0,144.0,0.9155238581314614,42.431859690394774,30.281026437687306,12.150833252707468,0.9545369400387944
2025-10-06,2.0,Walk,17.766666666666666,9.0,1.4914299999999998,96.0,128.0,0.55130750264852,41.64526441980093,27.44805150283046,14.197212916970471,1.1363607295063118
2025-10-07,1.0,Walk,12.75,6.0,1.05566,97.0,114.0,0.5313689313240572,40.80659146916821,24.592841840507397,16.213749628660814,1.3244387769160006
2025-10-08,3.0,Pilates + Walk + Run,48.7,57.0,2.05172,100.66666666666667,141.0,0.838008786886739,41.18759505924986,28.90695079782709,12.280644261422768,0.9938788805833904
2025-10-09,2.0,Walk + Run,31.183333333333334,40.0,2.01548,107.5,144.0,0.8772923701513738,41.15965295056558,30.38368080579492,10.775972144770659,0.8726970364005936
2025-10-10,3.0,Walk + Run,39.2,45.0,2.61928,101.33333333333333,147.0,0.8299250027587322,41.2500098393088,32.329435914849235,8.920573924459568,0.7208542865977527
2025-10-11,2.0,Walk,14.333333333333332,8.0,1.1817700000000002,96.5,116.0,0.5786913866044946,40.46769318899355,29.090650307971142,11.377042881022408,0.9371296775668242
2025-10-12,2.0,Walk + Run,60.16666666666667,85.0,4.970320000000001,120.0,146.0,0.9206766149755737,41.51546325774135,36.53342036257556,4.98204289516579,0.4000150389133855
2025-10-13,0.0,-,0.0,0.0,0.0,,,0.0,40.53867442943593,31.670014714600022,8.868659714835907,0.7292344770895451
2025-10-14,3.0,Walk + Run,53.449999999999996,63.0,3.6277800000000004,105.0,145.0,0.8409536214630532,41.06715153566614,35.84072815658837,5.226423379077772,0.42421766818822015
2025-10-15,2.0,Walk,18.75,14.0,1.48834,105.0,132.0,0.6693280212272604,40.430307112903776,32.933244553397984,7.4970625595057925,0.6181058299136708
2025-10-16,3.0,Walk + WeightTraining + Run,32.13333333333333,53.0,2.15384,109.0,149.0,0.9947997567433344,40.72605078583644,35.60457318364913,5.121477602187312,0.4191811304529468
2025-10-17,1.0,Run,25.116666666666667,51.0,2.37085,138.0,146.0,1.1037728625868393,40.967779482266224,37.65404473568413,3.3137347465820923,0.2696212152134918
2025-10-18,2.0,Walk,9.783333333333333,2.0,0.78166,87.5,100.0,0.3502250432506674,40.05093335614118,32.90770341806888,7.143229938072302,0.5945121490306043
2025-10-19,1.0,Workout,64.83333333333333,108.0,0.0,110.0,142.0,0.9997428975404223,41.6496602878255,42.90414765163781,-1.2544873638123093,-0.10039996766224167
2025-10-20,1.0,Run,21.733333333333334,32.0,2.00541,126.0,139.0,0.9399125399855488,41.42262005687414,41.45256461481765,-0.029944557943515804,-0.002409678407787926
2025-10-21,2.0,Walk,19.183333333333334,8.0,1.67739,91.0,113.0,0.5002171552762532,40.63624217927298,36.99928895455037,3.6369532247226104,0.2983341166798541
2025-10-22,1.0,Run,21.8,41.0,2.0654,136.0,150.0,1.0622807383043698,40.644800787261744,37.53187201141328,3.1129287758484665,0.2552953650121036
2025-10-23,1.0,Walk,8.733333333333333,7.0,0.6385,106.0,117.0,0.6934810960180178,39.8531953718162,33.467405084695294,6.385790287120905,0.5341094340151601
2025-10-24,1.0,Run,17.05,22.0,1.58222,123.0,136.0,0.8798826901281197,39.43313979684938,31.94084003540521,7.492299761444173,0.6333336038370101
2025-10-25,3.0,Walk + WeightTraining + Run,37.8,46.0,2.90774,113.33333333333333,149.0,0.8544932592822077,39.58764694142002,33.81242493764023,5.775222003779788,0.48628149182712616
2025-10-26,2.0,Yoga + Run,30.450000000000003,40.0,2.02035,106.0,148.0,0.8877935232369505,39.597348913392196,34.63612792539496,4.961220987997237,0.41763915381039607
2025-10-27,4.0,Walk,30.883333333333333,13.0,3.01962,92.25,128.0,0.5025568730854002,38.97155815393828,31.755881134692636,7.215677019245646,0.6171746234988096
2025-10-28,1.0,Walk,23.6,16.0,1.54178,101.0,119.0,0.6377928041432807,38.43107613560621,29.65842514675586,8.772650988850351,0.7608990666733314
2025-10-29,2.0,Walk,15.149999999999999,6.0,1.07715,93.5,109.0,0.4874666782214325,37.66802761408272,26.508965902616602,11.159061711466116,0.9874919056724688
2025-10-30,2.0,Walk + Run,26.966666666666665,38.0,2.6401999999999997,111.5,141.0,0.9195043540449062,37.67583836440138,28.038676495702553,9.637161868698826,0.8526385686486941
2025-10-31,3.0,Walk + WeightTraining + Run,27.46666666666667,26.0,1.47884,96.33333333333333,136.0,0.7536319825011035,37.401125580765985,27.767283598864687,9.633841981901298,0.8586053523173135
2025-11-01,5.0,Walk + Workout + Run,70.18333333333334,62.0,3.55212,95.6,138.0,0.7280387149446954,37.97989560610384,32.324414703440226,5.655480902663612,0.49635742036765956
2025-11-02,2.0,Walk + Run,56.18333333333333,68.0,4.63529,108.5,136.0,0.8521701753246501,38.6862180290158,37.0736235457598,1.6125944832559966,0.13894650906829434
2025-11-03,0.0,-,0.0,0.0,0.0,,,0.0,37.77599656898948,32.138304915477136,5.637691653512341,0.4974668365767089
2025-11-04,2.0,Walk + Run,41.516666666666666,45.0,2.71074,101.5,144.0,0.8064373679476419,37.94596518533956,33.85048077790159,4.095484407437972,0.3597645922242667
2025-11-05,0.0,-,0.0,0.0,0.0,,,0.0,37.053160626175824,29.34423368228122,7.708926943894603,0.6935015181447807
2025-11-06,0.0,-,0.0,0.0,0.0,,,0.0,36.1813622524384,25.43786766427448,10.743494588163916,0.9897816554654344
2025-11-07,5.0,Walk + Yoga + Pilates + Run,57.41666666666667,39.0,3.41758,92.0,139.0,0.6383942119187178,36.24768004457684,27.24328720467224,9.0043928399046,0.8280431399408309
2025-11-08,0.0,-,0.0,0.0,0.0,,,0.0,35.39483327035881,23.616603594277265,11.778229676081544,1.1092230690013498
2025-11-09,3.0,Walk + Run,49.31666666666667,42.0,3.25197,100.33333333333333,139.0,0.714831057209653,35.55024170288799,26.063839933532037,9.48640176935595,0.8894831010000611
2025-11-10,2.0,Workout + Run,42.93333333333334,61.0,2.17213,112.5,146.0,0.9233008567361396,36.14903159072711,30.714614936244086,5.434416654483027,0.5011122396500615
2025-11-11,2.0,WeightTraining + Run,25.083333333333336,41.0,1.89941,122.0,146.0,0.990318583593162,36.26316669550055,32.08382699780939,4.179339697691162,0.3841675616091672
2025-11-12,1.0,Workout,31.55,63.0,0.0,120.0,175.0,1.0945767477593065,36.892239287415556,36.199452879547735,0.6927864078678212,0.06259549625695397
2025-11-13,2.0,Yoga + Run,30.233333333333334,44.0,2.03491,107.5,152.0,0.9344561944105921,37.05947290866212,37.23787809532001,-0.17840518665789062,-0.016046746185299984
2025-11-14,3.0,Walk,57.233333333333334,29.0,4.04897,95.66666666666667,121.0,0.5513788508438037,36.86984710464936,36.141234461669036,0.7286126429803232,0.06587249475271478
2025-11-15,0.0,-,0.0,0.0,0.0,,,0.0,36.002361788887285,31.33003742451054,4.672324364376745,0.4325942458788851
2025-11-16,3.0,Walk + Run,45.083333333333336,51.0,3.8969500000000004,108.0,131.0,0.8238586458803883,36.35523092019463,33.94854415439502,2.4066867657996056,0.2206639599385901
2025-11-17,1.0,Yoga,15.016666666666667,3.0,0.0,72.0,85.0,0.34621787165076917,35.570438595317505,29.828608956887717,5.741829638429788,0.5380712997623485
2025-11-18,2.0,Run + Yoga,45.0,28.0,3.05827,89.0,130.0,0.6110100926607787,35.392318943866925,29.585180692011193,5.807138251855733,0.546930183831318
2025-11-19,0.0,-,0.0,0.0,0.0,,,0.0,34.559597373651876,25.646739302020286,8.91285807163159,0.8596606778784142
2025-11-20,3.0,Walk + Run + Workout,71.35,76.0,2.96771,111.33333333333333,140.0,0.7994391867519669,35.5346201519018,32.349871120561986,3.1847490313398126,0.2987461258650288
2025-11-21,1.0,Walk,8.0,4.0,0.57165,97.0,111.0,0.5477225575051661,34.79266372766537,28.5758767351811,6.21678699248427,0.5956032418352412
2025-11-22,0.0,-,0.0,0.0,0.0,,,0.0,33.97405103327773,24.77179600771387,9.202255025563861,0.9028709407806772
2025-11-23,2.0,Workout + Run,141.58333333333334,192.0,3.02045,112.0,135.0,0.9020283206364063,37.692135077643385,47.033565744172066,-9.34143066652868,-0.8261166993490756
2025-11-24,2.0,Yoga + Run,30.300000000000004,40.0,2.00989,106.0,145.0,0.8899883189799694,37.74643524670089,46.0972427000627,-8.35080745336181,-0.7374477791773009
2025-11-25,2.0,Walk,57.13333333333334,14.0,4.4197299999999995,83.5,99.0,0.3834377447305025,37.1877216773243,41.8243903396022,-4.636668662277906,-0.4156092793664542
2025-11-26,3.0,Walk + Pilates + Run,32.983333333333334,46.0,2.00293,103.33333333333333,155.0,0.9147602175896639,37.395059723007854,42.38025626741779,-4.985196544409938,-0.4443721159369013
2025-11-27,0.0,-,0.0,0.0,0.0,,,0.0,36.51521704018685,36.738507543973604,-0.22329050378675674,-0.02038332891380729
2025-11-28,0.0,-,0.0,0.0,0.0,,,0.0,35.65607557170399,31.847800259676042,3.808275312027945,0.3560192992794495
2025-11-29,1.0,Run,36.13333333333333,48.0,3.34776,121.0,149.0,0.8927754311581971,35.94650729359396,33.99801501276254,1.9484922808314238,0.18068443246489072
2025-11-30,1.0,Run,23.766666666666666,46.0,2.28131,136.0,158.0,1.0776318121606494,36.18304902022967,35.59574446143038,0.5873045587992891,0.05410494459905167
2025-12-01,0.0,-,0.0,0.0,0.0,,,0.0,35.33172290500446,30.857164198768924,4.474558706235538,0.4221474205363241
2025-12-02,3.0,Walk + Run,38.63333333333333,35.0,3.26746,101.33333333333333,139.0,0.7372733854319333,35.32391802455089,31.408667201618943,3.9152508229319487,0.3694617360217294
2025-12-03,1.0,Run,20.9,36.0,2.00949,132.0,144.0,1.016608490504829,35.33982509311803,32.0198750666853,3.3199500264327284,0.31314529879391373
2025-12-04,0.0,-,0.0,0.0,0.0,,,0.0,34.50833861467223,27.75732204807136,6.751016566600875,0.6521145166278237
2025-12-05,0.0,-,0.0,0.0,0.0,,,0.0,33.69641561063573,24.06220903972151,9.634206570914223,0.9530397023270076
2025-12-06,4.0,Workout + Pilates + Yoga + Run,79.03333333333333,94.0,3.0523800000000003,95.25,152.0,0.844762063486237,35.11525724014159,33.372474659186544,1.7427825809550441,0.16543450700424722
2025-12-07,2.0,WeightTraining + Run,35.900000000000006,61.0,3.04629,112.0,141.0,1.0097022369205388,35.724281578721616,37.05030885726071,-1.3260272785390939,-0.12372791650753241
2025-12-08,3.0,Walk + Run,53.883333333333326,52.0,4.79649,103.33333333333333,145.0,0.7609393969641405,36.10722178169731,39.040443140268266,-2.933221358570954,-0.2707880597317514
2025-12-09,2.0,Walk + WeightTraining,26.2,26.0,0.0,85.5,131.0,0.7716345296370842,35.869415900542265,37.304471961247415,-1.4350560607051506,-0.13335930017968833
2025-12-10,1.0,Run,18.716666666666665,39.0,2.03247,138.0,154.0,1.1181335421082463,35.94307326419581,37.53018421479861,-1.5871109506027992,-0.14718746492422483
2025-12-11,3.0,Walk + Workout,60.46666666666667,81.0,2.3891999999999998,100.66666666666667,162.0,0.8965202852307411,37.00318675492273,43.31697738959733,-6.3137906346745964,-0.56876098055119
2025-12-12,2.0,Walk + Run,28.933333333333337,42.0,2.84447,115.0,157.0,0.9332565252573827,37.12075334269313,43.1416585935126,-6.0209052508194745,-0.5406593983726028
2025-12-13,0.0,-,0.0,0.0,0.0,,,0.0,36.24736462634146,37.39855039328358,-1.1511857669421204,-0.1058638587760518
2025-12-14,4.0,Walk,48.3,13.0,3.38612,87.5,110.0,0.4018590340278711,35.70039334690334,34.15056412187864,1.5498292250247019,0.14470701671406416
2025-12-15,1.0,Run,20.283333333333335,43.0,2.04522,139.0,158.0,1.1278210316249264,35.872140779552765,35.328619612000246,0.5435211675525196,0.050505411324873066
2025-12-16,0.0,-,0.0,0.0,0.0,,,0.0,35.0281298108366,30.62559957032385,4.402530240512753,0.4189518789886739
2025-12-17,1.0,Run,20.6,20.0,2.0058,112.0,141.0,0.7632327769721765,34.67454326361647,29.21109743910877,5.463445824507701,0.5252119961101667
2025-12-18,0.0,-,0.0,0.0,0.0,,,0.0,33.85870974451976,25.32245479741252,8.536254947107238,0.8403800195496113
2025-12-19,2.0,Walk,11.283333333333333,6.0,0.8455199999999999,100.0,119.0,0.5648492302202017,33.2032412921865,22.750209032798786,10.453032259387712,1.0493987788121513
2025-12-20,0.0,-,0.0,0.0,0.0,,,0.0,32.42202502690276,19.721653425230222,12.700371601672536,1.3057349740013848
2025-12-21,2.0,Walk,19.933333333333334,15.0,1.6762500000000002,98.0,128.0,0.671941230110497,32.01211416291733,19.093097004611828,12.9190171583055,1.3452216966528696
2025-12-22,3.0,Walk + Run,44.583333333333336,34.0,3.93647,99.33333333333333,136.0,0.6764392755140286,32.05888576379178,21.07753523957821,10.981350524213568,1.1417895811189025
2025-12-23,3.0,Walk + Pilates + Run,29.28333333333333,37.0,2.03838,94.66666666666667,143.0,0.870695363190211,32.17514184782835,23.19716718963928,8.97797465818907,0.930115004170011
2025-12-24,0.0,-,0.0,0.0,0.0,,,0.0,31.418115028424122,20.109111573508322,11.3090034549158,1.1998389511575822
2025-12-25,0.0,-,0.0,0.0,0.0,,,0.0,30.678899773239493,17.432144406684962,13.246755366554531,1.4392905726157945
2025-12-26,3.0,Walk + Workout + Run,38.08333333333333,54.0,3.08854,109.66666666666667,150.0,0.9223697004632166,31.227605926989156,22.30013414489913,8.927471782090027,0.9529465481026262
2025-12-27,0.0,-,0.0,0.0,0.0,,,0.0,30.49287302963869,19.331493451677467,11.161379577961224,1.2201080087481977
2025-12-28,0.0,-,0.0,0.0,0.0,,,0.0,29.775427158123993,16.758044442424552,13.01738271569944,1.4572847431731695
2025-12-29,3.0,Pilates + Yoga + Run,37.0,46.0,2.2296,93.66666666666667,155.0,0.8636816230220172,30.157163991881156,20.650794981660844,9.506369010220311,1.0507585099601977
2025-12-30,6.0,Walk + Workout + WeightTraining + Yoga + Run,95.71666666666667,108.0,3.0918099999999997,100.33333333333333,155.0,0.8227989332909715,31.988674629358215,32.278904608854134,-0.2902299794959191,-0.03024299306538061
2025-12-31,1.0,Yoga,15.016666666666667,1.0,0.0,64.0,73.0,0.1998889813958309,31.259563382446995,28.114991133809745,3.1445722486372496,0.3353184229483942
2026-01-01,0.0,-,0.0,0.0,0.0,,,0.0,30.524078580070718,24.37226446557197,6.151814114498748,0.6717990518382965
2026-01-02,2.0,WeightTraining + Run,31.366666666666667,55.0,2.44157,123.5,144.0,1.0257057392592748,31.099955728713883,28.449492945811024,2.65046278290286,0.28408001670730654
2026-01-03,2.0,Walk + Run,28.433333333333334,42.0,2.5129900000000003,116.5,142.0,0.941426420158314,31.356415385833124,30.253364904314637,1.103050481518487,0.1172594154386715
2026-01-04,1.0,Run,21.816666666666666,42.0,2.03021,136.0,146.0,1.074746581247758,31.606840979778603,31.8171016391205,-0.2102606593418983,-0.02217459394064075
2026-01-05,0.0,-,0.0,0.0,0.0,,,0.0,30.863185321273654,27.58154224505884,3.281643076214813,0.3544290759421185
2026-01-06,6.0,Workout + Walk + Run,138.18333333333334,194.0,2.9068699999999996,104.0,141.0,0.9178012773242707,34.70151941558965,49.735516861732286,-15.033997446142635,-1.4441248010011358
2026-01-07,1.0,Walk,8.666666666666666,2.0,0.54691,90.0,104.0,0.3721042037676254,33.932107819831906,43.38086460058786,-9.448756780755957,-0.9282021648370802
2026-01-08,3.0,Yoga + WeightTraining + Run,39.233333333333334,59.0,2.0052,105.66666666666667,144.0,0.9498915557654614,34.52191304201468,45.460116709043895,-10.938203667029214,-1.0561604406373175
2026-01-09,0.0,-,0.0,0.0,0.0,,,0.0,33.70967065459815,39.40837049513411,-5.698699840535959,-0.5635079123067246
2026-01-10,2.0,Walk,20.65,6.0,1.58342,90.0,107.0,0.41753340038353265,33.05770884067363,34.96097804889779,-1.9032692082241667,-0.1919138051780142
2026-01-11,1.0,Run,22.516666666666666,43.0,2.2480700000000002,135.0,146.0,1.070428845209849,33.29163418246489,36.03114953498291,-2.739515352518019,-0.2742946708977272
2026-01-12,0.0,-,0.0,0.0,0.0,,,0.0,32.508338181560966,31.234607234470715,1.2737309470902503,0.13060556340718787
2026-01-13,0.0,-,0.0,0.0,0.0,,,0.0,31.743471814410356,27.0765907189398,4.666881095470554,0.49006203257115727
2026-01-14,1.0,Run,22.05,37.0,2.0941799999999997,131.0,146.0,1.0033955955097846,31.867149056682223,28.397615804073073,3.46953325260915,0.362916394606232
2026-01-15,1.0,Run,21.566666666666666,38.0,2.04226,133.0,139.0,1.0281960012573215,32.01144469539169,29.67590535564053,2.3355393397511577,0.24319836878916598
2026-01-16,0.0,-,0.0,0.0,0.0,,,0.0,31.258269393884127,25.725386507882828,5.5328828860013,0.5900180435755712
2026-01-17,0.0,-,0.0,0.0,0.0,,,0.0,30.522815036876228,22.300769026215125,8.222046010661103,0.8979125943142984
2026-01-18,0.0,-,0.0,0.0,0.0,,,0.0,29.804664680432982,19.33204381625927,10.472620864173713,1.171250761859108
2026-01-19,1.0,Run,20.383333333333333,39.0,2.01091,136.0,145.0,1.0714460926029117,30.02101541116945,21.95028345106024,8.07073196010921,0.8961202510499207
2026-01-20,0.0,-,0.0,0.0,0.0,,,0.0,29.314671553557623,19.02821561697627,10.286455936581355,1.1696595812996573
2026-01-21,0.0,-,0.0,0.0,0.0,,,0.0,28.62494677555895,16.495139590037994,12.129807185520956,1.4124983684834702
2026-01-22,0.0,-,0.0,0.0,0.0,,,0.0,27.95145005826074,14.299271963898207,13.652178094362533,1.6280822719282364
2026-01-23,3.0,Walk + Run,51.516666666666666,68.0,4.51736,104.0,159.0,0.8899307313310705,28.893724890413264,21.448025665008384,7.44569922540488,0.8589753488741438
2026-01-24,2.0,Yoga + Run,30.950000000000003,51.0,2.01707,110.5,150.0,0.9943296424239337,29.413848258143336,25.3820465550112,4.031801703132135,0.45690515883856575
2026-01-25,0.0,-,0.0,0.0,0.0,,,0.0,28.72179001956237,22.003135208969443,6.718654810592927,0.7797395642839879
2026-01-26,1.0,Walk,6.55,5.0,0.46774,107.0,124.0,0.6767682521924123,28.163656310812417,19.739642139119795,8.424014171692622,0.9970313133027081
2026-01-27,5.0,Walk,47.03333333333333,19.0,3.40997,95.2,133.0,0.4923223434553258,27.948050933720474,19.6411794241269,8.306871509593574,0.9907514396732631
2026-01-28,5.0,Yoga + Walk + Run,74.15,100.0,4.31089,111.0,151.0,0.8995391042833334,29.643311768668504,30.338714392785448,-0.6954026241169444,-0.07819668615793801
2026-01-29,0.0,-,0.0,0.0,0.0,,,0.0,28.945854640710028,26.299961013938454,2.6458936267715742,0.30469459382165864
2026-01-30,0.0,-,0.0,0.0,0.0,,,0.0,28.264807502604786,22.79885496727462,5.465952535330164,0.644612272089764
2026-01-31,0.0,-,0.0,0.0,0.0,,,0.0,27.599784254969475,19.763823510740018,7.835960744229457,0.946379468264449
2026-02-01,1.0,Run,21.433333333333334,53.0,2.00684,146.0,158.0,1.2180600541393234,28.197408490119177,24.188293129263943,4.009115360855233,0.47393425797268945
2026-02-02,0.0,-,0.0,0.0,0.0,,,0.0,27.533971027568956,20.968296746438075,6.565674281130882,0.7948574114205885
2026-02-03,0.0,-,0.0,0.0,0.0,,,0.0,26.886143129524257,18.176953044890805,8.709190084633452,1.0797619232922135
2026-02-04,1.0,Run,21.566666666666666,40.0,2.01032,134.0,145.0,1.0549068389905316,27.194690063170444,21.082082889405346,6.112607173765099,0.749240281781253
2026-02-05,0.0,-,0.0,0.0,0.0,,,0.0,26.554844873969042,18.275591737526945,8.279253136442097,1.0392646082395325
2026-02-06,5.0,Walk + Yoga + WeightTraining + Run,58.150000000000006,77.0,4.03074,107.4,150.0,0.8913456066766148,27.741734290650495,26.093108301355144,1.6486259892953505,0.1980921562704859
2026-02-07,2.0,Walk,9.916666666666668,5.0,0.8205100000000001,99.0,114.0,0.5500190982169267,27.206659640188644,23.28514942348187,3.921510216706775,0.48045959684984246
2026-02-08,1.0,Run,22.466666666666665,38.0,2.10183,131.0,148.0,1.0073910835679585,27.460608734243273,25.244021237090216,2.216587497153057,0.26906268036573433
2026-02-09,0.0,-,0.0,0.0,0.0,,,0.0,26.814506927223853,21.883484111257747,4.931022815966106,0.6129794877264498
2026-02-10,2.0,Yoga + Run,37.11666666666667,62.0,2.6550100000000003,103.5,160.0,1.00112195704535,27.642362233535454,27.223878961072323,0.41848327246313133,0.05046400266947656
2026-02-11,0.0,-,0.0,0.0,0.0,,,0.0,26.991984073232636,23.59977901682753,3.392205056405107,0.4189151178119684
2026-02-12,3.0,Yoga + WeightTraining + Run,35.53333333333333,52.0,2.02483,101.0,151.0,0.9370425713316364,27.58038050816331,27.380476081666412,0.19990442649689655,0.02416022099933542
2026-02-13,0.0,-,0.0,0.0,0.0,,,0.0,26.93146067331688,23.73552959983506,3.1959310734818196,0.3955635272626561
2026-02-14,2.0,Walk + Run,31.916666666666668,52.0,2.81551,123.0,149.0,0.9887091037843261,27.521281121765643,27.498155261953844,0.023125859811798932,0.002800966969219259
2026-02-15,1.0,Run,21.216666666666665,44.0,2.00631,139.0,149.0,1.1154841064893404,27.908997583102334,29.694915491478962,-1.7859179083766286,-0.2133025264294364
2026-02-16,0.0,-,0.0,0.0,0.0,,,0.0,27.25234594274532,25.741865974512415,1.5104799682329038,0.1847522865745557
2026-02-17,0.0,-,0.0,0.0,0.0,,,0.0,26.61114420794294,22.315054711635984,4.296089496306955,0.5381316267020505
2026-02-18,2.0,Walk + Run,30.266666666666666,41.0,2.77446,111.0,150.0,0.9015405317546603,26.94968971573414,24.802433871475948,2.1472558442581935,0.2655881962411553
2026-02-19,1.0,Run,22.133333333333333,47.0,2.01934,139.0,150.0,1.1287587809369053,27.4214396988221,27.7574204949393,-0.33598079611720166,-0.040841618797478614
2026-02-20,0.0,-,0.0,0.0,0.0,,,0.0,26.776259473141597,24.062294381135626,2.713965092005971,0.33785713481604374
2026-02-21,1.0,Yoga,5.016666666666667,2.0,0.0,79.0,94.0,0.4890834875635335,26.193315876672195,21.125315416789086,5.068000459883109,0.6449483122265653
2026-02-22,0.0,-,0.0,0.0,0.0,,,0.0,25.57703133310908,18.313069060066255,7.263962273042825,0.9466777931129868
2026-02-23,1.0,Run,16.916666666666668,28.0,1.56846,132.0,143.0,0.9965457582448797,25.63403969913549,19.602613651765182,6.0314260473703065,0.7842990697994585
2026-02-24,1.0,Walk,12.116666666666667,2.0,0.98322,80.0,110.0,0.3147016665464256,25.07797060742091,17.259316752556074,7.818653854864834,1.0392459551134479
2026-02-25,1.0,Run,21.133333333333333,39.0,2.00266,134.0,148.0,1.0522620968678535,25.40553247740619,20.15348216732185,5.252050310084339,0.6890953528534419
2026-02-26,1.0,Run,20.666666666666668,36.0,2.0148,132.0,143.0,1.0223313016447166,25.654802429030408,22.263003902854166,3.391798526176242,0.44069702421331164
2026-02-27,0.0,-,0.0,0.0,0.0,,,0.0,25.051188198605388,19.299306065436316,5.751882133169072,0.7653505411357804
2026-02-28,0.0,-,0.0,0.0,0.0,,,0.0,24.461775992934975,16.730141908641375,7.731634084293599,1.0535667410966185
2026-03-01,2.0,Yoga + Run,31.416666666666664,38.0,2.09816,104.5,138.0,0.851897554269774,24.78030756954532,19.56163008977863,5.21867747976669,0.7019925620536388
2026-03-02,2.0,Walk,16.799999999999997,7.0,1.42924,93.5,116.0,0.5,24.36196692162957,17.889399509665985,6.472567411963585,0.8856109515274769
2026-03-03,2.0,Yoga + Run,25.266666666666666,41.0,2.02703,109.0,152.0,0.9867191980120756,24.753431777387814,20.965931184973734,3.78750059241408,0.5100303702635084
2026-03-04,1.0,Run,20.316666666666666,42.0,2.02837,139.0,148.0,1.1137149328260225,25.159214438702897,23.76603060242924,1.393183836273657,0.18458231803010194
2026-03-05,3.0,WeightTraining + Yoga + Run,41.61666666666667,57.0,2.78032,101.0,148.0,0.9065242100308445,25.908374418627822,28.19020640827205,-2.2818319896442283,-0.293577146495101
2026-03-06,1.0,Run,20.283333333333335,42.0,2.02652,138.0,146.0,1.1146296885718818,26.286983227581125,30.028595135219362,-3.7416119076382373,-0.47445686650879754
2026-03-07,1.0,Run,19.416666666666668,46.0,2.01227,143.0,150.0,1.192249649808215,26.75079726323218,32.15474209475913,-5.40394483152695,-0.6733686948157416
2026-03-08,3.0,Workout + Walk + Run,125.38333333333334,199.0,2.25901,114.0,149.0,0.9758481826909887,30.80353047912413,54.365533243827414,-23.562002764703283,-2.5497080365156517
2026-03-09,2.0,WeightTraining + Yoga,16.033333333333335,3.0,0.0,73.0,102.0,0.335061355972473,30.149360301837394,47.527645577957244,-17.37828527611985,-1.9213547818968446
2026-03-10,0.0,-,0.0,0.0,0.0,,,0.0,29.439996705421347,41.20066557869058,-11.760668873269235,-1.3315976210807476
2026-03-11,1.0,Run,20.016666666666666,39.0,2.00127,137.0,151.0,1.081214970217986,29.66492745854178,40.907708354907804,-11.242780896366025,-1.2633078699954543
2026-03-12,3.0,Walk + Run,41.71666666666667,56.0,3.68952,110.66666666666667,149.0,0.8974594585964376,30.284547297333113,42.91682591628526,-12.63227861895215,-1.3903987067429335
2026-03-13,2.0,WeightTraining + Run,22.583333333333336,47.0,2.07219,120.5,153.0,1.1174562573474054,30.677833706271066,43.46038662599499,-12.782552919723926,-1.3889021676163267
2026-03-14,0.0,-,0.0,0.0,0.0,,,0.0,29.956036021999548,37.67484868067342,-7.718812658673873,-0.8589045463163884
2026-03-15,1.0,Run,18.85,37.0,2.0313499999999998,136.0,145.0,1.0852275488998824,30.121768613684253,37.58501140695135,-7.463242793267099,-0.8258969218113978
2026-03-16,2.0,WeightTraining + Run,17.4,31.0,1.4127,121.5,147.0,1.0339078862458586,30.142431916933326,36.708400858288975,-6.565968941355649,-0.7261047548574472
2026-03-17,0.0,-,0.0,0.0,0.0,,,0.0,29.433231333728294,31.82170143922131,-2.388470105493017,-0.27049585307294116
2026-03-18,1.0,Run,19.75,40.0,2.0685100000000003,138.0,143.0,1.1023565092191008,29.681849577981595,32.91041372010224,-3.2285641421206464,-0.36257445633437885
2026-03-19,1.0,Walk,7.516666666666667,1.0,0.5328200000000001,79.0,95.0,0.2825289656088067,29.00701403371762,28.662432425841608,0.34458160787601244,0.039597504184731826
2026-03-20,0.0,-,0.0,0.0,0.0,,,0.0,28.324527918249537,24.846829223045077,3.4776986952044595,0.40926821507750216
2026-03-21,2.0,Walk + Run,29.4,44.0,2.72342,118.0,149.0,0.9476070829586857,28.693345337262972,27.396539543316763,1.2968057939462092,0.1506511676840618
2026-03-22,1.0,Workout,105.08333333333333,140.0,0.0,102.0,146.0,0.8940724707039903,31.312203185858397,42.38654869470781,-11.074345508849415,-1.178916884589259
2026-03-23,2.0,Yoga + Run,31.6,49.0,2.1862199999999996,109.0,148.0,0.9645619455667132,31.728367211732973,43.266945222368214,-11.538578010635241,-1.2122252130230788
2026-03-24,0.0,-,0.0,0.0,0.0,,,0.0,30.981852245962628,37.50715860297271,-6.525306357010081,-0.7020568369300151
2026-03-25,0.0,-,0.0,0.0,0.0,,,0.0,30.25290151822572,32.51412687534194,-2.261225357116217,-0.24914694058396927
2026-03-26,2.0,Workout + Run,21.85,40.0,2.00462,109.5,142.0,1.0480449271555032,30.48223430553635,33.51066202790009,-3.028427722363741,-0.33116860704375395
2026-03-27,1.0,Run,20.4,39.0,2.00635,136.0,143.0,1.071008320943125,30.682642965818463,34.241414227727105,-3.5587712619086425,-0.38662154646339064
2026-03-28,0.0,-,0.0,0.0,0.0,,,0.0,29.96073212778134,29.68312525020806,0.2776068775732803,0.03088563572582249
2026-03-29,1.0,Run,21.416666666666668,36.0,2.05504,131.0,145.0,1.0042710347730073,30.10282591466994,30.52404088391541,-0.4212149692454723,-0.04664179706798475
2026-03-30,2.0,Yoga + Run,31.31666666666667,56.0,2.15683,114.5,153.0,1.0358142318667631,30.71214274137099,33.915454067327104,-3.203311325956115,-0.34767044780207557
2026-03-31,3.0,Walk + Run,38.833333333333336,53.0,3.5916,110.0,150.0,0.9049221624933681,31.23653843080209,36.456028904198654,-5.219490473396565,-0.55698558329473
2026-04-01,0.0,-,0.0,0.0,0.0,,,0.0,30.501595366702933,31.602925769703642,-1.1013304030007092,-0.12035768290806374
2026-04-02,0.0,-,0.0,0.0,0.0,,,0.0,29.783944273308663,27.395877917201584,2.3880663561070783,0.26726551439855023
2026-04-03,1.0,Run,20.183333333333334,35.0,2.0045699999999997,133.0,141.0,1.0200306013770688,29.90666926688562,28.408154619419733,1.4985146474658855,0.16702123463869278
2026-04-04,2.0,Workout + Run,34.05,63.0,3.05775,116.0,154.0,1.0536280931098545,30.68529952209528,33.01309372799956,-2.3277942059042793,-0.25286746880517663
2026-04-05,1.0,Run,28.866666666666667,61.0,2.8249899999999997,139.0,152.0,1.1260099392864276,31.398553293982815,36.73876947042307,-5.340216176440258,-0.5669280498839259
2026-04-06,4.0,Walk + Workout + Run,39.583333333333336,47.0,3.49053,98.0,160.0,0.8440503851261363,31.765629020760315,38.10476602966791,-6.339137008907592,-0.6651987493321446
2026-04-07,0.0,-,0.0,0.0,0.0,,,0.0,31.01823734747127,33.032179546270584,-2.013942198799313,-0.21642560108953643
2026-04-08,3.0,Yoga + Run,55.43333333333334,87.0,3.32886,102.0,155.0,0.9703976904810315,32.33539380091971,40.21648915097615,-7.881095350056441,-0.8124322838082854
2026-04-09,4.0,WeightTraining + Workout + Run,46.25,66.0,2.1270599999999997,104.0,142.0,0.9253195211472717,33.127465204300506,43.64884426701218,-10.521379062711674,-1.0586763377784607
2026-04-10,3.0,Walk + Workout,21.416666666666664,11.0,0.71616,74.66666666666667,130.0,0.5551317016940043,32.60684326938214,39.302561547458275,-6.695718278076136,-0.6844900851803116
2026-04-11,2.0,Walk + Run,26.733333333333334,40.0,2.64808,114.0,140.0,0.947499662782298,32.78079177756919,39.39540601905561,-6.6146142414864215,-0.6726107864598706
2026-04-12,2.0,Walk + Yoga,15.016666666666667,1.0,0.0,67.0,85.0,0.1998889813958309,32.03304335018673,34.28412892985441,-2.2510855796676807,-0.23424619749245676
2026-04-13,4.0,Workout + Run,36.78333333333333,40.0,2.01506,92.0,138.0,0.8077557895157104,32.22049240267153,35.04503769146937,-2.824545288797836,-0.2922100272396459
2026-04-14,5.0,Walk + Yoga + Workout + Run,80.31666666666666,103.0,5.24997,109.4,169.0,0.8771854100582204,33.8858148360214,44.09134499637821,-10.205530160356808,-1.0039137034914578
2026-04-15,0.0,-,0.0,0.0,0.0,,,0.0,33.08853876651543,38.22181254762102,-5.1332737811055935,-0.5171250602641003
2026-04-16,3.0,Walk + Run,39.733333333333334,45.0,3.82977,111.66666666666667,150.0,0.8243362186282256,33.36879535884651,39.12413909716867,-5.755343738322161,-0.574922736090156
2026-04-17,1.0,Run,21.066666666666666,30.0,2.06963,126.0,136.0,0.9243540337699812,33.2895332860391,37.9095145375821,-4.619981251542995,-0.4626059900816247
2026-04-18,1.0,Workout,82.85,70.0,0.0,91.0,122.0,0.7119973690050595,34.15326865002757,42.181467360375436,-8.028198710347866,-0.7835461560662251
2026-04-19,4.0,Yoga + Workout + Run,65.33333333333333,86.0,4.01241,96.25,151.0,0.888704629428331,35.37313479128668,48.01468245522748,-12.641547663940798,-1.1912569372708184
2026-04-20,1.0,Run,20.316666666666666,34.0,2.05002,131.0,143.0,1.002048762647579,35.340827245648576,46.149018492453315,-10.80819124680474,-1.0194244720304826
2026-04-21,2.0,Yoga + Run,32.28333333333333,34.0,2.23441,98.5,142.0,0.7949245295900322,35.309279842067745,44.53171563476405,-9.222435792696302,-0.8706338044792239
2026-04-22,2.0,Walk,14.399999999999999,3.0,1.1612200000000001,84.5,96.0,0.3535533905932738,34.54909698190321,39.00292642248604,-4.45382944058283,-0.4297101641485007
2026-04-23,3.0,Workout,9.45,2.0,0.0,73.33333333333333,89.0,0.3563483225498992,33.78327162892647,34.0770191417352,-0.2937475128087286,-0.028983527314468387
2026-04-24,1.0,Run,20.566666666666666,30.0,2.02943,128.0,138.0,0.9355226310426,33.69425762856142,33.534277790828696,0.1599798377327204,0.015826617450793872
2026-04-25,1.0,Workout,42.166666666666664,67.0,0.0,106.0,148.0,0.9764013948138678,34.47788557135628,37.98930501769057,-3.511419446334287,-0.3394851886597441
2026-04-26,8.0,Workout + Walk + WeightTraining + Run,109.55,94.0,5.43435,91.75,143.0,0.7175189261629964,35.87834053075444,45.44556637018757,-9.567225839433128,-0.8888580777802165
2026-04-27,0.0,-,0.0,0.0,0.0,,,0.0,35.03418369234933,39.395757127945686,-4.361573435596355,-0.4149826422765892
2026-04-28,2.0,WeightTraining + Run,21.383333333333333,36.0,2.0604299999999998,110.5,146.0,1.0050534821334425,35.05690772107211,38.94370680713527,-3.8867990860631636,-0.3695704440513517
2026-04-29,2.0,Yoga + Run,31.25,41.0,2.0752800000000002,105.0,152.0,0.8872429205127533,35.19673865846536,39.21744487569883,-4.020706217233474,-0.38078397511473533
2026-04-30,1.0,Yoga,15.016666666666667,8.0,0.0,79.0,100.0,0.5653714169178546,34.55684526927193,35.06171304941287,-0.5048677801409411,-0.048699254441673175
2026-05-01,1.0,Run,20.266666666666666,36.0,2.03769,132.0,156.0,1.032370802417528,34.5908002659858,35.18661977891203,-0.5958195129262336,-0.05741599002670096
2026-05-02,1.0,Run,20.416666666666668,39.0,2.0911999999999997,135.0,150.0,1.0705710854397255,34.69454129894053,35.69426496299438,-0.9997236640538532,-0.09605004386135539
2026-05-03,1.0,Run,54.13333333333333,91.0,5.00538,131.0,145.0,1.0043010951179792,36.01931377444823,43.05668056698054,-7.0373667925323105,-0.651258640165484
2026-05-04,1.0,Walk,8.866666666666667,2.0,0.72673,86.0,100.0,0.3678836036909795,35.218896700087356,37.59112902061818,-2.372232320530827,-0.22452267984920937
2026-05-05,1.0,Run,25.716666666666665,44.0,2.42516,132.0,147.0,1.0131987039764059,35.42550125006672,38.4442913856236,-3.018790135556877,-0.28405056894348496
2026-05-06,0.0,-,0.0,0.0,0.0,,,0.0,34.59199895615381,33.326506573753385,1.2654923824004243,0.12194461345473427
2026-05-07,3.0,Yoga + WeightTraining + Run,40.9,52.0,2.33081,104.33333333333333,143.0,0.8734049380551216,35.0015798594715,35.81236123765651,-0.8107813781850126,-0.07721378877184346
2026-05-08,2.0,Yoga + Run,25.53333333333333,46.0,2.0970500000000003,115.0,147.0,1.0396826187739598,35.26035413486813,37.168561106286134,-1.9082069714180037,-0.18039211632411664
2026-05-09,2.0,Run + Workout,21.633333333333333,26.0,1.57048,98.5,144.0,0.8491816054740592,35.04247362107176,35.681778795048885,-0.639305173977128,-0.06081240923897001
2026-05-10,2.0,Yoga + Run,39.15,47.0,3.06827,101.5,133.0,0.8487087329643555,35.32381404857925,37.18848417294401,-1.864670124364757,-0.17595968183582517
2026-05-11,3.0,Walk + Yoga + Run,32.516666666666666,24.0,1.5847599999999997,95.0,137.0,0.6654696241037739,35.05738380335255,35.432805460730215,-0.37542165737766453,-0.03569591877168377
2026-05-12,0.0,-,0.0,0.0,0.0,,,0.0,34.2325426920747,30.715915980054575,3.516626712020127,0.342425309901999
2026-05-13,2.0,Walk + Run,24.900000000000002,34.0,2.36184,110.5,150.0,0.9051392757105036,34.22707135474884,31.153100142186574,3.073971212562263,0.29937036103204945
2026-05-14,0.0,-,0.0,0.0,0.0,,,0.0,33.42176609493828,27.005934021965782,6.415832072972496,0.6398856017709741
2026-05-15,2.0,Yoga + Run,21.5,43.0,1.6957,119.5,149.0,1.0954451150103321,33.64712578357468,29.135097676495864,4.512028107078816,0.4469949019421075
2026-05-16,3.0,Walk + Run,39.68333333333334,48.0,3.44262,112.0,145.0,0.8519069697392423,33.98482470557967,31.646433094808415,2.3383916107712537,0.2293564486531282
2026-05-17,1.0,Run,33.583333333333336,58.0,3.29383,132.0,146.0,1.017952989013339,34.54986127500809,35.154675270301624,-0.604813995293533,-0.058351801615966724
2026-05-18,0.0,-,0.0,0.0,0.0,,,0.0,33.73696131280818,30.47481106471872,3.2621502480894584,0.3223121981697256
2026-05-19,1.0,Workout,8.666666666666666,3.0,0.0,77.0,99.0,0.45573271518765,33.01377245568255,26.817306511816415,6.196465943866134,0.6256445399349847
2026-05-20,2.0,Workout + Run,31.6,55.0,2.02711,119.0,150.0,1.021911834488844,33.53107130668033,30.569045859660296,2.962025447020036,0.2944557919557551
2026-05-21,2.0,Walk + Run,28.25,35.0,2.62229,113.0,139.0,0.8621849174384849,33.56563272126227,31.158903780932945,2.406728940329323,0.23900725684863694
2026-05-22,2.0,Yoga + Run,30.0,44.0,2.06163,110.5,144.0,0.938083151964686,33.81113578418199,32.86833747912515,0.94279830505684,0.09294751400591453
2026-05-23,1.0,Yoga,5.016666666666667,3.0,0.0,81.0,94.0,0.5990024930757496,33.08620172685148,28.892201662933648,4.19400006391783,0.42253264150637787
2026-05-24,2.0,Workout + Run,48.483333333333334,63.0,3.19598,104.0,161.0,0.8829775557977826,33.790022946043706,33.43270341246118,0.3573195335825261,0.035249017553011436
2026-05-25,3.0,Walk + Run,34.61666666666667,29.0,3.04266,98.33333333333333,140.0,0.7089767627166771,33.67732178522624,32.84261262440981,0.8347091608164305,0.08261832360460104
2026-05-26,2.0,Walk,44.349999999999994,20.0,3.4749800000000004,94.0,114.0,0.5201682149219684,33.35551747250533,31.132977059153543,2.2225404133517905,0.22210622427347154
2026-05-27,1.0,Run,34.1,57.0,3.14784,131.0,143.0,1.0014652022510058,33.911832266357784,34.57644948024926,-0.664617213891475,-0.06532795679015435
2026-05-28,3.0,Yoga + Workout + Run,35.18333333333334,41.0,1.8464200000000002,99.33333333333333,143.0,0.8361786259272614,34.07860489785637,35.43156601649929,-1.3529611186429165,-0.13233729517372556
2026-05-29,2.0,Workout + Run,21.700000000000003,22.0,1.18914,104.0,137.0,0.7799326450890333,33.79441569701586,33.64352773873882,0.15088795827703905,0.014882928156910738
2026-05-30,2.0,Workout + Yoga,120.58333333333333,150.0,0.0,85.0,142.0,0.8639281241699792,36.52853709725563,49.13314570381765,-12.604608606562017,-1.150206533319671
2026-05-31,5.0,Walk + Workout + Run,82.06666666666666,73.0,5.769069999999999,97.0,142.0,0.7305562462395196,37.38664910468248,52.31035147408184,-14.923702369399358,-1.3305732328504973
2026-06-01,1.0,Run,46.81666666666667,54.0,4.00411,118.0,134.0,0.8319021767942869,37.77753323030375,52.53528103453608,-14.757747804232324,-1.302162647330133
2026-06-02,0.0,-,0.0,0.0,0.0,,,0.0,36.88869159095587,45.54167408600418,-8.652982495048306,-0.7819001905333492
2026-06-03,4.0,Walk + Workout + Run,36.28333333333333,33.0,2.78627,92.0,143.0,0.7387185517907082,36.797197236691076,43.87210009102658,-7.074902854335505,-0.6408914614544797
2026-06-04,1.0,Walk,17.1,12.0,1.17533,104.0,118.0,0.6488856845230501,36.21376100996008,39.62921918753669,-3.4154581775766104,-0.314379403696589
2026-06-05,0.0,-,0.0,0.0,0.0,,,0.0,35.361712293416964,34.35369429803141,1.0080179953855577,0.09501971954124076
2026-06-06,2.0,Workout + Run,38.16666666666667,51.0,2.78057,108.0,153.0,0.8954031074833444,35.729654826799816,36.56968547447799,-0.8400306476781765,-0.07836913545627025
2026-06-07,2.0,Walk + Run,68.0,86.0,5.89763,110.5,145.0,0.8711047752203892,36.91243126013476,43.14995276012459,-6.237521499989832,-0.5632719824595898
2026-06-08,1.0,Walk,21.066666666666666,13.0,1.52978,100.0,116.0,0.6084843174289392,36.349812084539614,39.13632772626399,-2.786515641724378,-0.2555277438797311
2026-06-09,2.0,Yoga + Run,38.93333333333334,50.0,2.64648,105.0,142.0,0.8778086039709792,36.67097798307033,40.58252259576945,-3.9115446126991174,-0.35555315836817303
2026-06-10,1.0,Walk,8.2,2.0,0.51893,89.0,103.0,0.382546027838003,35.855228349011476,35.44633615488454,0.4088921941269348,0.03801325617441488
2026-06-11,1.0,Run,53.7,97.0,5.00408,134.0,153.0,1.041056618384209,37.293861695992966,43.64048916401762,-6.346627468024657,-0.5672629202593028
2026-06-12,1.0,Run,32.68333333333333,45.0,3.03804,125.0,137.0,0.9089054560271494,37.47517413271079,43.82147010181598,-6.346295969105192,-0.5644889019622307
2026-06-13,4.0,Walk + Workout + Yoga + Run,56.1,50.0,3.21808,87.0,146.0,0.7312724241271307,37.76986216034246,44.64396897831853,-6.87410681797607,-0.6066659522340657
2026-06-14,1.0,Run,55.93333333333333,81.0,5.02316,127.0,143.0,0.9321435176756293,38.78699438950064,49.48376018467232,-10.696765795171679,-0.919274270799322
2026-06-15,0.0,-,0.0,0.0,0.0,,,0.0,37.87440183168679,42.8963781006304,-5.021976268943611,-0.4419850898469799
2026-06-16,2.0,Workout + Run,64.28333333333333,93.0,5.00633,107.0,160.0,0.9316824294462488,39.171414178873384,49.566277477997275,-10.394863299123891,-0.8845619964647785
2026-06-17,1.0,Run,43.95,52.0,4.00706,119.0,136.0,0.8425542183868654,39.47324916588144,49.890259731551566,-10.417010565670125,-0.8796683649302112
2026-06-18,2.0,Yoga + Workout,21.55,6.0,0.059609999999999996,73.0,92.0,0.40872162197410294,38.685680070739046,44.04749617557739,-5.361816104838347,-0.46199834969373255
2026-06-19,2.0,Run,52.35,61.0,4.6423000000000005,115.0,138.0,0.8361461601575001,39.210698382176794,46.30424908917761,-7.093550707000816,-0.6030285100477566
2026-06-20,1.0,Run,56.85,68.0,5.04858,120.0,136.0,0.8471588400435023,39.88806209170402,49.192433016923204,-9.304370925219182,-0.7775401492162504
2026-06-21,2.0,Walk + Run,62.85,81.0,5.553379999999999,116.5,135.0,0.8793575437428567,40.85535664914393,53.42672313754717,-12.571366488403243,-1.0256808016929206
2026-06-22,0.0,-,0.0,0.0,0.0,,,0.0,39.894099015968514,46.31444554401132,-6.420346528042806,-0.536449139631145
2026-06-23,1.0,Run,31.816666666666666,38.0,3.05288,120.0,137.0,0.8465255770768915,39.84953406080913,45.20760909077979,-5.358075029970664,-0.44819219398269594
2026-06-24,4.0,Walk + Workout,25.316666666666666,9.0,1.4930999999999999,82.75,112.0,0.46184220521170694,39.123696556794116,40.38757612359077,-1.2638795667966534,-0.10768235775488275
2026-06-25,2.0,WeightTraining + Run,63.06666666666666,89.0,5.551609999999999,112.5,151.0,0.9201755508583473,40.297201852833666,46.85896408825279,-6.561762235419124,-0.5427806343628883
2026-06-26,1.0,Run,37.666666666666664,45.0,3.42089,119.0,133.0,0.8466487815452376,40.407850761251446,46.61149488453559,-6.203644123284143,-0.5117523786766244
2026-06-27,0.0,-,0.0,0.0,0.0,,,0.0,39.457122186831334,40.406474789722544,-0.94935260289121,-0.08020120325349465
2026-06-28,1.0,Run,56.083333333333336,77.0,5.02448,124.0,137.0,0.9076200447415438,40.34044277999611,45.277881721259355,-4.937438941263245,-0.4079808913840684
2026-06-29,0.0,-,0.0,0.0,0.0,,,0.0,39.39130020168111,39.25039501166245,0.14090519001866397,0.011923545664248856
2026-06-30,1.0,Run,45.81666666666667,54.0,4.136520000000001,120.0,129.0,0.8409317702821771,39.73501826813927,41.213893405565145,-1.4788751374258737,-0.12406144520064981
2026-07-01,1.0,Yoga,5.016666666666667,0.0,0.0,57.0,72.0,0.0,38.80012030744765,35.72741335594417,3.072706951503477,0.26397744192163186
2026-07-02,2.0,WeightTraining + Run,45.21666666666667,54.0,4.03654,109.5,137.0,0.846492731634863,39.157747839702225,38.15989846699767,0.9978493727045574,0.08494269357109054
2026-07-03,2.0,Walk + Run,27.666666666666664,28.0,2.30379,112.0,136.0,0.7792489433182767,38.89522485227446,36.80739144474603,2.0878334075284286,0.17892799741340137
2026-07-04,0.0,-,0.0,0.0,0.0,,,0.0,37.98008581421869,31.90751419090424,6.072571623314449,0.5329610235759434
2026-07-05,2.0,Walk + Run,59.21666666666667,84.0,5.521710000000001,104.0,147.0,0.9225571725159655,39.062856775418624,38.84217530904493,0.22068146637369068,0.01883131313568448
2026-07-06,1.0,Run,21.683333333333334,27.0,2.00285,121.0,134.0,0.8643596484361905,38.77903810133746,37.26572006037833,1.5133180409591347,0.130080417587506
2026-07-07,2.0,Pilates + Run,55.78333333333333,65.0,4.03981,102.0,149.0,0.8361420647443928,39.395973109168786,40.95776565485717,-1.5617925456883839,-0.13214485495430003
2026-07-08,2.0,Workout + Run,38.916666666666664,46.0,3.27987,102.5,132.0,0.8421447077429409,39.55135472321327,41.628998480834355,-2.0776437576210824,-0.17510093498783771
2026-07-09,1.0,Workout,9.6,24.0,0.0,123.0,147.0,1.224744871391589,39.18545757630339,39.28218917776483,-0.09673160146143545,-0.008228528936028207
2026-07-10,2.0,Walk + Run,68.1,76.0,6.10327,108.5,148.0,0.8182930552247617,40.05164166620241,44.17014127099628,-4.118499604793875,-0.3427657755053832
2026-07-11,1.0,Workout,154.93333333333334,211.0,0.0,102.0,142.0,0.9039500237507041,44.0737682073646,66.37888244938176,-22.30511424201716,-1.686953120434575
2026-07-12,1.0,Run,79.03333333333333,116.0,7.12568,126.0,151.0,0.9384247863911104,45.76607112690511,72.98454983446318,-27.21847870755807,-1.9824350249980114
2026-07-13,1.0,Yoga,5.016666666666667,2.0,0.0,76.0,89.0,0.4890834875635335,44.736329291431076,63.53493747521154,-18.798608183780466,-1.400696665814079
2026-07-14,1.0,Run,32.3,39.0,3.00888,119.0,131.0,0.8511511054650432,44.601363138396366,60.2687950690134,-15.667431930617035,-1.1709232504846379
