Header Length,5
Powered by Labfront
Documentation,https://help.labfront.com/data-documentation
projectId,projectTitle,participantId,participantInsignia
d7934d1c-460d-4580-b14a-273638afa65a,MS Daily Compass Project,7ccc3155-f88f-4033-9e89-6656bb8a8703,jheel

summaryId,activityId,unixTimestampInMs,latitudeInDegree,longitudeInDegree,elevationInMeters,airTemperatureCelcius,heartRate,speedMetersPerSecond,stepsPerMinute,totalDistanceInMeters,timerDurationInMs,clockDurationInMs,movingDurationInMs,powerInWatts,bikeCadenceInRPM,swimCadenceInStrokesPerMinute
23182552469-detail,23182552469,1780977084000,,,,,65,,,,0,0,0,,,
23182552469-detail,23182552469,1780977085000,,,,,64,,,,1000,1000,0,,,
23182552469-detail,23182552469,1780977086000,,,,,63,,,,2000,2000,0,,,
23182552469-detail,23182552469,1780977087000,,,,,66,,,,3000,3000,0,,,
23182552469-detail,23182552469,1780977088000,,,,,64,,,,4000,4000,0,,,
23182552469-detail,23182552469,1780977089000,,,,,64,,,,5000,5000,0,,,
23182552469-detail,23182552469,1780977090000,,,,,65,,,,6000,6000,0,,,
23182552469-detail,23182552469,1780977091000,,,,,64,,,,7000,7000,0,,,
23182552469-detail,23182552469,1780977092000,,,,,64,,,,8000,8000,0,,,
23182552469-detail,23182552469,1780977093000,,,,,64,,,,9000,9000,0,,,
23182552469-detail,23182552469,1780977094000,,,,,64,,,,10000,10000,0,,,
23182552469-detail,23182552469,1780977095000,,,,,63,,,,11000,11000,0,,,
23182552469-detail,23182552469,1780977096000,,,,,63,,,,12000,12000,0,,,
23182552469-detail,23182552469,1780977097000,,,,,63,,,,13000,13000,0,,,
23182552469-detail,23182552469,1780977098000,,,,,63,,,,14000,14000,0,,,
23182552469-detail,23182552469,1780977099000,,,,,64,,,,15000,15000,0,,,
23182552469-detail,23182552469,1780977100000,,,,,64,,,,16000,16000,0,,,
23182552469-detail,23182552469,1780977101000,,,,,64,,,,17000,17000,0,,,
23182552469-detail,23182552469,1780977102000,,,,,65,,,,18000,18000,0,,,
23182552469-detail,23182552469,1780977103000,,,,,65,,,,19000,19000,0,,,
23182552469-detail,23182552469,1780977104000,,,,,65,,,,20000,20000,0,,,
23182552469-detail,23182552469,1780977105000,,,,,65,,,,21000,21000,0,,,
23182552469-detail,23182552469,1780977106000,,,,,66,,,,22000,22000,0,,,
23182552469-detail,23182552469,1780977107000,,,,,66,,,,23000,23000,0,,,
23182552469-detail,23182552469,1780977108000,,,,,66,,,,24000,24000,0,,,
23182552469-detail,23182552469,1780977109000,,,,,66,,,,25000,25000,0,,,
23182552469-detail,23182552469,1780977110000,,,,,65,,,,26000,26000,0,,,
23182552469-detail,23182552469,1780977111000,,,,,65,,,,27000,27000,0,,,
23182552469-detail,23182552469,1780977112000,,,,,64,,,,28000,28000,0,,,
23182552469-detail,23182552469,1780977113000,,,,,64,,,,29000,29000,0,,,
23182552469-detail,23182552469,1780977114000,,,,,63,,,,30000,30000,0,,,
23182552469-detail,23182552469,1780977115000,,,,,63,,,,31000,31000,0,,,
23182552469-detail,23182552469,1780977116000,,,,,63,,,,32000,32000,0,,,
23182552469-detail,23182552469,1780977117000,,,,,62,,,,33000,33000,0,,,
23182552469-detail,23182552469,1780977118000,,,,,62,,,,34000,34000,0,,,
23182552469-detail,23182552469,1780977119000,,,,,62,,,,35000,35000,0,,,
23182552469-detail,23182552469,1780977120000,,,,,61,,,,36000,36000,0,,,
23182552469-detail,23182552469,1780977121000,,,,,61,,,,37000,37000,0,,,
23182552469-detail,23182552469,1780977122000,,,,,61,,,,38000,38000,0,,,
23182552469-detail,23182552469,1780977123000,,,,,60,,,,39000,39000,0,,,
23182552469-detail,23182552469,1780977124000,,,,,59,,,,40000,40000,0,,,
23182552469-detail,23182552469,1780977125000,,,,,59,,,,41000,41000,0,,,
23182552469-detail,23182552469,1780977126000,,,,,59,,,,42000,42000,0,,,
23182552469-detail,23182552469,1780977127000,,,,,59,,,,43000,43000,0,,,
23182552469-detail,23182552469,1780977128000,,,,,59,,,,44000,44000,0,,,
23182552469-detail,23182552469,1780977129000,,,,,59,,,,45000,45000,0,,,
23182552469-detail,23182552469,1780977130000,,,,,59,,,,46000,46000,0,,,
23182552469-detail,23182552469,1780977131000,,,,,59,,,,47000,47000,0,,,
23182552469-detail,23182552469,1780977132000,,,,,60,,,,48000,48000,0,,,
23182552469-detail,23182552469,1780977133000,,,,,60,,,,49000,49000,0,,,
23182552469-detail,23182552469,1780977134000,,,,,60,,,,50000,50000,0,,,
23182552469-detail,23182552469,1780977135000,,,,,60,,,,51000,51000,0,,,
23182552469-detail,23182552469,1780977136000,,,,,60,,,,52000,52000,0,,,
23182552469-detail,23182552469,1780977137000,,,,,60,,,,53000,53000,0,,,
23182552469-detail,23182552469,1780977138000,,,,,60,,,,54000,54000,0,,,
23182552469-detail,23182552469,1780977139000,,,,,60,,,,55000,55000,0,,,
23182552469-detail,23182552469,1780977140000,,,,,60,,,,56000,56000,0,,,
23182552469-detail,23182552469,1780977141000,,,,,59,,,,57000,57000,0,,,
23182552469-detail,23182552469,1780977142000,,,,,59,,,,58000,58000,0,,,
23182552469-detail,23182552469,1780977143000,,,,,59,,,,59000,59000,0,,,
23182552469-detail,23182552469,1780977144000,,,,,60,,,,60000,60000,0,,,
23182552469-detail,23182552469,1780977145000,,,,,58,,,,61000,61000,0,,,
23182552469-detail,23182552469,1780977146000,,,,,59,,,,62000,62000,0,,,
23182552469-detail,23182552469,1780977147000,,,,,59,,,,63000,63000,0,,,
23182552469-detail,23182552469,1780977148000,,,,,59,,,,64000,64000,0,,,
23182552469-detail,23182552469,1780977149000,,,,,59,,,,65000,65000,0,,,
23182552469-detail,23182552469,1780977150000,,,,,59,,,,66000,66000,0,,,
23182552469-detail,23182552469,1780977151000,,,,,60,,,,67000,67000,0,,,
23182552469-detail,23182552469,1780977152000,,,,,60,,,,68000,68000,0,,,
23182552469-detail,23182552469,1780977153000,,,,,60,,,,69000,69000,0,,,
23182552469-detail,23182552469,1780977154000,,,,,60,,,,70000,70000,0,,,
23182552469-detail,23182552469,1780977155000,,,,,60,,,,71000,71000,0,,,
23182552469-detail,23182552469,1780977156000,,,,,60,,,,72000,72000,0,,,
23182552469-detail,23182552469,1780977157000,,,,,60,,,,73000,73000,0,,,
23182552469-detail,23182552469,1780977158000,,,,,60,,,,74000,74000,0,,,
23182552469-detail,23182552469,1780977159000,,,,,60,,,,75000,75000,0,,,
23182552469-detail,23182552469,1780977160000,,,,,60,,,,76000,76000,0,,,
23182552469-detail,23182552469,1780977161000,,,,,60,,,,77000,77000,0,,,
23182552469-detail,23182552469,1780977162000,,,,,60,,,,78000,78000,0,,,
23182552469-detail,23182552469,1780977163000,,,,,60,,,,79000,79000,0,,,
23182552469-detail,23182552469,1780977164000,,,,,60,,,,80000,80000,0,,,
23182552469-detail,23182552469,1780977165000,,,,,60,,,,81000,81000,0,,,
23182552469-detail,23182552469,1780977166000,,,,,60,,,,82000,82000,0,,,
23182552469-detail,23182552469,1780977167000,,,,,60,,,,83000,83000,0,,,
23182552469-detail,23182552469,1780977168000,,,,,60,,,,84000,84000,0,,,
23182552469-detail,23182552469,1780977169000,,,,,60,,,,85000,85000,0,,,
23182552469-detail,23182552469,1780977170000,,,,,60,,,,86000,86000,0,,,
23182552469-detail,23182552469,1780977171000,,,,,60,,,,87000,87000,0,,,
23182552469-detail,23182552469,1780977172000,,,,,60,,,,88000,88000,0,,,
23182552469-detail,23182552469,1780977173000,,,,,60,,,,89000,89000,0,,,
23182552469-detail,23182552469,1780977174000,,,,,60,,,,90000,90000,0,,,
23182552469-detail,23182552469,1780977175000,,,,,59,,,,91000,91000,0,,,
23182552469-detail,23182552469,1780977176000,,,,,59,,,,92000,92000,0,,,
23182552469-detail,23182552469,1780977177000,,,,,59,,,,93000,93000,0,,,
23182552469-detail,23182552469,1780977178000,,,,,59,,,,94000,94000,0,,,
23182552469-detail,23182552469,1780977179000,,,,,59,,,,95000,95000,0,,,
23182552469-detail,23182552469,1780977180000,,,,,60,,,,96000,96000,0,,,
23182552469-detail,23182552469,1780977181000,,,,,60,,,,97000,97000,0,,,
23182552469-detail,23182552469,1780977182000,,,,,60,,,,98000,98000,0,,,
23182552469-detail,23182552469,1780977183000,,,,,60,,,,99000,99000,0,,,
23182552469-detail,23182552469,1780977184000,,,,,60,,,,100000,100000,0,,,
23182552469-detail,23182552469,1780977185000,,,,,60,,,,101000,101000,0,,,
23182552469-detail,23182552469,1780977186000,,,,,60,,,,102000,102000,0,,,
23182552469-detail,23182552469,1780977187000,,,,,60,,,,103000,103000,0,,,
23182552469-detail,23182552469,1780977188000,,,,,60,,,,104000,104000,0,,,
23182552469-detail,23182552469,1780977189000,,,,,60,,,,105000,105000,0,,,
23182552469-detail,23182552469,1780977190000,,,,,60,,,,106000,106000,0,,,
23182552469-detail,23182552469,1780977191000,,,,,60,,,,107000,107000,0,,,
23182552469-detail,23182552469,1780977192000,,,,,60,,,,108000,108000,0,,,
23182552469-detail,23182552469,1780977193000,,,,,60,,,,109000,109000,0,,,
23182552469-detail,23182552469,1780977194000,,,,,59,,,,110000,110000,0,,,
23182552469-detail,23182552469,1780977195000,,,,,58,,,,111000,111000,0,,,
23182552469-detail,23182552469,1780977196000,,,,,58,,,,112000,112000,0,,,
23182552469-detail,23182552469,1780977197000,,,,,59,,,,113000,113000,0,,,
23182552469-detail,23182552469,1780977198000,,,,,59,,,,114000,114000,0,,,
23182552469-detail,23182552469,1780977199000,,,,,59,,,,115000,115000,0,,,
23182552469-detail,23182552469,1780977200000,,,,,59,,,,116000,116000,0,,,
23182552469-detail,23182552469,1780977201000,,,,,59,,,,117000,117000,0,,,
23182552469-detail,23182552469,1780977202000,,,,,59,,,,118000,118000,0,,,
23182552469-detail,23182552469,1780977203000,,,,,59,,,,119000,119000,0,,,
23182552469-detail,23182552469,1780977204000,,,,,59,,,,120000,120000,0,,,
23182552469-detail,23182552469,1780977205000,,,,,59,,,,121000,121000,0,,,
23182552469-detail,23182552469,1780977206000,,,,,59,,,,122000,122000,0,,,
23182552469-detail,23182552469,1780977207000,,,,,59,,,,123000,123000,0,,,
23182552469-detail,23182552469,1780977208000,,,,,59,,,,124000,124000,0,,,
23182552469-detail,23182552469,1780977209000,,,,,59,,,,125000,125000,0,,,
23182552469-detail,23182552469,1780977210000,,,,,59,,,,126000,126000,0,,,
23182552469-detail,23182552469,1780977211000,,,,,59,,,,127000,127000,0,,,
23182552469-detail,23182552469,1780977212000,,,,,59,,,,128000,128000,0,,,
23182552469-detail,23182552469,1780977213000,,,,,59,,,,129000,129000,0,,,
23182552469-detail,23182552469,1780977214000,,,,,59,,,,130000,130000,0,,,
23182552469-detail,23182552469,1780977215000,,,,,59,,,,131000,131000,0,,,
23182552469-detail,23182552469,1780977216000,,,,,59,,,,132000,132000,0,,,
23182552469-detail,23182552469,1780977217000,,,,,59,,,,133000,133000,0,,,
23182552469-detail,23182552469,1780977218000,,,,,59,,,,134000,134000,0,,,
23182552469-detail,23182552469,1780977219000,,,,,59,,,,135000,135000,0,,,
23182552469-detail,23182552469,1780977220000,,,,,59,,,,136000,136000,0,,,
23182552469-detail,23182552469,1780977221000,,,,,59,,,,137000,137000,0,,,
23182552469-detail,23182552469,1780977222000,,,,,59,,,,138000,138000,0,,,
23182552469-detail,23182552469,1780977223000,,,,,59,,,,139000,139000,0,,,
23182552469-detail,23182552469,1780977224000,,,,,59,,,,140000,140000,0,,,
23182552469-detail,23182552469,1780977225000,,,,,59,,,,141000,141000,0,,,
23182552469-detail,23182552469,1780977226000,,,,,60,,,,142000,142000,0,,,
23182552469-detail,23182552469,1780977227000,,,,,60,,,,143000,143000,0,,,
23182552469-detail,23182552469,1780977228000,,,,,60,,,,144000,144000,0,,,
23182552469-detail,23182552469,1780977229000,,,,,60,,,,145000,145000,0,,,
23182552469-detail,23182552469,1780977230000,,,,,60,,,,146000,146000,0,,,
23182552469-detail,23182552469,1780977231000,,,,,60,,,,147000,147000,0,,,
23182552469-detail,23182552469,1780977232000,,,,,60,,,,148000,148000,0,,,
23182552469-detail,23182552469,1780977233000,,,,,60,,,,149000,149000,0,,,
23182552469-detail,23182552469,1780977234000,,,,,60,,,,150000,150000,0,,,
23182552469-detail,23182552469,1780977235000,,,,,60,,,,151000,151000,0,,,
23182552469-detail,23182552469,1780977236000,,,,,60,,,,152000,152000,0,,,
23182552469-detail,23182552469,1780977237000,,,,,60,,,,153000,153000,0,,,
23182552469-detail,23182552469,1780977238000,,,,,60,,,,154000,154000,0,,,
23182552469-detail,23182552469,1780977239000,,,,,60,,,,155000,155000,0,,,
23182552469-detail,23182552469,1780977240000,,,,,60,,,,156000,156000,0,,,
23182552469-detail,23182552469,1780977241000,,,,,60,,,,157000,157000,0,,,
23182552469-detail,23182552469,1780977242000,,,,,60,,,,158000,158000,0,,,
23182552469-detail,23182552469,1780977243000,,,,,59,,,,159000,159000,0,,,
23182552469-detail,23182552469,1780977244000,,,,,59,,,,160000,160000,0,,,
23182552469-detail,23182552469,1780977245000,,,,,59,,,,161000,161000,0,,,
23182552469-detail,23182552469,1780977246000,,,,,59,,,,162000,162000,0,,,
23182552469-detail,23182552469,1780977247000,,,,,59,,,,163000,163000,0,,,
23182552469-detail,23182552469,1780977248000,,,,,59,,,,164000,164000,0,,,
23182552469-detail,23182552469,1780977249000,,,,,59,,,,165000,165000,0,,,
23182552469-detail,23182552469,1780977250000,,,,,59,,,,166000,166000,0,,,
23182552469-detail,23182552469,1780977251000,,,,,59,,,,167000,167000,0,,,
23182552469-detail,23182552469,1780977252000,,,,,59,,,,168000,168000,0,,,
23182552469-detail,23182552469,1780977253000,,,,,59,,,,169000,169000,0,,,
23182552469-detail,23182552469,1780977254000,,,,,59,,,,170000,170000,0,,,
23182552469-detail,23182552469,1780977255000,,,,,59,,,,171000,171000,0,,,
23182552469-detail,23182552469,1780977256000,,,,,59,,,,172000,172000,0,,,
23182552469-detail,23182552469,1780977257000,,,,,60,,,,173000,173000,0,,,
23182552469-detail,23182552469,1780977258000,,,,,60,,,,174000,174000,0,,,
23182552469-detail,23182552469,1780977259000,,,,,61,,,,175000,175000,0,,,
23182552469-detail,23182552469,1780977260000,,,,,61,,,,176000,176000,0,,,
23182552469-detail,23182552469,1780977261000,,,,,60,,,,177000,177000,0,,,
23182552469-detail,23182552469,1780977262000,,,,,61,,,,178000,178000,0,,,
23182552469-detail,23182552469,1780977263000,,,,,61,,,,179000,179000,0,,,
23182552469-detail,23182552469,1780977264000,,,,,60,,,,180000,180000,0,,,
23182637687-detail,23182637687,1780977388000,,,,,63,,,0,0,0,0,,,
23182637687-detail,23182637687,1780977390000,,,,,64,,,0,2000,2000,0,,,
23182637687-detail,23182637687,1780977391000,,,,,65,,,0,3000,3000,0,,,
23182637687-detail,23182637687,1780977393000,,,,,64,,,0,5000,5000,0,,,
23182637687-detail,23182637687,1780977397000,,,,,63,,,0,9000,9000,0,,,
23182637687-detail,23182637687,1780977400000,,,,,62,,,0,12000,12000,0,,,
23182637687-detail,23182637687,1780977405000,,,,,63,,,0,17000,17000,0,,,
23182637687-detail,23182637687,1780977410000,,,,,62,,,0,22000,22000,0,,,
23182637687-detail,23182637687,1780977416000,,,,,61,,,0,28000,28000,0,,,
23182637687-detail,23182637687,1780977422000,,,,,60,,,0,34000,34000,0,,,
23182637687-detail,23182637687,1780977423000,,,,,61,,,0,35000,35000,0,,,
23182637687-detail,23182637687,1780977424000,,,,,62,,,0,36000,36000,0,,,
23182637687-detail,23182637687,1780977427000,,,,,63,,,0,39000,39000,0,,,
23182637687-detail,23182637687,1780977431000,,,,,62,,,0,43000,43000,0,,,
23182637687-detail,23182637687,1780977436000,,,,,63,,,0,48000,48000,0,,,
23182637687-detail,23182637687,1780977437000,,,,,64,,,0,49000,49000,0,,,
23182637687-detail,23182637687,1780977438000,,,,,65,,,0,50000,50000,0,,,
23182637687-detail,23182637687,1780977440000,,,,,66,,,0,52000,52000,0,,,
23182637687-detail,23182637687,1780977442000,,,,,65,,,0,54000,54000,0,,,
23182637687-detail,23182637687,1780977445000,,,,,64,,,0,57000,57000,0,,,
23182637687-detail,23182637687,1780977446000,,,,,63,,,0,58000,58000,0,,,
23182637687-detail,23182637687,1780977447000,,,,,62,,,0,59000,59000,0,,,
23182637687-detail,23182637687,1780977450000,,,,,61,,,0,62000,62000,0,,,
23182637687-detail,23182637687,1780977452000,,,,,60,,,0,64000,64000,0,,,
23182637687-detail,23182637687,1780977454000,,,,,59,,,0,66000,66000,0,,,
23182637687-detail,23182637687,1780977466000,,,,,58,,,0,78000,78000,0,,,
23182637687-detail,23182637687,1780977471000,,,,,59,,,0,83000,83000,0,,,
23182637687-detail,23182637687,1780977472000,,,,,58,,,0,84000,84000,0,,,
23182637687-detail,23182637687,1780977478000,,,,,57,,,0,90000,90000,0,,,
23182637687-detail,23182637687,1780977499000,,,,,58,,,0,111000,111000,0,,,
23182637687-detail,23182637687,1780977500000,,,,,59,,,0,112000,112000,0,,,
23182637687-detail,23182637687,1780977502000,,,,,60,,,0,114000,114000,0,,,
23182637687-detail,23182637687,1780977511000,,,,,59,,,0,123000,123000,0,,,
23182637687-detail,23182637687,1780977527000,,,,,60,,,0,139000,139000,0,,,
23182637687-detail,23182637687,1780977538000,,,,,59,,,0,150000,150000,0,,,
23182637687-detail,23182637687,1780977545000,,,,,58,,,0,157000,157000,0,,,
23182637687-detail,23182637687,1780977548000,,,,,57,,,0,160000,160000,0,,,
23182637687-detail,23182637687,1780977549000,,,,,58,,,0,161000,161000,0,,,
23182637687-detail,23182637687,1780977553000,,,,,59,,,0,165000,165000,0,,,
23182637687-detail,23182637687,1780977557000,,,,,60,,,0,169000,169000,0,,,
23182637687-detail,23182637687,1780977558000,,,,,61,,,0,170000,170000,0,,,
23182637687-detail,23182637687,1780977562000,,,,,62,,,0,174000,174000,0,,,
23182637687-detail,23182637687,1780977563000,,,,,61,,,0,175000,175000,0,,,
23182637687-detail,23182637687,1780977564000,,,,,62,,,0,176000,176000,0,,,
23182637687-detail,23182637687,1780977565000,,,,,63,,,0,177000,177000,0,,,
23182637687-detail,23182637687,1780977567000,,,,,64,,,0,179000,179000,0,,,
23182637687-detail,23182637687,1780977569000,,,,,62,,,0,181000,181000,0,,,
23182637687-detail,23182637687,1780977570000,,,,,60,,,0,182000,182000,0,,,
23182637687-detail,23182637687,1780977571000,,,,,57,,,0,183000,183000,0,,,
23182637687-detail,23182637687,1780977572000,,,,,57,,,0,184000,184000,0,,,
23182637687-detail,23182637687,1780977578000,,,,,58,,,0,190000,190000,0,,,
23182637687-detail,23182637687,1780977582000,,,,,59,,,0,194000,194000,0,,,
23182637687-detail,23182637687,1780977591000,,,,,60,,,0,203000,203000,0,,,
23182637687-detail,23182637687,1780977593000,,,,,61,,,0,205000,205000,0,,,
23182637687-detail,23182637687,1780977595000,,,,,62,,,0,207000,207000,0,,,
23182637687-detail,23182637687,1780977596000,,,,,63,,,0,208000,208000,0,,,
23182637687-detail,23182637687,1780977612000,,,,,62,,,0,224000,224000,0,,,
23182637687-detail,23182637687,1780977615000,,,,,61,,,0,227000,227000,0,,,
23182637687-detail,23182637687,1780977618000,,,,,60,,,0,230000,230000,0,,,
23182637687-detail,23182637687,1780977627000,,,,,61,,,0,239000,239000,0,,,
23182637687-detail,23182637687,1780977629000,,,,,62,,,0,241000,241000,0,,,
23182637687-detail,23182637687,1780977632000,,,,,63,,,0,244000,244000,0,,,
23182637687-detail,23182637687,1780977647000,,,,,62,,,0,259000,259000,0,,,
23182637687-detail,23182637687,1780977655000,,,,,63,,,0,267000,267000,0,,,
23182637687-detail,23182637687,1780977656000,,,,,62,,,0,268000,268000,0,,,
23182637687-detail,23182637687,1780977659000,,,,,63,,,0,271000,271000,0,,,
23182637687-detail,23182637687,1780977660000,,,,,62,,,0,272000,272000,0,,,
23182637687-detail,23182637687,1780977664000,,,,,63,,,0,276000,276000,0,,,
23182637687-detail,23182637687,1780977665000,,,,,62,,,0,277000,277000,0,,,
23182637687-detail,23182637687,1780977666000,,,,,63,,,0,278000,278000,0,,,
23182637687-detail,23182637687,1780977668000,,,,,61,,,0,280000,280000,0,,,
23182637687-detail,23182637687,1780977669000,,,,,64,,,0,281000,281000,0,,,
23182637687-detail,23182637687,1780977671000,,,,,65,,,0,283000,283000,0,,,
23182637687-detail,23182637687,1780977676000,,,,,64,,,0,288000,288000,0,,,
23182637687-detail,23182637687,1780977677000,,,,,63,,,0,289000,289000,0,,,
23182637687-detail,23182637687,1780977685000,,,,,62,,,0,297000,297000,0,,,
23182637687-detail,23182637687,1780977688000,,,,,63,,,0,300000,300000,0,,,
23182637687-detail,23182637687,1780977689000,,,,,62,,,0,301000,301000,0,,,
23182637687-detail,23182637687,1780977697000,,,,,61,,,0,309000,309000,0,,,
23182637687-detail,23182637687,1780977704000,,,,,62,,,0,316000,316000,0,,,
23182637687-detail,23182637687,1780977720000,,,,,61,,,0,332000,332000,0,,,
23182637687-detail,23182637687,1780977723000,,,,,62,,,0,335000,335000,0,,,
23182637687-detail,23182637687,1780977725000,,,,,61,,,0,337000,337000,0,,,
23182637687-detail,23182637687,1780977731000,,,,,62,,,0,343000,343000,0,,,
23182637687-detail,23182637687,1780977743000,,,,,61,,,0,355000,355000,0,,,
23182637687-detail,23182637687,1780977745000,,,,,62,,,0,357000,357000,0,,,
23182637687-detail,23182637687,1780977749000,,,,,61,,,0,361000,361000,0,,,
23182637687-detail,23182637687,1780977750000,,,,,62,,,0,362000,362000,0,,,
23182637687-detail,23182637687,1780977775000,,,,,61,,,0,387000,387000,0,,,
23182637687-detail,23182637687,1780977778000,,,,,60,,,0,390000,390000,0,,,
23182637687-detail,23182637687,1780977780000,,,,,61,,,0,392000,392000,0,,,
23182637687-detail,23182637687,1780977783000,,,,,62,,,0,395000,395000,0,,,
23182637687-detail,23182637687,1780977791000,,,,,63,,,0,403000,403000,0,,,
23182637687-detail,23182637687,1780977802000,,,,,64,,,0,414000,414000,0,,,
23182637687-detail,23182637687,1780977803000,,,,,63,,,0,415000,415000,0,,,
23182637687-detail,23182637687,1780977805000,,,,,64,,,0,417000,417000,0,,,
23182637687-detail,23182637687,1780977807000,,,,,65,,,0,419000,419000,0,,,
23182637687-detail,23182637687,1780977811000,,,,,66,,,0,423000,423000,0,,,
23182637687-detail,23182637687,1780977812000,,,,,67,,,0,424000,424000,0,,,
23182637687-detail,23182637687,1780977819000,,,,,66,,,0,431000,431000,0,,,
23182637687-detail,23182637687,1780977822000,,,,,65,,,0,434000,434000,0,,,
23182637687-detail,23182637687,1780977823000,,,,,64,,,0,435000,435000,0,,,
23182637687-detail,23182637687,1780977824000,,,,,63,,,0,436000,436000,0,,,
23182637687-detail,23182637687,1780977826000,,,,,62,,,0,438000,438000,0,,,
23182637687-detail,23182637687,1780977827000,,,,,63,,,0,439000,439000,0,,,
23182637687-detail,23182637687,1780977850000,,,,,62,,,0,462000,462000,0,,,
23182637687-detail,23182637687,1780977852000,,,,,63,,,0,464000,464000,0,,,
23182637687-detail,23182637687,1780977853000,,,,,62,,,0,465000,465000,0,,,
23182637687-detail,23182637687,1780977855000,,,,,61,,,0,467000,467000,0,,,
23182637687-detail,23182637687,1780977857000,,,,,59,,,0,469000,469000,0,,,
23182637687-detail,23182637687,1780977859000,,,,,60,,,0,471000,471000,0,,,
23182637687-detail,23182637687,1780977860000,,,,,61,,,0,472000,472000,0,,,
23182637687-detail,23182637687,1780977861000,,,,,59,,,0,473000,473000,0,,,
23182637687-detail,23182637687,1780977862000,,,,,57,,,0,474000,474000,0,,,
23182637687-detail,23182637687,1780977863000,,,,,56,,,0,475000,475000,0,,,
23182637687-detail,23182637687,1780977864000,,,,,57,,,0,476000,476000,0,,,
23182637687-detail,23182637687,1780977865000,,,,,58,,,0,477000,477000,0,,,
23182637687-detail,23182637687,1780977866000,,,,,60,,,0,478000,478000,0,,,
23182637687-detail,23182637687,1780977867000,,,,,61,,,0,479000,479000,0,,,
23182637687-detail,23182637687,1780977868000,,,,,60,,,0,480000,480000,0,,,
23182637687-detail,23182637687,1780977871000,,,,,62,,,0,483000,483000,0,,,
23182637687-detail,23182637687,1780977872000,,,,,63,,,0,484000,484000,0,,,
23182637687-detail,23182637687,1780977874000,,,,,62,,,0,486000,486000,0,,,
23182637687-detail,23182637687,1780977880000,,,,,63,,,0,492000,492000,0,,,
23182637687-detail,23182637687,1780977885000,,,,,62,,,0,497000,497000,0,,,
23182637687-detail,23182637687,1780977889000,,,,,61,,,0,501000,501000,0,,,
23182637687-detail,23182637687,1780977894000,,,,,62,,,0,506000,506000,0,,,
23182637687-detail,23182637687,1780977897000,,,,,61,,,0,509000,509000,0,,,
23182637687-detail,23182637687,1780977898000,,,,,62,,,0,510000,510000,0,,,
23182637687-detail,23182637687,1780977900000,,,,,61,,,0,512000,512000,0,,,
23182637687-detail,23182637687,1780977902000,,,,,62,,,0,514000,514000,0,,,
23182637687-detail,23182637687,1780977920000,,,,,61,,,0,532000,532000,0,,,
23182637687-detail,23182637687,1780977922000,,,,,62,,,0,534000,534000,0,,,
23182637687-detail,23182637687,1780977923000,,,,,61,,,0,535000,535000,0,,,
23182637687-detail,23182637687,1780977925000,,,,,60,,,0,537000,537000,0,,,
23182637687-detail,23182637687,1780977926000,,,,,61,,,0,538000,538000,0,,,
23182637687-detail,23182637687,1780977929000,,,,,62,,,0,541000,541000,0,,,
23182637687-detail,23182637687,1780977930000,,,,,61,,,0,542000,542000,0,,,
23182637687-detail,23182637687,1780977933000,,,,,62,,,0,545000,545000,0,,,
23182637687-detail,23182637687,1780977947000,,,,,61,,,0,559000,559000,0,,,
23182637687-detail,23182637687,1780977950000,,,,,60,,,0,562000,562000,0,,,
23182637687-detail,23182637687,1780977961000,,,,,61,,,0,573000,573000,0,,,
23182637687-detail,23182637687,1780977964000,,,,,62,,,0,576000,576000,0,,,
23182637687-detail,23182637687,1780977972000,,,,,61,,,0,584000,584000,0,,,
23182637687-detail,23182637687,1780977978000,,,,,62,,,0,590000,590000,0,,,
23182637687-detail,23182637687,1780978008000,,,,,63,,,0,620000,620000,0,,,
23182637687-detail,23182637687,1780978010000,,,,,64,,,0,622000,622000,0,,,
23182637687-detail,23182637687,1780978016000,,,,,63,,,0,628000,628000,0,,,
23182637687-detail,23182637687,1780978026000,,,,,64,,,0,638000,638000,0,,,
23182637687-detail,23182637687,1780978033000,,,,,63,,,0,645000,645000,0,,,
23182637687-detail,23182637687,1780978036000,,,,,64,,,0,648000,648000,0,,,
23182637687-detail,23182637687,1780978044000,,,,,63,,,0,656000,656000,0,,,
23182637687-detail,23182637687,1780978053000,,,,,62,,,0,665000,665000,0,,,
23182637687-detail,23182637687,1780978062000,,,,,61,,,0,674000,674000,0,,,
23182637687-detail,23182637687,1780978065000,,,,,62,,,0,677000,677000,0,,,
23182637687-detail,23182637687,1780978084000,,,,,61,,,0,696000,696000,0,,,
23182637687-detail,23182637687,1780978093000,,,,,60,,,0,705000,705000,0,,,
23182637687-detail,23182637687,1780978103000,,,,,61,,,0,715000,715000,0,,,
23182637687-detail,23182637687,1780978114000,,,,,62,,,0,726000,726000,0,,,
23182637687-detail,23182637687,1780978119000,,,,,61,,,0,731000,731000,0,,,
23182637687-detail,23182637687,1780978130000,,,,,60,,,0,742000,742000,0,,,
23182637687-detail,23182637687,1780978131000,,,,,61,,,0,743000,743000,0,,,
23182637687-detail,23182637687,1780978135000,,,,,62,,,0,747000,747000,0,,,
23182637687-detail,23182637687,1780978140000,,,,,61,,,0,752000,752000,0,,,
23182637687-detail,23182637687,1780978141000,,,,,60,,,0,753000,753000,0,,,
23182637687-detail,23182637687,1780978142000,,,,,61,,,0,754000,754000,0,,,
23182637687-detail,23182637687,1780978143000,,,,,60,,,0,755000,755000,0,,,
23182637687-detail,23182637687,1780978144000,,,,,61,,,0,756000,756000,0,,,
23182637687-detail,23182637687,1780978147000,,,,,60,,,0,759000,759000,0,,,
23182637687-detail,23182637687,1780978152000,,,,,61,,,0,764000,764000,0,,,
23182637687-detail,23182637687,1780978155000,,,,,60,,,0,767000,767000,0,,,
23182637687-detail,23182637687,1780978157000,,,,,59,,,0,769000,769000,0,,,
23182637687-detail,23182637687,1780978167000,,,,,60,,,0,779000,779000,0,,,
23182637687-detail,23182637687,1780978168000,,,,,61,,,0,780000,780000,0,,,
23182637687-detail,23182637687,1780978170000,,,,,62,,,0,782000,782000,0,,,
23182637687-detail,23182637687,1780978181000,,,,,63,,,0,793000,793000,0,,,
23182637687-detail,23182637687,1780978186000,,,,,62,,,0,798000,798000,0,,,
23182637687-detail,23182637687,1780978187000,,,,,63,,,0,799000,799000,0,,,
23182637687-detail,23182637687,1780978190000,,,,,62,,,0,802000,802000,0,,,
23182637687-detail,23182637687,1780978191000,,,,,63,,,0,803000,803000,0,,,
23182637687-detail,23182637687,1780978194000,,,,,62,,,0,806000,806000,0,,,
23182637687-detail,23182637687,1780978202000,,,,,63,,,0,814000,814000,0,,,
23182637687-detail,23182637687,1780978216000,,,,,64,,,0,828000,828000,0,,,
23182637687-detail,23182637687,1780978219000,,,,,63,,,0,831000,831000,0,,,
23182637687-detail,23182637687,1780978221000,,,,,65,,,0,833000,833000,0,,,
23182637687-detail,23182637687,1780978222000,,,,,63,,,0,834000,834000,0,,,
23182637687-detail,23182637687,1780978223000,,,,,64,,,0,835000,835000,0,,,
23182637687-detail,23182637687,1780978228000,,,,,63,,,0,840000,840000,0,,,
23182637687-detail,23182637687,1780978234000,,,,,62,,,0,846000,846000,0,,,
23182637687-detail,23182637687,1780978235000,,,,,61,,,0,847000,847000,0,,,
23182637687-detail,23182637687,1780978236000,,,,,60,,,0,848000,848000,0,,,
23182637687-detail,23182637687,1780978238000,,,,,61,,,0,850000,850000,0,,,
23182637687-detail,23182637687,1780978240000,,,,,62,,,0,852000,852000,0,,,
23182637687-detail,23182637687,1780978243000,,,,,63,,,0,855000,855000,0,,,
23182637687-detail,23182637687,1780978246000,,,,,62,,,0,858000,858000,0,,,
23182637687-detail,23182637687,1780978247000,,,,,63,,,0,859000,859000,0,,,
23182637687-detail,23182637687,1780978248000,,,,,64,,,0,860000,860000,0,,,
23182637687-detail,23182637687,1780978249000,,,,,63,,,0,861000,861000,0,,,
23182637687-detail,23182637687,1780978250000,,,,,64,,,0,862000,862000,0,,,
23182637687-detail,23182637687,1780978253000,,,,,65,,,0,865000,865000,0,,,
23182637687-detail,23182637687,1780978254000,,,,,66,,,0,866000,866000,0,,,
23182637687-detail,23182637687,1780978255000,,,,,67,,,0,867000,867000,0,,,
23182637687-detail,23182637687,1780978256000,,,,,69,,,0,868000,868000,0,,,
23182637687-detail,23182637687,1780978257000,,,,,70,,,0,869000,869000,0,,,
23182637687-detail,23182637687,1780978258000,,,,,67,,,0,870000,870000,0,,,
23182637687-detail,23182637687,1780978260000,,,,,65,,,0,872000,872000,0,,,
23182637687-detail,23182637687,1780978261000,,,,,64,,,0,873000,873000,0,,,
23182637687-detail,23182637687,1780978262000,,,,,63,,,0,874000,874000,0,,,
23182637687-detail,23182637687,1780978263000,,,,,62,,,0,875000,875000,0,,,
23182637687-detail,23182637687,1780978265000,,,,,61,,,0,877000,877000,0,,,
23182637687-detail,23182637687,1780978268000,,,,,62,,,0,880000,880000,0,,,
23182637687-detail,23182637687,1780978269000,,,,,61,,,0,881000,881000,0,,,
23182637687-detail,23182637687,1780978270000,,,,,62,,,0,882000,882000,0,,,
23182637687-detail,23182637687,1780978272000,,,,,63,,,0,884000,884000,0,,,
23182637687-detail,23182637687,1780978273000,,,,,64,,,0,885000,885000,0,,,
23182637687-detail,23182637687,1780978274000,,,,,65,,,0,886000,886000,0,,,
23182637687-detail,23182637687,1780978277000,,,,,64,,,0,889000,889000,0,,,
23182637687-detail,23182637687,1780978278000,,,,,63,,,0,890000,890000,0,,,
23182637687-detail,23182637687,1780978280000,,,,,64,,,0,892000,892000,0,,,
23182637687-detail,23182637687,1780978281000,,,,,63,,,0,893000,893000,0,,,
23182637687-detail,23182637687,1780978289000,,,,,62,,,0,901000,901000,0,,,
23182637687-detail,23182637687,1780978290000,,,,,61,,,0,902000,902000,0,,,
23182637687-detail,23182637687,1780978294000,,,,,62,,,0,906000,906000,0,,,
23182637687-detail,23182637687,1780978296000,,,,,63,,,0,908000,908000,0,,,
23182637687-detail,23182637687,1780978302000,,,,,62,,,0,914000,914000,0,,,
23182637687-detail,23182637687,1780978303000,,,,,63,,,0,915000,915000,0,,,
23182637687-detail,23182637687,1780978316000,,,,,62,,,0,928000,928000,0,,,
23182637687-detail,23182637687,1780978324000,,,,,63,,,0,936000,936000,0,,,
23182637687-detail,23182637687,1780978327000,,,,,67,,,0,939000,939000,0,,,
23182637687-detail,23182637687,1780978328000,,,,,64,,,0,940000,940000,0,,,
23182637687-detail,23182637687,1780978329000,,,,,65,,,0,941000,941000,0,,,
23182637687-detail,23182637687,1780978330000,,,,,64,,,0,942000,942000,0,,,
23182637687-detail,23182637687,1780978333000,,,,,65,,,0,945000,945000,0,,,
23182637687-detail,23182637687,1780978335000,,,,,66,,,0,947000,947000,0,,,
23182637687-detail,23182637687,1780978336000,,,,,67,,,0,948000,948000,0,,,
23182637687-detail,23182637687,1780978338000,,,,,68,,,0,950000,950000,0,,,
23182637687-detail,23182637687,1780978339000,,,,,69,,,0,951000,951000,0,,,
23182637687-detail,23182637687,1780978341000,,,,,71,,,0,953000,953000,0,,,
23182637687-detail,23182637687,1780978342000,,,,,72,,,0,954000,954000,0,,,
23182637687-detail,23182637687,1780978343000,,,,,73,,,0,955000,955000,0,,,
23182637687-detail,23182637687,1780978345000,,,,,72,,,0,957000,957000,0,,,
23182637687-detail,23182637687,1780978346000,,,,,71,,,0,958000,958000,0,,,
23182637687-detail,23182637687,1780978347000,,,,,68,,,0,959000,959000,0,,,
23182637687-detail,23182637687,1780978348000,,,,,66,,,0,960000,960000,0,,,
23182637687-detail,23182637687,1780978349000,,,,,65,,,0,961000,961000,0,,,
23182637687-detail,23182637687,1780978350000,,,,,64,,,0,962000,962000,0,,,
23182637687-detail,23182637687,1780978357000,,,,,63,,,0,969000,969000,0,,,
23182637687-detail,23182637687,1780978364000,,,,,62,,,0,976000,976000,0,,,
23182637687-detail,23182637687,1780978374000,,,,,61,,,0,986000,986000,0,,,
23182637687-detail,23182637687,1780978378000,,,,,60,,,0,990000,990000,0,,,
23182637687-detail,23182637687,1780978380000,,,,,61,,,0,992000,992000,0,,,
23182637687-detail,23182637687,1780978382000,,,,,62,,,0,994000,994000,0,,,
23182637687-detail,23182637687,1780978387000,,,,,63,,,0,999000,999000,0,,,
23182637687-detail,23182637687,1780978393000,,,,,62,,,0,1005000,1005000,0,,,
23182637687-detail,23182637687,1780978394000,,,,,61,,,0,1006000,1006000,0,,,
23182637687-detail,23182637687,1780978395000,,,,,60,,,0,1007000,1007000,0,,,
23182637687-detail,23182637687,1780978396000,,,,,58,,,0,1008000,1008000,0,,,
23182637687-detail,23182637687,1780978397000,,,,,56,,,0,1009000,1009000,0,,,
23182637687-detail,23182637687,1780978398000,,,,,55,,,0,1010000,1010000,0,,,
23182637687-detail,23182637687,1780978399000,,,,,54,,,0,1011000,1011000,0,,,
23182637687-detail,23182637687,1780978400000,,,,,53,,,0,1012000,1012000,0,,,
23182637687-detail,23182637687,1780978402000,,,,,52,,,0,1014000,1014000,0,,,
23182637687-detail,23182637687,1780978403000,,,,,51,,,0,1015000,1015000,0,,,
23182637687-detail,23182637687,1780978404000,,,,,52,,,0,1016000,1016000,0,,,
23182637687-detail,23182637687,1780978405000,,,,,53,,,0,1017000,1017000,0,,,
23182637687-detail,23182637687,1780978408000,,,,,55,,,0,1020000,1020000,0,,,
23182637687-detail,23182637687,1780978409000,,,,,53,,,0,1021000,1021000,0,,,
23182637687-detail,23182637687,1780978410000,,,,,54,,,0,1022000,1022000,0,,,
23182637687-detail,23182637687,1780978411000,,,,,56,,,0,1023000,1023000,0,,,
23182637687-detail,23182637687,1780978412000,,,,,57,,,0,1024000,1024000,0,,,
23182637687-detail,23182637687,1780978413000,,,,,58,,,0,1025000,1025000,0,,,
23182637687-detail,23182637687,1780978414000,,,,,60,,,0,1026000,1026000,0,,,
23182637687-detail,23182637687,1780978416000,,,,,61,,,0,1028000,1028000,0,,,
23182637687-detail,23182637687,1780978417000,,,,,62,,,0,1029000,1029000,0,,,
23182637687-detail,23182637687,1780978418000,,,,,63,,,0,1030000,1030000,0,,,
23182637687-detail,23182637687,1780978420000,,,,,64,,,0,1032000,1032000,0,,,
23182637687-detail,23182637687,1780978426000,,,,,63,,,0,1038000,1038000,0,,,
23182663506-detail,23182663506,1780978437000,,,,,67,,,0,0,0,0,,,
23182663506-detail,23182663506,1780978438000,,,,,69,,,0,1000,1000,0,,,
23182663506-detail,23182663506,1780978439000,,,,,66,,,0,2000,2000,0,,,
23182663506-detail,23182663506,1780978442000,,,,,69,,,0,5000,5000,0,,,
23182663506-detail,23182663506,1780978443000,,,,,72,,,0,6000,6000,0,,,
23182663506-detail,23182663506,1780978444000,,,,,72,,,0,7000,7000,0,,,
23182663506-detail,23182663506,1780978445000,,,,,73,,,0,8000,8000,0,,,
23182663506-detail,23182663506,1780978446000,,,,,71,,,0,9000,9000,0,,,
23182663506-detail,23182663506,1780978447000,,,,,70,,,0,10000,10000,0,,,
23182663506-detail,23182663506,1780978448000,,,,,67,,,0,11000,11000,0,,,
23182663506-detail,23182663506,1780978449000,,,,,66,,,0,12000,12000,0,,,
23182663506-detail,23182663506,1780978450000,,,,,65,,,0,13000,13000,0,,,
23182663506-detail,23182663506,1780978451000,,,,,64,,,0,14000,14000,0,,,
23182663506-detail,23182663506,1780978453000,,,,,63,,,0,16000,16000,0,,,
23182663506-detail,23182663506,1780978455000,,,,,62,,,0,18000,18000,0,,,
23182663506-detail,23182663506,1780978457000,,,,,61,,,0,20000,20000,0,,,
23182663506-detail,23182663506,1780978458000,,,,,60,,,0,21000,21000,0,,,
23182663506-detail,23182663506,1780978460000,,,,,59,,,0,23000,23000,0,,,
23182663506-detail,23182663506,1780978467000,,,,,60,,,0,30000,30000,0,,,
23182663506-detail,23182663506,1780978482000,,,,,61,,,0,45000,45000,0,,,
23182663506-detail,23182663506,1780978484000,,,,,62,,,0,47000,47000,0,,,
23182663506-detail,23182663506,1780978489000,,,,,61,,,0,52000,52000,0,,,
23182663506-detail,23182663506,1780978496000,,,,,62,,,0,59000,59000,0,,,
23182663506-detail,23182663506,1780978505000,,,,,61,,,0,68000,68000,0,,,
23182663506-detail,23182663506,1780978510000,,,,,60,,,0,73000,73000,0,,,
23182663506-detail,23182663506,1780978520000,,,,,61,,,0,83000,83000,0,,,
23182663506-detail,23182663506,1780978522000,,,,,62,,,0,85000,85000,0,,,
23182663506-detail,23182663506,1780978524000,,,,,63,,,0,87000,87000,0,,,
23182663506-detail,23182663506,1780978527000,,,,,62,,,0,90000,90000,0,,,
23182663506-detail,23182663506,1780978539000,,,,,61,,,0,102000,102000,0,,,
23182663506-detail,23182663506,1780978540000,,,,,62,,,0,103000,103000,0,,,
23182663506-detail,23182663506,1780978543000,,,,,61,,,0,106000,106000,0,,,
23182663506-detail,23182663506,1780978546000,,,,,62,,,0,109000,109000,0,,,
23182663506-detail,23182663506,1780978548000,,,,,61,,,0,111000,111000,0,,,
23182663506-detail,23182663506,1780978551000,,,,,62,,,0,114000,114000,0,,,
23182663506-detail,23182663506,1780978552000,,,,,61,,,0,115000,115000,0,,,
23182663506-detail,23182663506,1780978555000,,,,,60,,,0,118000,118000,0,,,
23182663506-detail,23182663506,1780978556000,,,,,59,,,0,119000,119000,0,,,
23182663506-detail,23182663506,1780978559000,,,,,60,,,0,122000,122000,0,,,
23182663506-detail,23182663506,1780978564000,,,,,61,,,0,127000,127000,0,,,
23182663506-detail,23182663506,1780978567000,,,,,62,,,0,130000,130000,0,,,
23182663506-detail,23182663506,1780978574000,,,,,63,,,0,137000,137000,0,,,
23182663506-detail,23182663506,1780978584000,,,,,62,,,0,147000,147000,0,,,
23182663506-detail,23182663506,1780978593000,,,,,61,,,0,156000,156000,0,,,
23182663506-detail,23182663506,1780978597000,,,,,62,,,0,160000,160000,0,,,
23182663506-detail,23182663506,1780978598000,,,,,63,,,0,161000,161000,0,,,
23182663506-detail,23182663506,1780978599000,,,,,65,,,0,162000,162000,0,,,
23182663506-detail,23182663506,1780978600000,,,,,67,,,0,163000,163000,0,,,
23182663506-detail,23182663506,1780978601000,,,,,68,,,0,164000,164000,0,,,
23182663506-detail,23182663506,1780978603000,,,,,69,,,0,166000,166000,0,,,
23182663506-detail,23182663506,1780978604000,,,,,68,,,0,167000,167000,0,,,
23182663506-detail,23182663506,1780978609000,,,,,69,,,0,172000,172000,0,,,
23182663506-detail,23182663506,1780978611000,,,,,68,,,0,174000,174000,0,,,
23182663506-detail,23182663506,1780978614000,,,,,70,,,0,177000,177000,0,,,
23182663506-detail,23182663506,1780978618000,,,,,69,,,0,181000,181000,0,,,
23182663506-detail,23182663506,1780978620000,,,,,67,,,0,183000,183000,0,,,
23182663506-detail,23182663506,1780978621000,,,,,65,,,0,184000,184000,0,,,
23182663506-detail,23182663506,1780978622000,,,,,64,,,0,185000,185000,0,,,
23182663506-detail,23182663506,1780978624000,,,,,63,,,0,187000,187000,0,,,
23182663506-detail,23182663506,1780978627000,,,,,62,,,0,190000,190000,0,,,
23182663506-detail,23182663506,1780978632000,,,,,61,,,0,195000,195000,0,,,
23182663506-detail,23182663506,1780978634000,,,,,60,,,0,197000,197000,0,,,
23182663506-detail,23182663506,1780978638000,,,,,61,,,0,201000,201000,0,,,
23182663506-detail,23182663506,1780978646000,,,,,62,,,0,209000,209000,0,,,
23182663506-detail,23182663506,1780978648000,,,,,63,,,0,211000,211000,0,,,
23182663506-detail,23182663506,1780978650000,,,,,64,,,0,213000,213000,0,,,
23182663506-detail,23182663506,1780978651000,,,,,61,,,0,214000,214000,0,,,
23182663506-detail,23182663506,1780978655000,,,,,62,,,0,218000,218000,0,,,
23182663506-detail,23182663506,1780978656000,,,,,63,,,0,219000,219000,0,,,
23182663506-detail,23182663506,1780978657000,,,,,64,,,0,220000,220000,0,,,
23182663506-detail,23182663506,1780978658000,,,,,66,,,0,221000,221000,0,,,
23182663506-detail,23182663506,1780978659000,,,,,68,,,0,222000,222000,0,,,
23182663506-detail,23182663506,1780978660000,,,,,69,,,0,223000,223000,0,,,
23182663506-detail,23182663506,1780978661000,,,,,70,,,0,224000,224000,0,,,
23182663506-detail,23182663506,1780978664000,,,,,67,,,0,227000,227000,0,,,
23182663506-detail,23182663506,1780978665000,,,,,64,,,0,228000,228000,0,,,
23182663506-detail,23182663506,1780978666000,,,,,62,,,0,229000,229000,0,,,
23182663506-detail,23182663506,1780978674000,,,,,63,,,0,237000,237000,0,,,
23182663506-detail,23182663506,1780978676000,,,,,64,,,0,239000,239000,0,,,
23182663506-detail,23182663506,1780978677000,,,,,65,,,0,240000,240000,0,,,
23182663506-detail,23182663506,1780978678000,,,,,66,,,0,241000,241000,0,,,
23182663506-detail,23182663506,1780978683000,,,,,65,,,0,246000,246000,0,,,
23182663506-detail,23182663506,1780978686000,,,,,64,,,0,249000,249000,0,,,
23182663506-detail,23182663506,1780978689000,,,,,65,,,0,252000,252000,0,,,
23182663506-detail,23182663506,1780978692000,,,,,64,,,0,255000,255000,0,,,
23182663506-detail,23182663506,1780978693000,,,,,65,,,0,256000,256000,0,,,
23182663506-detail,23182663506,1780978697000,,,,,64,,,0,260000,260000,0,,,
23182663506-detail,23182663506,1780978699000,,,,,63,,,0,262000,262000,0,,,
23182663506-detail,23182663506,1780978705000,,,,,62,,,0,268000,268000,0,,,
23182663506-detail,23182663506,1780978708000,,,,,61,,,0,271000,271000,0,,,
23182663506-detail,23182663506,1780978710000,,,,,62,,,0,273000,273000,0,,,
23182663506-detail,23182663506,1780978711000,,,,,60,,,0,274000,274000,0,,,
23182663506-detail,23182663506,1780978712000,,,,,61,,,0,275000,275000,0,,,
23182663506-detail,23182663506,1780978713000,,,,,62,,,0,276000,276000,0,,,
23182663506-detail,23182663506,1780978714000,,,,,63,,,0,277000,277000,0,,,
23182663506-detail,23182663506,1780978715000,,,,,61,,,0,278000,278000,0,,,
23182663506-detail,23182663506,1780978717000,,,,,62,,,0,280000,280000,0,,,
23182663506-detail,23182663506,1780978718000,,,,,61,,,0,281000,281000,0,,,
23182663506-detail,23182663506,1780978719000,,,,,62,,,0,282000,282000,0,,,
23182663506-detail,23182663506,1780978721000,,,,,61,,,0,284000,284000,0,,,
23182663506-detail,23182663506,1780978722000,,,,,62,,,0,285000,285000,0,,,
23182663506-detail,23182663506,1780978724000,,,,,64,,,0,287000,287000,0,,,
23182663506-detail,23182663506,1780978725000,,,,,65,,,0,288000,288000,0,,,
23182663506-detail,23182663506,1780978726000,,,,,66,,,0,289000,289000,0,,,
23182663506-detail,23182663506,1780978727000,,,,,67,,,0,290000,290000,0,,,
23182663506-detail,23182663506,1780978728000,,,,,66,,,0,291000,291000,0,,,
23182663506-detail,23182663506,1780978729000,,,,,67,,,0,292000,292000,0,,,
23182663506-detail,23182663506,1780978730000,,,,,66,,,0,293000,293000,0,,,
23182663506-detail,23182663506,1780978734000,,,,,67,,,0,297000,297000,0,,,
23182663506-detail,23182663506,1780978736000,,,,,67,,,0,299000,299000,0,,,
23183133616-detail,23183133616,1780981564000,37.94596865773201,23.619028078392148,14.199999809265137,,77,0,0,16.3700008392334,0,0,0,,,
23183133616-detail,23183133616,1780981565000,37.945973351597786,23.61903009004891,14.199999809265137,,79,0,0,16.84000015258789,1000,1000,0,,,
23183133616-detail,23183133616,1780981566000,37.94594946317375,23.619058253243566,14,,79,0,0,16.84000015258789,2000,2000,0,,,
23183133616-detail,23183133616,1780981567000,37.94593353755772,23.61906629987061,14,,80,0.36399999260902405,0,16.84000015258789,3000,3000,1000,,,
23183133616-detail,23183133616,1780981568000,37.945922976359725,23.61907015554607,14,,81,0.6159999966621399,0,16.84000015258789,4000,4000,2000,,,
23183133616-detail,23183133616,1780981569000,37.94592523947358,23.619073424488306,14,,82,1.2410000562667847,0,17.079999923706055,5000,5000,3000,,,
23183133616-detail,23183133616,1780981570000,37.94593387283385,23.619081135839224,14,,82,1.3339999914169312,0,18.049999237060547,6000,6000,4000,,,
23183133616-detail,23183133616,1780981571000,37.94594862498343,23.619081303477287,14,,83,1.3339999914169312,0,19.68000030517578,7000,7000,5000,,,
23183133616-detail,23183133616,1780981572000,37.94595927000046,23.619082560762763,14,,84,1.3899999856948853,81,20.860000610351562,8000,8000,6000,,,
23183133616-detail,23183133616,1780981573000,37.945966981351376,23.619085745885968,14.199999809265137,,84,1.5019999742507935,82,21.729999542236328,9000,9000,7000,,,
23183133616-detail,23183133616,1780981574000,37.945978129282594,23.619086919352412,14.199999809265137,,85,1.5579999685287476,82,22.969999313354492,10000,10000,8000,,,
23183133616-detail,23183133616,1780981575000,37.945998748764396,23.61908591352403,14.399999618530273,,85,1.5770000219345093,82,25.239999771118164,11000,11000,9000,,,
23183133616-detail,23183133616,1780981576000,37.94601618312299,23.61908247694373,14.600000381469727,,85,1.5959999561309814,83,27.18000030517578,12000,12000,10000,,,
23183133616-detail,23183133616,1780981577000,37.94603504240513,23.619080800563097,14.800000190734863,,85,1.5959999561309814,82,29.270000457763672,13000,13000,11000,,,
23183133616-detail,23183133616,1780981578000,37.946050548925996,23.619083063676953,15,,85,1.5959999561309814,82,31,14000,14000,12000,,,
23183133616-detail,23183133616,1780981579000,37.94606739655137,23.619083985686302,15.199999809265137,,85,1.5859999656677246,82,32.869998931884766,15000,15000,13000,,,
23183133616-detail,23183133616,1780981580000,37.94607896357775,23.61908633261919,15.399999618530273,,85,1.5859999656677246,82,34.130001068115234,16000,16000,14000,,,
23183133616-detail,23183133616,1780981581000,37.946092542260885,23.619087589904666,15.399999618530273,,85,1.5770000219345093,82,35.630001068115234,17000,17000,15000,,,
23183133616-detail,23183133616,1780981582000,37.94610301963985,23.619083734229207,15.600000381469727,,85,1.5770000219345093,81,36.83000183105469,18000,18000,16000,,,
23183133616-detail,23183133616,1780981583000,37.94610905461013,23.61908432096243,15.600000381469727,,84,1.5679999589920044,81,37.47999954223633,19000,19000,17000,,,
23183133616-detail,23183133616,1780981584000,37.946122381836176,23.619084740057588,15.800000190734863,,85,1.5579999685287476,80,38.959999084472656,20000,20000,18000,,,
23183133616-detail,23183133616,1780981585000,37.94613344594836,23.619084656238556,15.800000190734863,,83,1.5579999685287476,80,40.189998626708984,21000,21000,19000,,,
23183133616-detail,23183133616,1780981586000,37.946146270260215,23.61908725462854,16,,83,1.5490000247955322,80,41.59000015258789,22000,22000,20000,,,
23183133616-detail,23183133616,1780981587000,37.946158507838845,23.619093541055918,16,,85,1.5490000247955322,79,42.939998626708984,23000,23000,21000,,,
23183133616-detail,23183133616,1780981588000,37.94617158360779,23.619098821654916,16.200000762939453,,82,1.5399999618530273,79,44.380001068115234,24000,24000,22000,,,
23183133616-detail,23183133616,1780981589000,37.94618641957641,23.619099324569106,16.200000762939453,,84,1.5399999618530273,80,46.02000045776367,25000,25000,23000,,,
23183133616-detail,23183133616,1780981590000,37.9462004173547,23.619099827483296,16.399999618530273,,82,1.5399999618530273,80,47.56999969482422,26000,26000,24000,,,
23183133616-detail,23183133616,1780981591000,37.94621357694268,23.619095971807837,16.399999618530273,,85,1.5399999618530273,79,49.06999969482422,27000,27000,25000,,,
23183133616-detail,23183133616,1780981592000,37.94622581452131,23.619094463065267,16.600000381469727,,84,1.5399999618530273,79,50.43000030517578,28000,28000,26000,,,
23183133616-detail,23183133616,1780981593000,37.94624182395637,23.61909312196076,16.799999237060547,,84,1.5399999618530273,79,52.209999084472656,29000,29000,27000,,,
23183133616-detail,23183133616,1780981594000,37.94625691138208,23.619090942665935,17,,84,1.5399999618530273,79,53.88999938964844,30000,30000,28000,,,
23183133616-detail,23183133616,1780981595000,37.94627074152231,23.61908968538046,17.200000762939453,,84,1.5399999618530273,79,55.439998626708984,31000,31000,29000,,,
23183133616-detail,23183133616,1780981596000,37.94628281146288,23.61909219995141,17.399999618530273,,84,1.5299999713897705,79,56.77000045776367,32000,32000,30000,,,
23183133616-detail,23183133616,1780981597000,37.9462955519557,23.6190961394459,17.399999618530273,,80,1.5299999713897705,79,58.209999084472656,33000,33000,31000,,,
23183133616-detail,23183133616,1780981598000,37.94630695134401,23.619097899645567,17.600000381469727,,84,1.5299999713897705,79,59.47999954223633,34000,34000,32000,,,
23183133616-detail,23183133616,1780981599000,37.94632094912231,23.619098654016852,17.799999237060547,,83,1.5210000276565552,79,61.029998779296875,35000,35000,33000,,,
23183133616-detail,23183133616,1780981600000,37.94633327051997,23.619099156931043,18,,83,1.5210000276565552,79,62.38999938964844,36000,36000,34000,,,
23183133616-detail,23183133616,1780981601000,37.9463455080986,23.619096977636218,18.200000762939453,,83,1.5119999647140503,80,63.7400016784668,37000,37000,35000,,,
23183133616-detail,23183133616,1780981602000,37.94635917060077,23.61909161321819,18.399999618530273,,83,1.5019999742507935,80,65.33000183105469,38000,38000,36000,,,
23183133616-detail,23183133616,1780981603000,37.94637459330261,23.61908876337111,18.600000381469727,,82,1.5019999742507935,80,67.05999755859375,39000,39000,37000,,,
23183133616-detail,23183133616,1780981605000,37.94640066102147,23.61909178085625,19,,82,1.5019999742507935,79,69.9800033569336,41000,41000,39000,,,
23183133616-detail,23183133616,1780981606000,37.94641516171396,23.61909563653171,19.200000762939453,,81,1.5019999742507935,79,71.62000274658203,42000,42000,40000,,,
23183133616-detail,23183133616,1780981607000,37.946429243311286,23.619096893817186,19.399999618530273,,81,1.4930000305175781,80,73.18000030517578,43000,43000,41000,,,
23183133616-detail,23183133616,1780981608000,37.94644198380411,23.61909907311201,19.600000381469727,,81,1.4930000305175781,80,74.61000061035156,44000,44000,42000,,,
23183133616-detail,23183133616,1780981609000,37.94645975343883,23.61910250969231,19.799999237060547,,81,1.4930000305175781,80,76.58999633789062,45000,45000,43000,,,
23183133616-detail,23183133616,1780981610000,37.94647777453065,23.619105527177453,20.200000762939453,,80,1.5019999742507935,80,78.61000061035156,46000,46000,44000,,,
23183133616-detail,23183133616,1780981611000,37.94649445451796,23.61910686828196,20.399999618530273,,80,1.5019999742507935,80,80.45999908447266,47000,47000,45000,,,
23183133616-detail,23183133616,1780981612000,37.94650845229626,23.619108209386468,20.600000381469727,,80,1.5119999647140503,80,82.0199966430664,48000,48000,46000,,,
23183133616-detail,23183133616,1780981613000,37.946523036807775,23.619109466671944,20.799999237060547,,80,1.5119999647140503,80,83.62999725341797,49000,49000,47000,,,
23183133616-detail,23183133616,1780981614000,37.94653636403382,23.619111897423863,20.799999237060547,,79,1.5119999647140503,81,85.12000274658203,50000,50000,48000,,,
23183133616-detail,23183133616,1780981615000,37.946549439802766,23.61911424435675,21,,79,1.5119999647140503,81,86.58000183105469,51000,51000,49000,,,
23183133616-detail,23183133616,1780981616000,37.94655941426754,23.619114914909005,21,,79,1.5119999647140503,81,87.69999694824219,52000,52000,50000,,,
23183133616-detail,23183133616,1780981617000,37.94656964018941,23.619117429479957,21.200000762939453,,79,1.5119999647140503,81,88.83999633789062,53000,53000,51000,,,
23183133616-detail,23183133616,1780981618000,37.946578776463866,23.619119776412845,21.200000762939453,,79,1.5119999647140503,81,89.86000061035156,54000,54000,52000,,,
23183133616-detail,23183133616,1780981619000,37.946591433137655,23.61911751329899,21.200000762939453,,79,1.5119999647140503,81,91.2699966430664,55000,55000,53000,,,
23183133616-detail,23183133616,1780981620000,37.946607526391745,23.619117010384798,21.399999618530273,,79,1.5019999742507935,81,93.04000091552734,56000,56000,54000,,,
23183133616-detail,23183133616,1780981621000,37.94662630185485,23.619116256013513,21.600000381469727,,82,1.5019999742507935,81,95.12000274658203,57000,57000,55000,,,
23183133616-detail,23183133616,1780981622000,37.94664407148957,23.61911910586059,21.600000381469727,,82,1.5019999742507935,81,97.04000091552734,58000,58000,56000,,,
23183133616-detail,23183133616,1780981623000,37.94666385278106,23.619121620431542,21.799999237060547,,83,1.5019999742507935,81,99.20999908447266,59000,59000,57000,,,
23183133616-detail,23183133616,1780981624000,37.94669033959508,23.61911608837545,22,,84,1.5019999742507935,81,102.19000244140625,60000,60000,58000,,,
23183133616-detail,23183133616,1780981625000,37.94671079143882,23.619116758927703,22.200000762939453,,84,1.5119999647140503,81,104.44000244140625,61000,61000,59000,,,
23183133616-detail,23183133616,1780981626000,37.94673291966319,23.619113322347403,22.399999618530273,,85,1.5119999647140503,81,106.9000015258789,62000,62000,60000,,,
23183133616-detail,23183133616,1780981627000,37.946752700954676,23.619108125567436,22.600000381469727,,80,1.5119999647140503,81,109.0999984741211,63000,63000,61000,,,
23183133616-detail,23183133616,1780981628000,37.94677139259875,23.61910837702453,22.799999237060547,,80,1.5299999713897705,84,111.16999816894531,64000,64000,62000,,,
23183133616-detail,23183133616,1780981629000,37.9467876534909,23.619110640138388,23,,81,1.5399999618530273,84,112.9800033569336,65000,65000,63000,,,
23183133616-detail,23183133616,1780981630000,37.94680944643915,23.619109466671944,23,,80,1.5579999685287476,83,115.4000015258789,66000,66000,64000,,,
23183133616-detail,23183133616,1780981631000,37.946825036779046,23.61911474727094,23.200000762939453,,80,1.6330000162124634,82,117.13999938964844,67000,67000,65000,,,
23183133616-detail,23183133616,1780981632000,37.94684280641377,23.619113992899656,23.200000762939453,,80,1.6699999570846558,82,119.11000061035156,68000,68000,66000,,,
23183133616-detail,23183133616,1780981633000,37.94685739092529,23.619115334004164,23.200000762939453,,83,1.6799999475479126,82,120.73999786376953,69000,69000,67000,,,
23183133616-detail,23183133616,1780981634000,37.94687323272228,23.619115417823195,23.200000762939453,,84,1.6699999570846558,82,122.5,70000,70000,68000,,,
23183133616-detail,23183133616,1780981635000,37.94688723050058,23.61911508254707,23.399999618530273,,86,1.6610000133514404,82,124.05000305175781,71000,71000,69000,,,
23183133616-detail,23183133616,1780981636000,37.94690491631627,23.619117848575115,23.399999618530273,,87,1.6610000133514404,82,126.02999877929688,72000,72000,70000,,,
23183133616-detail,23183133616,1780981637000,37.9469208419323,23.61911952495575,23.399999618530273,,88,1.6610000133514404,82,127.80000305175781,73000,73000,71000,,,
23183133616-detail,23183133616,1780981638000,37.946934504434466,23.6191204469651,23.600000381469727,,89,1.6610000133514404,82,129.3000030517578,74000,74000,72000,,,
23183133616-detail,23183133616,1780981639000,37.9469483345747,23.619120363146067,23.600000381469727,,91,1.6610000133514404,82,130.85000610351562,75000,75000,73000,,,
23183133616-detail,23183133616,1780981640000,37.946962248533964,23.619120195508003,23.600000381469727,,92,1.6610000133514404,81,132.3800048828125,76000,76000,74000,,,
23183133616-detail,23183133616,1780981641000,37.946976413950324,23.61911952495575,23.600000381469727,,91,1.6519999504089355,81,133.9600067138672,77000,77000,75000,,,
23183133616-detail,23183133616,1780981642000,37.946991082280874,23.61912002786994,23.799999237060547,,91,1.6419999599456787,81,135.58999633789062,78000,78000,76000,,,
23183133616-detail,23183133616,1780981643000,37.94700306840241,23.61912011168897,23.799999237060547,,90,1.6239999532699585,81,136.91000366210938,79000,79000,77000,,,
23183133616-detail,23183133616,1780981644000,37.94701538980007,23.619120866060257,24,,95,1.6139999628067017,80,138.27999877929688,80000,80000,78000,,,
23183133616-detail,23183133616,1780981646000,37.9470450617373,23.61912245862186,24.200000762939453,,95,1.6050000190734863,81,141.57000732421875,82000,82000,80000,,,
23183133616-detail,23183133616,1780981647000,37.94705813750625,23.619124637916684,24.200000762939453,,96,1.6139999628067017,81,143.0399932861328,83000,83000,81000,,,
23183133616-detail,23183133616,1780981648000,37.947073141112924,23.619126481935382,24.200000762939453,,95,1.6519999504089355,80,144.6999969482422,84000,84000,82000,,,
23183133616-detail,23183133616,1780981649000,37.94708747416735,23.619126062840223,24.200000762939453,,98,1.6699999570846558,80,146.2899932861328,85000,85000,83000,,,
23183133616-detail,23183133616,1780981650000,37.94710172340274,23.619127152487636,24.200000762939453,,98,1.6699999570846558,80,147.8800048828125,86000,86000,84000,,,
23183133616-detail,23183133616,1780981651000,37.94711831957102,23.619129415601492,24.200000762939453,,100,1.6519999504089355,81,149.72999572753906,87000,87000,85000,,,
23183133616-detail,23183133616,1780981652000,37.9471330717206,23.619130002334714,24.200000762939453,,101,1.6330000162124634,81,151.3699951171875,88000,88000,86000,,,
23183133616-detail,23183133616,1780981653000,37.9471505060792,23.619130924344063,24.200000762939453,,101,1.6239999532699585,81,153.3000030517578,89000,89000,87000,,,
23183133616-detail,23183133616,1780981654000,37.947165006771684,23.619132600724697,24.200000762939453,,99,1.6139999628067017,81,154.9199981689453,90000,90000,88000,,,
23183133616-detail,23183133616,1780981655000,37.947179675102234,23.619133019819856,24.200000762939453,,102,1.6050000190734863,81,156.5500030517578,91000,91000,89000,,,
23183133616-detail,23183133616,1780981656000,37.94719467870891,23.61913276836276,24.200000762939453,,101,1.6050000190734863,80,158.2100067138672,92000,92000,90000,,,
23183133616-detail,23183133616,1780981657000,37.94720968231559,23.61913176253438,24.200000762939453,,102,1.5959999561309814,80,159.8800048828125,93000,93000,91000,,,
23183133616-detail,23183133616,1780981658000,37.9472245182842,23.619130169972777,24.200000762939453,,103,1.5959999561309814,80,161.52999877929688,94000,94000,92000,,,
23183133616-detail,23183133616,1780981659000,37.94723918661475,23.619130505248904,24.200000762939453,,102,1.5959999561309814,80,163.16000366210938,95000,95000,93000,,,
23183133616-detail,23183133616,1780981660000,37.947254441678524,23.619133438915014,24.200000762939453,,104,1.5859999656677246,80,164.8699951171875,96000,96000,94000,,,
23183133616-detail,23183133616,1780981661000,37.94726709835231,23.619135031476617,24.200000762939453,,105,1.5859999656677246,80,166.27999877929688,97000,97000,95000,,,
23183133616-detail,23183133616,1780981662000,37.947279922664165,23.61913377419114,24.200000762939453,,105,1.5770000219345093,80,167.6999969482422,98000,98000,96000,,,
23183133616-detail,23183133616,1780981663000,37.94729392044246,23.619129918515682,24.200000762939453,,107,1.5679999589920044,79,169.27999877929688,99000,99000,97000,,,
23183133616-detail,23183133616,1780981664000,37.947308672592044,23.61912597902119,24.200000762939453,,108,1.5679999589920044,79,170.94000244140625,100000,100000,98000,,,
23183133616-detail,23183133616,1780981665000,37.94732275418937,23.619122374802828,24,,109,1.5679999589920044,79,172.52999877929688,101000,101000,99000,,,
23183133616-detail,23183133616,1780981666000,37.94734010472894,23.619120195508003,24,,109,1.5579999685287476,79,174.4499969482422,102000,102000,100000,,,
23183133616-detail,23183133616,1780981667000,37.94735502451658,23.61911910586059,24,,110,1.5579999685287476,79,176.11000061035156,103000,103000,101000,,,
23183133616-detail,23183133616,1780981668000,37.94736851938069,23.6191186029464,23.799999237060547,,110,1.5579999685287476,79,177.61000061035156,104000,104000,102000,,,
23183133616-detail,23183133616,1780981669000,37.94738410972059,23.619121117517352,23.600000381469727,,111,1.5579999685287476,79,179.35000610351562,105000,105000,103000,,,
23183133616-detail,23183133616,1780981670000,37.947399113327265,23.61913134343922,23.399999618530273,,114,1.5579999685287476,79,181.1699981689453,106000,106000,104000,,,
23183133616-detail,23183133616,1780981671000,37.947399616241455,23.619143664836884,23.399999618530273,,111,1.5579999685287476,79,182.08999633789062,107000,107000,105000,,,
23183133616-detail,23183133616,1780981672000,37.94739056378603,23.6191513761878,23.600000381469727,,113,1.5579999685287476,79,183.22000122070312,108000,108000,106000,,,
23183133616-detail,23183133616,1780981673000,37.94737681746483,23.619153052568436,23.600000381469727,,115,1.5579999685287476,77,184.74000549316406,109000,109000,107000,,,
23183133616-detail,23183133616,1780981674000,37.947363993152976,23.619152046740055,23.799999237060547,,114,1.5579999685287476,77,186.1699981689453,110000,110000,108000,,,
23183133616-detail,23183133616,1780981675000,37.947351755574346,23.619151627644897,24,,115,1.5490000247955322,76,187.52999877929688,111000,111000,109000,,,
23183133616-detail,23183133616,1780981676000,37.947339517995715,23.61915565095842,24,,117,1.5490000247955322,76,188.92999267578125,112000,112000,110000,,,
23183133616-detail,23183133616,1780981677000,37.947329711169004,23.61916688270867,24,,116,1.5490000247955322,76,190.38999938964844,113000,113000,111000,,,
23183133616-detail,23183133616,1780981678000,37.94732526876032,23.61918104812503,24,,118,1.5399999618530273,78,191.72999572753906,114000,114000,112000,,,
23183133616-detail,23183133616,1780981679000,37.947323424741626,23.619199572131038,24,,118,1.5399999618530273,78,193.3699951171875,115000,115000,113000,,,
23183133616-detail,23183133616,1780981680000,37.94732032343745,23.619218599051237,24,,119,1.5299999713897705,78,195.05999755859375,116000,116000,114000,,,
23183133616-detail,23183133616,1780981681000,37.94731839559972,23.619235195219517,24,,119,1.5299999713897705,79,196.52999877929688,117000,117000,115000,,,
23183133616-detail,23183133616,1780981682000,37.94731671921909,23.619250869378448,24,,118,1.5299999713897705,78,197.9199981689453,118000,118000,116000,,,
23183133616-detail,23183133616,1780981683000,37.947314120829105,23.619270231574774,24,,118,1.5210000276565552,78,199.6300048828125,119000,119000,117000,,,
23183133616-detail,23183133616,1780981684000,37.94731060042977,23.619289761409163,24,,119,1.5210000276565552,77,201.3800048828125,120000,120000,118000,,,
23183133616-detail,23183133616,1780981685000,37.94730615802109,23.619307866320014,24,,117,1.5210000276565552,76,203.0399932861328,121000,121000,119000,,,
23183133616-detail,23183133616,1780981686000,37.94730163179338,23.619326474145055,24,,117,1.5210000276565552,76,204.75,122000,122000,120000,,,
23183133616-detail,23183133616,1780981687000,37.947299871593714,23.619343992322683,24,,119,1.5210000276565552,76,206.2899932861328,123000,123000,121000,,,
23183133616-detail,23183133616,1780981688000,37.9473024699837,23.619358241558075,24,,121,1.5299999713897705,76,207.57000732421875,124000,124000,122000,,,
23183133616-detail,23183133616,1780981689000,37.947309762239456,23.619369389489293,24,,121,1.5299999713897705,77,208.83999633789062,125000,125000,123000,,,
23183133616-detail,23183133616,1780981690000,37.94732057489455,23.619382297620177,24,,123,1.5399999618530273,77,210.47999572753906,126000,126000,124000,,,
23183133616-detail,23183133616,1780981691000,37.94733323156834,23.61939411610365,24,,123,1.5399999618530273,78,212.22999572753906,127000,127000,125000,,,
23183133616-detail,23183133616,1780981692000,37.94734505005181,23.619403755292296,24,,123,1.5399999618530273,78,213.77999877929688,128000,128000,126000,,,
23183133616-detail,23183133616,1780981693000,37.94735695235431,23.619417333975434,24,,122,1.5490000247955322,78,215.5500030517578,129000,129000,127000,,,
23183133616-detail,23183133616,1780981694000,37.94737002812326,23.619434097781777,23.799999237060547,,122,1.5490000247955322,78,217.6199951171875,130000,130000,128000,,,
23183133616-detail,23183133616,1780981695000,37.94738234952092,23.6194484308362,23.799999237060547,,122,1.5579999685287476,78,219.47000122070312,131000,131000,129000,,,
23183133616-detail,23183133616,1780981696000,37.947391737252474,23.61946552991867,23.600000381469727,,122,1.5579999685287476,78,221.3000030517578,132000,132000,130000,,,
23183133616-detail,23183133616,1780981697000,37.947396682575345,23.619484892114997,23.600000381469727,,121,1.5579999685287476,78,223.08999633789062,133000,133000,131000,,,
23183133616-detail,23183133616,1780981698000,37.947400035336614,23.619503835216165,23.600000381469727,,122,1.5679999589920044,77,224.8000030517578,134000,134000,132000,,,
23183133616-detail,23183133616,1780981699000,37.947402046993375,23.619519425556064,23.600000381469727,,122,1.5770000219345093,77,226.17999267578125,135000,135000,133000,,,
23183133616-detail,23183133616,1780981700000,37.94740363955498,23.61953727900982,23.600000381469727,,123,1.5770000219345093,77,227.75999450683594,136000,136000,134000,,,
23183133616-detail,23183133616,1780981701000,37.947402549907565,23.619557563215494,23.600000381469727,,123,1.5770000219345093,77,229.5500030517578,137000,137000,135000,,,
23183133616-detail,23183133616,1780981702000,37.94740372337401,23.61957600340247,23.799999237060547,,123,1.5859999656677246,77,231.1699981689453,138000,138000,136000,,,
23183133616-detail,23183133616,1780981703000,37.94740539975464,23.61959452740848,23.799999237060547,,124,1.5859999656677246,78,232.80999755859375,139000,139000,137000,,,
23183133616-detail,23183133616,1780981704000,37.94740565121174,23.619614308699965,23.799999237060547,,124,1.5859999656677246,78,234.5399932861328,140000,140000,138000,,,
23183133616-detail,23183133616,1780981705000,37.94740556739271,23.619633419439197,24,,123,1.5959999561309814,77,236.22000122070312,141000,141000,139000,,,
23183133616-detail,23183133616,1780981706000,37.94740372337401,23.61964867450297,24,,122,1.5959999561309814,77,237.55999755859375,142000,142000,140000,,,
23183133616-detail,23183133616,1780981707000,37.94740137644112,23.619666611775756,24,,124,1.5959999561309814,76,239.16000366210938,143000,143000,141000,,,
23183133616-detail,23183133616,1780981708000,37.94739936478436,23.61968446522951,24.200000762939453,,122,1.5959999561309814,76,240.74000549316406,144000,144000,142000,,,
23183133616-detail,23183133616,1780981709000,37.94739659875631,23.61969997175038,24.200000762939453,,122,1.6050000190734863,76,242.13999938964844,145000,145000,143000,,,
23183133616-detail,23183133616,1780981710000,37.947394251823425,23.61971765756607,24.399999618530273,,124,1.6050000190734863,77,243.6999969482422,146000,146000,144000,,,
23183133616-detail,23183133616,1780981711000,37.947392743080854,23.619737774133682,24.399999618530273,,125,1.6050000190734863,78,245.47000122070312,147000,147000,145000,,,
23183133616-detail,23183133616,1780981712000,37.947392240166664,23.61975680105388,24.600000381469727,,124,1.6050000190734863,78,247.14999389648438,148000,148000,146000,,,
23183133616-detail,23183133616,1780981713000,37.94739156961441,23.619774905964732,24.600000381469727,,127,1.6050000190734863,77,248.72999572753906,149000,149000,147000,,,
23183133616-detail,23183133616,1780981714000,37.94739064760506,23.619795609265566,24.600000381469727,,125,1.6050000190734863,77,250.5500030517578,150000,150000,148000,,,
23183133616-detail,23183133616,1780981715000,37.94738964177668,23.619812792167068,24.600000381469727,,126,1.5959999561309814,77,252.05999755859375,151000,151000,149000,,,
23183133616-detail,23183133616,1780981716000,37.947389306500554,23.619830394163728,24.600000381469727,,126,1.5959999561309814,78,253.61000061035156,152000,152000,150000,,,
23183133616-detail,23183133616,1780981717000,37.94738821685314,23.619848750531673,24.799999237060547,,126,1.5959999561309814,78,255.22000122070312,153000,153000,151000,,,
23183133616-detail,23183133616,1780981718000,37.94738712720573,23.619865933433175,24.799999237060547,,126,1.5959999561309814,77,256.739990234375,154000,154000,152000,,,
23183133616-detail,23183133616,1780981719000,37.94738662429154,23.61988420598209,24.799999237060547,,126,1.5959999561309814,77,258.3399963378906,155000,155000,153000,,,
23183133616-detail,23183133616,1780981720000,37.947386875748634,23.619901640340686,25,,126,1.5959999561309814,77,259.8800048828125,156000,156000,154000,,,
23183133616-detail,23183133616,1780981721000,37.947385869920254,23.619920164346695,25,,125,1.5859999656677246,77,261.510009765625,157000,157000,155000,,,
23183133616-detail,23183133616,1780981722000,37.94738142751157,23.619939694181085,25.200000762939453,,126,1.5859999656677246,78,263.2900085449219,158000,158000,156000,,,
23183133616-detail,23183133616,1780981723000,37.94737740419805,23.619957212358713,25.200000762939453,,126,1.5859999656677246,77,264.8900146484375,159000,159000,157000,,,
23183133616-detail,23183133616,1780981724000,37.947374638170004,23.61997473053634,25.399999618530273,,127,1.5859999656677246,77,266.45001220703125,160000,160000,158000,,,
23183133616-detail,23183133616,1780981725000,37.94737011194229,23.619993086904287,25.600000381469727,,127,1.5859999656677246,77,268.1300048828125,161000,161000,159000,,,
23183133616-detail,23183133616,1780981726000,37.94736843556166,23.62001270055771,25.600000381469727,,127,1.5859999656677246,77,269.8599853515625,162000,162000,160000,,,
23183133616-detail,23183133616,1780981727000,37.94736759737134,23.620032481849194,25.600000381469727,,127,1.5859999656677246,77,271.6000061035156,163000,163000,161000,,,
23183133616-detail,23183133616,1780981728000,37.947365837171674,23.62005226314068,25.799999237060547,,127,1.5859999656677246,78,273.3500061035156,164000,164000,162000,,,
23183133616-detail,23183133616,1780981729000,37.94736265204847,23.620070032775402,26,,127,1.5859999656677246,79,274.95001220703125,165000,165000,163000,,,
23183133616-detail,23183133616,1780981730000,37.94735795818269,23.62008696421981,26.200000762939453,,126,1.5859999656677246,79,276.5199890136719,166000,166000,164000,,,
23183133616-detail,23183133616,1780981731000,37.94735209085047,23.620105823501945,26.399999618530273,,126,1.5859999656677246,78,278.2900085449219,167000,167000,165000,,,
23183133616-detail,23183133616,1780981732000,37.94734789989889,23.620125018060207,26.600000381469727,,125,1.5959999561309814,78,280.0400085449219,168000,168000,166000,,,
23183133616-detail,23183133616,1780981733000,37.94734161347151,23.620141865685582,26.799999237060547,,125,1.5959999561309814,78,281.6600036621094,169000,169000,167000,,,
23183133616-detail,23183133616,1780981734000,37.94733616523445,23.620157791301608,27,,125,1.5959999561309814,77,283.19000244140625,170000,170000,168000,,,
23183133616-detail,23183133616,1780981735000,37.94732937589288,23.620175225660205,27.200000762939453,,125,1.5959999561309814,77,284.8800048828125,171000,171000,169000,,,
23183133616-detail,23183133616,1780981736000,37.947326358407736,23.620194336399436,27.399999618530273,,125,1.5959999561309814,77,286.5799865722656,172000,172000,170000,,,
23183133616-detail,23183133616,1780981737000,37.947322921827435,23.62021160311997,27.600000381469727,,125,1.6050000190734863,77,288.1400146484375,173000,173000,171000,,,
23183133616-detail,23183133616,1780981738000,37.94731831178069,23.62022979184985,27.799999237060547,,126,1.6050000190734863,77,289.80999755859375,174000,174000,172000,,,
23183133616-detail,23183133616,1780981739000,37.94731353409588,23.620248148217797,28,,127,1.6050000190734863,77,291.510009765625,175000,175000,173000,,,
23183133616-detail,23183133616,1780981740000,37.94730900786817,23.62026290036738,28,,128,1.6050000190734863,77,292.8999938964844,176000,176000,174000,,,
23183133616-detail,23183133616,1780981741000,37.94730397872627,23.62027471885085,28.200000762939453,,129,1.6050000190734863,77,294.0799865722656,177000,177000,175000,,,
23183133616-detail,23183133616,1780981742000,37.94729660265148,23.620286537334323,28.399999618530273,,130,1.6050000190734863,77,295.3999938964844,178000,178000,176000,,,
23183133616-detail,23183133616,1780981743000,37.94729199260473,23.620300283655524,28.600000381469727,,131,1.6050000190734863,77,296.70001220703125,179000,179000,177000,,,
23183133616-detail,23183133616,1780981744000,37.94728956185281,23.620317801833153,28.799999237060547,,131,1.6050000190734863,77,298.260009765625,180000,180000,178000,,,
23183133616-detail,23183133616,1780981745000,37.94729090295732,23.620330542325974,28.799999237060547,,131,1.6050000190734863,76,299.3900146484375,181000,181000,179000,,,
23183133616-detail,23183133616,1780981746000,37.9472919087857,23.620338337495923,28.600000381469727,,131,1.6050000190734863,76,299.989990234375,182000,182000,180000,,,
23183133616-detail,23183133616,1780981747000,37.94729542918503,23.620343701913953,28.600000381469727,,131,1.6050000190734863,76,300.57000732421875,183000,183000,181000,,,
23183133616-detail,23183133616,1780981748000,37.94729978777468,23.620346384122968,28.600000381469727,,131,1.5959999561309814,76,301.0899963378906,184000,184000,182000,,,
23183133616-detail,23183133616,1780981749000,37.94730615802109,23.620346300303936,28.399999618530273,,131,1.5859999656677246,76,301.7900085449219,185000,185000,183000,,,
23183133616-detail,23183133616,1780981750000,37.94730858877301,23.620352167636156,28.399999618530273,,130,1.5679999589920044,76,302.30999755859375,186000,186000,184000,,,
23183133616-detail,23183133616,1780981751000,37.947313115000725,23.620361555367708,28.200000762939453,,131,1.5299999713897705,73,303.2699890136719,187000,187000,185000,,,
23183133616-detail,23183133616,1780981752000,37.94731671921909,23.620374463498592,28.200000762939453,,131,1.4839999675750732,73,304.3999938964844,188000,188000,186000,,,
23183133616-detail,23183133616,1780981753000,37.9473162163049,23.620391814038157,28.200000762939453,,131,1.437000036239624,73,305.8399963378906,189000,189000,187000,,,
23183133616-detail,23183133616,1780981754000,37.94731353409588,23.620411343872547,28.200000762939453,,130,1.409000039100647,73,307.54998779296875,190000,190000,188000,,,
23183133616-detail,23183133616,1780981755000,37.94731831178069,23.62043246626854,28,,131,1.409000039100647,73,309.4599914550781,191000,191000,189000,,,
23183133616-detail,23183133616,1780981756000,37.94732317328453,23.62045199610293,27.799999237060547,,130,1.4279999732971191,0,311.2300109863281,192000,192000,190000,,,
23183133616-detail,23183133616,1780981757000,37.947319904342294,23.620473705232143,27.799999237060547,,130,1.4559999704360962,0,313.1700134277344,193000,193000,191000,,,
23183133616-detail,23183133616,1780981758000,37.94731470756233,23.620493737980723,27.799999237060547,,129,1.465000033378601,75,315.0199890136719,194000,194000,192000,,,
23183133616-detail,23183133616,1780981759000,37.94730666093528,23.620512513443828,27.799999237060547,,129,1.4739999771118164,76,316.8900146484375,195000,195000,193000,,,
23183133616-detail,23183133616,1780981760000,37.94730154797435,23.620534390211105,27.799999237060547,,128,1.4839999675750732,76,318.8900146484375,196000,196000,194000,,,
23183133616-detail,23183133616,1780981761000,37.947297943755984,23.62055467441678,28,,129,1.5019999742507935,79,320.70001220703125,197000,197000,195000,,,
23183133616-detail,23183133616,1780981762000,37.947291657328606,23.620572527870536,28.200000762939453,,127,1.5210000276565552,79,322.4200134277344,198000,198000,196000,,,
23183133616-detail,23183133616,1780981763000,37.94728310778737,23.62058929167688,28.399999618530273,,127,1.5579999685287476,79,324.1600036621094,199000,199000,197000,,,
23183133616-detail,23183133616,1780981764000,37.947273971512914,23.620608234778047,28.399999618530273,,127,1.5959999561309814,78,326.1099853515625,200000,200000,198000,,,
23183133616-detail,23183133616,1780981765000,37.94727019965649,23.620629189535975,28.600000381469727,,126,1.6239999532699585,78,328,201000,201000,199000,,,
23183133616-detail,23183133616,1780981766000,37.94727003201842,23.620647881180048,28.399999618530273,,126,1.6419999599456787,78,329.6199951171875,202000,202000,200000,,,
23183133616-detail,23183133616,1780981767000,37.94727195985615,23.62067051231861,28.399999618530273,,126,1.6519999504089355,78,331.5,203000,203000,201000,,,
23183133616-detail,23183133616,1780981768000,37.947276486083865,23.620687695220113,28.200000762939453,,127,1.6699999570846558,79,332.8500061035156,204000,204000,202000,,,
23183133616-detail,23183133616,1780981769000,37.94728151522577,23.62070462666452,28,,127,1.6799999475479126,80,334.2699890136719,205000,205000,203000,,,
23183133616-detail,23183133616,1780981770000,37.94728880748153,23.62072516232729,27.799999237060547,,128,1.6890000104904175,80,335.6700134277344,206000,206000,204000,,,
23183133616-detail,23183133616,1780981771000,37.94728755019605,23.620744943618774,27.799999237060547,,128,1.6979999542236328,80,337.3599853515625,207000,207000,205000,,,
23183133616-detail,23183133616,1780981772000,37.947283778339624,23.62076531164348,27.799999237060547,,128,1.6979999542236328,80,339.20001220703125,208000,208000,206000,,,
23183133616-detail,23183133616,1780981773000,37.94728369452059,23.62078232690692,27.600000381469727,,128,1.6979999542236328,79,340.6499938964844,209000,209000,207000,,,
23183133616-detail,23183133616,1780981774000,37.94728101231158,23.620799593627453,27.600000381469727,,128,1.6979999542236328,79,342.20001220703125,210000,210000,208000,,,
23183133616-detail,23183133616,1780981775000,37.947281347587705,23.620820129290223,27.399999618530273,,128,1.6890000104904175,79,343.989990234375,211000,211000,209000,,,
23183133616-detail,23183133616,1780981776000,37.94728168286383,23.620841167867184,27.200000762939453,,128,1.6799999475479126,79,345.8399963378906,212000,212000,210000,,,
23183133616-detail,23183133616,1780981777000,37.94728352688253,23.620862290263176,27,,128,1.6799999475479126,79,347.6499938964844,213000,213000,211000,,,
23183133616-detail,23183133616,1780981778000,37.94728268869221,23.62088257446885,26.799999237060547,,128,1.6890000104904175,79,349.44000244140625,214000,214000,212000,,,
23183133616-detail,23183133616,1780981779000,37.94728201813996,23.620903780683875,26.600000381469727,,127,1.6890000104904175,79,351.29998779296875,215000,215000,213000,,,
23183133616-detail,23183133616,1780981780000,37.94728109613061,23.62092071212828,26.600000381469727,,127,1.6979999542236328,79,352.7900085449219,216000,216000,214000,,,
23183133616-detail,23183133616,1780981781000,37.94727589935064,23.620941834524274,26.399999618530273,,127,1.6979999542236328,79,354.7200012207031,217000,217000,215000,,,
23183133616-detail,23183133616,1780981782000,37.947275983169675,23.620961280539632,26.399999618530273,,127,1.7079999446868896,79,356.3399963378906,218000,218000,216000,,,
23183133616-detail,23183133616,1780981783000,37.94727422297001,23.620975613594055,26.200000762939453,,127,1.7079999446868896,80,357.6000061035156,219000,219000,217000,,,
23183133616-detail,23183133616,1780981784000,37.9472763184458,23.620996233075857,26,,126,1.7170000076293945,81,359.3500061035156,220000,220000,218000,,,
23183133616-detail,23183133616,1780981785000,37.947275983169675,23.62101492471993,26,,127,1.7170000076293945,81,360.9700012207031,221000,221000,219000,,,
23183133616-detail,23183133616,1780981786000,37.9472781624645,23.6210354603827,25.799999237060547,,127,1.7259999513626099,80,362.7699890136719,222000,222000,220000,,,
23183133616-detail,23183133616,1780981787000,37.9472815990448,23.621054152026772,25.600000381469727,,127,1.7259999513626099,79,364.45001220703125,223000,223000,221000,,,
23183133616-detail,23183133616,1780981788000,37.94728562235832,23.621073765680194,25.399999618530273,,127,1.7259999513626099,79,366.2099914550781,224000,224000,222000,,,
23183133616-detail,23183133616,1780981789000,37.947286209091544,23.621095474809408,25.200000762939453,,127,1.7259999513626099,79,368.1099853515625,225000,225000,223000,,,
23183133616-detail,23183133616,1780981790000,37.947283778339624,23.621116764843464,25.200000762939453,,127,1.7259999513626099,79,369.989990234375,226000,226000,224000,,,
23183133616-detail,23183133616,1780981791000,37.94728268869221,23.621136965230107,25.200000762939453,,127,1.7259999513626099,78,371.760009765625,227000,227000,225000,,,
23183133616-detail,23183133616,1780981792000,37.947280928492546,23.621156411245465,25.200000762939453,,127,1.7259999513626099,78,373.4800109863281,228000,228000,226000,,,
23183133616-detail,23183133616,1780981793000,37.94727883301675,23.62117619253695,25.200000762939453,,127,1.7359999418258667,78,375.2300109863281,229000,229000,227000,,,
23183133616-detail,23183133616,1780981794000,37.94728109613061,23.62119471654296,25.200000762939453,,127,1.7359999418258667,78,376.8800048828125,230000,230000,228000,,,
23183133616-detail,23183133616,1780981795000,37.94728352688253,23.62121181562543,25.200000762939453,,127,1.7359999418258667,78,378.4100036621094,231000,231000,229000,,,
23183133616-detail,23183133616,1780981796000,37.94728729873896,23.621232099831104,25,,127,1.7359999418258667,78,380.2300109863281,232000,232000,230000,,,
23183133616-detail,23183133616,1780981797000,37.94728713110089,23.621250204741955,25,,128,1.7359999418258667,78,381.82000732421875,233000,233000,231000,,,
23183133616-detail,23183133616,1780981798000,37.94728453271091,23.621267471462488,25.200000762939453,,129,1.7359999418258667,77,383.3299865722656,234000,234000,232000,,,
23183133616-detail,23183133616,1780981799000,37.94727933593094,23.621286330744624,25.200000762939453,,130,1.7359999418258667,77,385.0799865722656,235000,235000,233000,,,
23183133616-detail,23183133616,1780981800000,37.947272127494216,23.62130426801741,25.399999618530273,,130,1.7359999418258667,77,386.8299865722656,236000,236000,234000,,,
23183133616-detail,23183133616,1780981801000,37.94727070257068,23.62132136709988,25.399999618530273,,131,1.7359999418258667,77,388.3399963378906,237000,237000,235000,,,
23183133616-detail,23183133616,1780981802000,37.94727179221809,23.62133687362075,25.399999618530273,,131,1.7359999418258667,77,389.67999267578125,238000,238000,236000,,,
23183133616-detail,23183133616,1780981803000,37.94727078638971,23.621358666568995,25.399999618530273,,132,1.7359999418258667,77,391.6000061035156,239000,239000,237000,,,
23183133616-detail,23183133616,1780981804000,37.94727573171258,23.621380040422082,25.200000762939453,,132,1.7359999418258667,77,393.510009765625,240000,240000,238000,,,
23183133616-detail,23183133616,1780981805000,37.94727950356901,23.621399654075503,25.200000762939453,,131,1.7259999513626099,77,395.2099914550781,241000,241000,239000,,,
23183133616-detail,23183133616,1780981806000,37.94727874919772,23.621418932452798,25.200000762939453,,131,1.7259999513626099,76,396.8999938964844,242000,242000,240000,,,
23183133616-detail,23183133616,1780981807000,37.9472728818655,23.621438462287188,25.399999618530273,,130,1.7259999513626099,76,398.7200012207031,243000,243000,241000,,,
23183133616-detail,23183133616,1780981808000,37.94726952910423,23.62145765684545,25.399999618530273,,129,1.7259999513626099,77,400.3800048828125,244000,244000,242000,,,
23183133616-detail,23183133616,1780981809000,37.94726584106684,23.62147383391857,25.399999618530273,,129,1.7259999513626099,77,401.80999755859375,245000,245000,243000,,,
23183133616-detail,23183133616,1780981810000,37.94726014137268,23.621489591896534,25.600000381469727,,129,1.7259999513626099,77,403.260009765625,246000,246000,244000,,,
23183133616-detail,23183133616,1780981811000,37.947253016754985,23.621507696807384,25.600000381469727,,130,1.7259999513626099,77,404.9700012207031,247000,247000,245000,,,
23183133616-detail,23183133616,1780981812000,37.94725134037435,23.621525801718235,25.799999237060547,,130,1.7170000076293945,76,406.489990234375,248000,248000,246000,,,
23183133616-detail,23183133616,1780981813000,37.94724798761308,23.621544409543276,25.799999237060547,,129,1.7170000076293945,76,408.1499938964844,249000,249000,247000,,,
23183133616-detail,23183133616,1780981814000,37.94724346138537,23.621562346816063,25.799999237060547,,129,1.7170000076293945,77,409.7900085449219,250000,250000,248000,,,
23183133616-detail,23183133616,1780981815000,37.947238851338625,23.621579445898533,26,,129,1.7170000076293945,77,411.3500061035156,251000,251000,249000,,,
23183133616-detail,23183133616,1780981816000,37.94723725877702,23.621594617143273,26,,128,1.7170000076293945,77,412.69000244140625,252000,252000,250000,,,
23183133616-detail,23183133616,1780981817000,37.947230972349644,23.621607776731253,26.200000762939453,,128,1.7079999446868896,77,414,253000,253000,251000,,,
23183133616-detail,23183133616,1780981818000,37.94722091406584,23.62162177450955,26.399999618530273,,127,1.7079999446868896,77,415.6600036621094,254000,254000,252000,,,
23183133616-detail,23183133616,1780981819000,37.947207083925605,23.62162814475596,26.799999237060547,,127,1.7079999446868896,0,417.2900085449219,255000,255000,253000,,,
23183133616-detail,23183133616,1780981820000,37.9471935890615,23.621627390384674,27,,126,1.6979999542236328,0,418.79998779296875,256000,256000,254000,,,
23183133616-detail,23183133616,1780981821000,37.947180764749646,23.62162579782307,27.399999618530273,,125,1.6890000104904175,73,420.2200012207031,257000,257000,255000,,,
23183133616-detail,23183133616,1780981822000,37.94716810807586,23.62161934375763,27.600000381469727,,126,1.6799999475479126,73,421.7200012207031,258000,258000,256000,,,
23183133616-detail,23183133616,1780981823000,37.94715545140207,23.621613141149282,27.799999237060547,,126,1.6699999570846558,73,423.2200012207031,259000,259000,257000,,,
23183133616-detail,23183133616,1780981824000,37.94714095070958,23.62161012366414,28.200000762939453,,126,1.6699999570846558,73,424.8500061035156,260000,260000,258000,,,
23183133616-detail,23183133616,1780981825000,37.94713013805449,23.621611213311553,28.399999618530273,,127,1.6610000133514404,73,426.0299987792969,261000,261000,259000,,,
23183133616-detail,23183133616,1780981826000,37.94711454771459,23.621614817529917,28.600000381469727,,126,1.6519999504089355,74,427.7799987792969,262000,262000,260000,,,
23183133616-detail,23183133616,1780981827000,37.9470987059176,23.621619008481503,29,,125,1.6519999504089355,75,429.5799865722656,263000,263000,261000,,,
23183133616-detail,23183133616,1780981828000,37.94708278030157,23.621622696518898,29.399999618530273,,126,1.6419999599456787,75,431.3599853515625,264000,264000,262000,,,
23183133616-detail,23183133616,1780981829000,37.94706760905683,23.62162579782307,29.799999237060547,,126,1.6419999599456787,75,433.0299987792969,265000,265000,263000,,,
23183133616-detail,23183133616,1780981830000,37.947050677612424,23.621627977117896,29.799999237060547,,126,1.6419999599456787,75,434.8699951171875,266000,266000,264000,,,
23183133616-detail,23183133616,1780981831000,37.94703349471092,23.621626803651452,29.799999237060547,,123,1.6330000162124634,75,436.69000244140625,267000,267000,265000,,,
23183133616-detail,23183133616,1780981832000,37.947017066180706,23.621628312394023,30,,124,1.6330000162124634,75,438.4700012207031,268000,268000,266000,,,
23183133616-detail,23183133616,1780981833000,37.94700063765049,23.62163250334561,30,,126,1.6330000162124634,76,440.2799987792969,269000,269000,267000,,,
23183133616-detail,23183133616,1780981834000,37.946977419778705,23.62164088524878,30.200000762939453,,126,1.6330000162124634,76,442.8699951171875,270000,270000,268000,,,
23183133616-detail,23183133616,1780981835000,37.94695856049657,23.621643064543605,30.399999618530273,,127,1.6330000162124634,76,444.92999267578125,271000,271000,269000,,,
23183133616-detail,23183133616,1780981836000,37.94694598764181,23.621643567457795,30.399999618530273,,128,1.6330000162124634,76,446.3299865722656,272000,272000,270000,,,
23183133616-detail,23183133616,1780981837000,37.9469327442348,23.62164633348584,30.600000381469727,,129,1.6330000162124634,77,447.80999755859375,273000,273000,271000,,,
23183133616-detail,23183133616,1780981838000,37.94691916555166,23.621645160019398,30.600000381469727,,129,1.6239999532699585,77,449.2799987792969,274000,274000,272000,,,
23183133616-detail,23183133616,1780981839000,37.94690399430692,23.62164381891489,30.799999237060547,,130,1.6239999532699585,76,450.9700012207031,275000,275000,273000,,,
23183133616-detail,23183133616,1780981840000,37.946891421452165,23.621641639620066,30.799999237060547,,130,1.6239999532699585,74,452.3699951171875,276000,276000,274000,,,
23183133616-detail,23183133616,1780981841000,37.94687859714031,23.621638622134924,31,,130,1.6239999532699585,74,453.79998779296875,277000,277000,275000,,,
23183133616-detail,23183133616,1780981842000,37.94686233624816,23.621632670983672,31,,131,1.6139999628067017,74,455.6700134277344,278000,278000,276000,,,
23183133616-detail,23183133616,1780981843000,37.946849847212434,23.621630324050784,31,,131,1.6139999628067017,75,457.05999755859375,279000,279000,277000,,,
23183133616-detail,23183133616,1780981844000,37.94684004038572,23.621627390384674,31.200000762939453,,131,1.6050000190734863,75,458.1700134277344,280000,280000,278000,,,
23183133616-detail,23183133616,1780981845000,37.94682671315968,23.6216261330992,31.200000762939453,,131,1.6050000190734863,76,459.6600036621094,281000,281000,279000,,,
23183133616-detail,23183133616,1780981846000,37.94681154191494,23.62162278033793,31.200000762939453,,132,1.5959999561309814,77,461.3699951171875,282000,282000,280000,,,
23183133616-detail,23183133616,1780981847000,37.94679787941277,23.62161984667182,31.399999618530273,,132,1.5959999561309814,77,462.8999938964844,283000,283000,281000,,,
23183133616-detail,23183133616,1780981848000,37.94678597711027,23.621613392606378,31.399999618530273,,131,1.5859999656677246,76,464.32000732421875,284000,284000,282000,,,
23183133616-detail,23183133616,1780981849000,37.94677097350359,23.62160475924611,31.200000762939453,,131,1.5859999656677246,76,466.1300048828125,285000,285000,283000,,,
23183133616-detail,23183133616,1780981850000,37.94675454497337,23.621604591608047,31,,131,1.5770000219345093,76,467.80999755859375,286000,286000,284000,,,
23183133616-detail,23183133616,1780981851000,37.94674331322312,23.621601657941937,31,,131,1.5770000219345093,76,469.0899963378906,287000,287000,285000,,,
23183133616-detail,23183133616,1780981852000,37.94672939926386,23.62159939482808,30.799999237060547,,132,1.5770000219345093,77,470.6300048828125,288000,288000,286000,,,
23183133616-detail,23183133616,1780981853000,37.946713641285896,23.621601490303874,30.799999237060547,,132,1.5679999589920044,77,472.3800048828125,289000,289000,287000,,,
23183133616-detail,23183133616,1780981854000,37.946698050946,23.62160568125546,30.600000381469727,,131,1.5679999589920044,76,474.1300048828125,290000,290000,288000,,,
23183133616-detail,23183133616,1780981855000,37.94668681919575,23.62161003984511,30.600000381469727,,131,1.5579999685287476,76,475.3900146484375,291000,291000,289000,,,
23183133616-detail,23183133616,1780981856000,37.94667407870293,23.6216139793396,30.399999618530273,,131,1.5579999685287476,75,476.80999755859375,292000,292000,290000,,,
23183133616-detail,23183133616,1780981857000,37.94665957801044,23.621614733710885,30.200000762939453,,131,1.5579999685287476,75,478.4100036621094,293000,293000,291000,,,
23183133616-detail,23183133616,1780981858000,37.94664113782346,23.62161733210087,30,,131,1.5579999685287476,74,480.4200134277344,294000,294000,292000,,,
23183133616-detail,23183133616,1780981859000,37.946625631302595,23.62161733210087,30,,130,1.5579999685287476,74,482.1400146484375,295000,295000,293000,,,
23183133616-detail,23183133616,1780981860000,37.94660769402981,23.621611464768648,29.799999237060547,,130,1.5579999685287476,75,484.19000244140625,296000,296000,294000,,,
23183133616-detail,23183133616,1780981861000,37.94658782891929,23.62160760909319,29.399999618530273,,129,1.5579999685287476,75,486.4100036621094,297000,297000,295000,,,
23183133616-detail,23183133616,1780981862000,37.94657207094133,23.621604591608047,29.200000762939453,,130,1.5579999685287476,76,488.17999267578125,298000,298000,296000,,,
23183133616-detail,23183133616,1780981863000,37.946560084819794,23.621604507789016,29.200000762939453,,130,1.5579999685287476,76,489.510009765625,299000,299000,297000,,,
23183133616-detail,23183133616,1780981864000,37.94654432684183,23.621605345979333,29,,129,1.5579999685287476,76,491.260009765625,300000,300000,298000,,,
23183133616-detail,23183133616,1780981865000,37.94652479700744,23.621601657941937,28.799999237060547,,129,1.5579999685287476,76,493.4200134277344,301000,301000,299000,,,
23183133616-detail,23183133616,1780981866000,37.94650224968791,23.621600568294525,28.600000381469727,,130,1.5679999589920044,76,495.9200134277344,302000,302000,300000,,,
23183133616-detail,23183133616,1780981867000,37.946483474224806,23.621599730104208,28.600000381469727,,130,1.5679999589920044,77,498,303000,303000,301000,,,
23183133616-detail,23183133616,1780981868000,37.94647299684584,23.621604507789016,28.600000381469727,,129,1.5770000219345093,77,499.2099914550781,304000,304000,302000,,,
23183133616-detail,23183133616,1780981869000,37.94646017253399,23.621607441455126,28.600000381469727,,129,1.5770000219345093,77,500.6499938964844,305000,305000,303000,,,
23183133616-detail,23183133616,1780981870000,37.9464475158602,23.621607441455126,28.600000381469727,,129,1.5770000219345093,77,502.0400085449219,306000,306000,304000,,,
23183133616-detail,23183133616,1780981871000,37.9464372061193,23.621606854721904,28.600000381469727,,132,1.5770000219345093,77,503.1700134277344,307000,307000,305000,,,
23183133616-detail,23183133616,1780981872000,37.94642739929259,23.62160224467516,28.600000381469727,,130,1.5770000219345093,75,504.32000732421875,308000,308000,306000,,,
23183133616-detail,23183133616,1780981873000,37.94641524553299,23.621598472818732,28.600000381469727,,128,1.5770000219345093,75,505.69000244140625,309000,309000,307000,,,
23183133616-detail,23183133616,1780981874000,37.946405187249184,23.62159738317132,28.600000381469727,,128,1.5770000219345093,75,506.7699890136719,310000,310000,308000,,,
23183133616-detail,23183133616,1780981875000,37.94639328494668,23.621595622971654,28.600000381469727,,127,1.5679999589920044,75,508.1000061035156,311000,311000,309000,,,
23183133616-detail,23183133616,1780981876000,37.94637702405453,23.621593862771988,28.799999237060547,,125,1.5679999589920044,75,509.9100036621094,312000,312000,310000,,,
23183133616-detail,23183133616,1780981877000,37.94636545702815,23.621591683477163,28.799999237060547,,127,1.5679999589920044,75,511.20001220703125,313000,313000,311000,,,
23183133616-detail,23183133616,1780981878000,37.946351962164044,23.621587995439768,28.799999237060547,,126,1.5679999589920044,75,512.72998046875,314000,314000,312000,,,
23183133616-detail,23183133616,1780981879000,37.94633947312832,23.621581960469484,28.799999237060547,,128,1.5579999685287476,75,514.2100219726562,315000,315000,313000,,,
23183133616-detail,23183133616,1780981880000,37.94632765464485,23.62157684750855,28.799999237060547,,128,1.5579999685287476,77,515.5999755859375,316000,316000,314000,,,
23183133616-detail,23183133616,1780981881000,37.94631122611463,23.621559999883175,28.799999237060547,,129,1.5579999685287476,77,517.8099975585938,317000,317000,315000,,,
23183133616-detail,23183133616,1780981882000,37.94628985226154,23.621557988226414,28.799999237060547,,128,1.5579999685287476,78,520.1900024414062,318000,318000,316000,,,
23183133616-detail,23183133616,1780981883000,37.94627510011196,23.62155580893159,28.799999237060547,,129,1.5579999685287476,78,521.8200073242188,319000,319000,317000,,,
23183133616-detail,23183133616,1780981884000,37.94626219198108,23.621552204713225,28.799999237060547,,130,1.5579999685287476,78,523.2899780273438,320000,320000,318000,,,
23183133616-detail,23183133616,1780981885000,37.946250289678574,23.621547343209386,28.799999237060547,,129,1.5579999685287476,79,524.6599731445312,321000,321000,319000,,,
23183133616-detail,23183133616,1780981886000,37.94623645953834,23.62154072150588,28.799999237060547,,125,1.5490000247955322,79,526.280029296875,322000,322000,320000,,,
23183133616-detail,23183133616,1780981887000,37.94622506015003,23.62153384834528,28.799999237060547,,125,1.5490000247955322,78,527.6500244140625,323000,323000,321000,,,
23183133616-detail,23183133616,1780981888000,37.946213744580746,23.621530244126916,28.600000381469727,,124,1.5490000247955322,78,528.9400024414062,324000,324000,322000,,,
23183133616-detail,23183133616,1780981889000,37.94620217755437,23.621525717899203,28.600000381469727,,125,1.5490000247955322,78,530.27001953125,325000,325000,323000,,,
23183133616-detail,23183133616,1780981890000,37.94619002379477,23.621523203328252,28.600000381469727,,125,1.5490000247955322,78,531.6400146484375,326000,326000,324000,,,
23183133616-detail,23183133616,1780981891000,37.94618063606322,23.6215241253376,28.600000381469727,,124,1.5490000247955322,78,532.6699829101562,327000,327000,325000,,,
23183133616-detail,23183133616,1780981892000,37.94617041014135,23.62152513116598,28.600000381469727,,125,1.5399999618530273,77,533.8099975585938,328000,328000,326000,,,
23183133616-detail,23183133616,1780981893000,37.94615783728659,23.621521778404713,28.399999618530273,,125,1.5399999618530273,77,535.219970703125,329000,329000,327000,,,
23183133616-detail,23183133616,1780981894000,37.94614492915571,23.621519515290856,28.399999618530273,,125,1.5399999618530273,78,536.6400146484375,330000,330000,328000,,,
23183133616-detail,23183133616,1780981895000,37.94613763689995,23.62151683308184,28.399999618530273,,125,1.5299999713897705,78,537.4400024414062,331000,331000,329000,,,
23183133616-detail,23183133616,1780981896000,37.946125315502286,23.621501745656133,28.200000762939453,,125,1.5299999713897705,78,539.239990234375,332000,332000,330000,,,
23183133616-detail,23183133616,1780981897000,37.946117436513305,23.621486825868487,28,,125,1.5299999713897705,78,540.6799926757812,333000,333000,331000,,,
23183133616-detail,23183133616,1780981898000,37.94610109180212,23.621482802554965,28,,126,1.5210000276565552,78,542.489990234375,334000,334000,332000,,,
23183133616-detail,23183133616,1780981899000,37.94608198106289,23.621478276327252,27.799999237060547,,126,1.5210000276565552,78,544.6500244140625,335000,335000,333000,,,
23183133616-detail,23183133616,1780981900000,37.9460608586669,23.621478527784348,27.799999237060547,,126,1.5210000276565552,78,546.9500122070312,336000,336000,334000,,,
23183133616-detail,23183133616,1780981901000,37.946047615259886,23.621482886373997,27.799999237060547,,126,1.5210000276565552,78,548.3800048828125,337000,337000,335000,,,
23183133616-detail,23183133616,1780981902000,37.946031522005796,23.62148741260171,27.799999237060547,,126,1.5210000276565552,78,550.0900268554688,338000,338000,336000,,,
23183133616-detail,23183133616,1780981903000,37.946013417094946,23.62148942425847,27.600000381469727,,125,1.5210000276565552,78,552.0999755859375,339000,339000,337000,,,
23183133616-detail,23183133616,1780981904000,37.94599765911698,23.621492106467485,27.600000381469727,,125,1.5210000276565552,78,553.8699951171875,340000,340000,338000,,,
23183133616-detail,23183133616,1780981905000,37.94598089531064,23.621496967971325,27.600000381469727,,124,1.5210000276565552,78,555.719970703125,341000,341000,339000,,,
23183133616-detail,23183133616,1780981906000,37.945965556427836,23.621497554704547,27.600000381469727,,125,1.5210000276565552,78,557.3900146484375,342000,342000,340000,,,
23183133616-detail,23183133616,1780981907000,37.94595214538276,23.621496967971325,27.600000381469727,,125,1.5210000276565552,77,558.8800048828125,343000,343000,341000,,,
23183133616-detail,23183133616,1780981908000,37.9459414165467,23.621495626866817,27.600000381469727,,125,1.5210000276565552,77,560.0800170898438,344000,344000,342000,,,
23183133616-detail,23183133616,1780981909000,37.94592507183552,23.621501997113228,27.600000381469727,,125,1.5299999713897705,77,561.97998046875,345000,345000,343000,,,
23183133616-detail,23183133616,1780981910000,37.94591342099011,23.621505685150623,27.799999237060547,,124,1.5299999713897705,78,563.2999877929688,346000,346000,344000,,,
23183133616-detail,23183133616,1780981911000,37.94589841738343,23.621508367359638,27.799999237060547,,124,1.5299999713897705,78,564.9600219726562,347000,347000,345000,,,
23183133616-detail,23183133616,1780981912000,37.94588475488126,23.621508786454797,27.799999237060547,,124,1.5299999713897705,77,566.47998046875,348000,348000,346000,,,
23183133616-detail,23183133616,1780981913000,37.945871679112315,23.621508702635765,28,,124,1.5299999713897705,76,567.9199829101562,349000,349000,347000,,,
23183133616-detail,23183133616,1780981914000,37.94585919007659,23.62150945700705,28,,124,1.5299999713897705,76,569.2999877929688,350000,350000,348000,,,
23183133616-detail,23183133616,1780981915000,37.94584401883185,23.621515575796366,28,,123,1.5299999713897705,77,571.0599975585938,351000,351000,349000,,,
23183133616-detail,23183133616,1780981916000,37.94583169743419,23.621517838910222,28.200000762939453,,123,1.5299999713897705,78,572.3900146484375,352000,352000,350000,,,
23183133616-detail,23183133616,1780981917000,37.94581811875105,23.62151926383376,28.200000762939453,,124,1.5299999713897705,78,573.8900146484375,353000,353000,351000,,,
23183133616-detail,23183133616,1780981918000,37.94580638408661,23.621520940214396,28.200000762939453,,124,1.5299999713897705,78,575.1799926757812,354000,354000,352000,,,
23183133616-detail,23183133616,1780981919000,37.94579230248928,23.621524376794696,28.399999618530273,,124,1.5299999713897705,78,576.75,355000,355000,353000,,,
23183133616-detail,23183133616,1780981920000,37.9457775503397,23.62152705900371,28.399999618530273,,124,1.5299999713897705,78,578.3300170898438,356000,356000,354000,,,
23183133616-detail,23183133616,1780981921000,37.94576581567526,23.621526136994362,28.399999618530273,,124,1.5299999713897705,78,579.6400146484375,357000,357000,355000,,,
23183133616-detail,23183133616,1780981922000,37.94575156643987,23.621525801718235,28.399999618530273,,124,1.5299999713897705,77,581.1799926757812,358000,358000,356000,,,
23183133616-detail,23183133616,1780981923000,37.94574444182217,23.621525466442108,28.399999618530273,,124,1.5210000276565552,77,581.8400268554688,359000,359000,357000,,,
23183133616-detail,23183133616,1780981924000,37.94572834856808,23.62152404151857,28.399999618530273,,125,1.5210000276565552,78,583.6300048828125,360000,360000,358000,,,
23183133616-detail,23183133616,1780981925000,37.94571108184755,23.621522281318903,28.399999618530273,,125,1.5210000276565552,78,585.52001953125,361000,361000,359000,,,
23183133616-detail,23183133616,1780981926000,37.94569364748895,23.621518509462476,28.399999618530273,,126,1.5210000276565552,78,587.3400268554688,362000,362000,360000,,,
23183133616-detail,23183133616,1780981927000,37.94567596167326,23.621516497805715,28.399999618530273,,126,1.5210000276565552,78,589.2100219726562,363000,363000,361000,,,
23183133616-detail,23183133616,1780981928000,37.94566330499947,23.621512139216065,28.399999618530273,,127,1.5210000276565552,79,590.6699829101562,364000,364000,362000,,,
23183133616-detail,23183133616,1780981929000,37.94565073214471,23.621509289368987,28.399999618530273,,128,1.5210000276565552,79,592.0800170898438,365000,365000,363000,,,
23183133616-detail,23183133616,1780981930000,37.9456411767751,23.62150266766548,28.399999618530273,,129,1.5210000276565552,79,593.27001953125,366000,366000,364000,,,
23183133616-detail,23183133616,1780981931000,37.945633213967085,23.621493196114898,28.399999618530273,,129,1.5210000276565552,78,594.4299926757812,367000,367000,365000,,,
23183133616-detail,23183133616,1780981932000,37.945628268644214,23.621483221650124,28.399999618530273,,130,1.5210000276565552,78,595.4600219726562,368000,368000,366000,,,
23183133616-detail,23183133616,1780981933000,37.94561737217009,23.621472995728254,28.399999618530273,,130,1.5210000276565552,79,596.9299926757812,369000,369000,367000,,,
23183133616-detail,23183133616,1780981934000,37.94560739770532,23.62146989442408,28.399999618530273,,130,1.5210000276565552,79,598.0599975585938,370000,370000,368000,,,
23183133616-detail,23183133616,1780981935000,37.945595076307654,23.621468050405383,28.399999618530273,,131,1.5210000276565552,79,599.4400024414062,371000,371000,369000,,,
23183133616-detail,23183133616,1780981936000,37.94558107852936,23.62146788276732,28.600000381469727,,131,1.5119999647140503,79,600.989990234375,372000,372000,370000,,,
23183133616-detail,23183133616,1780981937000,37.94556833803654,23.621474839746952,28.600000381469727,,130,1.5119999647140503,77,602.5,373000,373000,371000,,,
23183133616-detail,23183133616,1780981938000,37.945555094629526,23.621479365974665,28.600000381469727,,130,1.5119999647140503,77,603.9500122070312,374000,374000,372000,,,
23183133616-detail,23183133616,1780981939000,37.94553657062352,23.621478863060474,28.799999237060547,,130,1.5019999742507935,77,606,375000,375000,373000,,,
23183133616-detail,23183133616,1780981940000,37.945516454055905,23.62147039733827,28.799999237060547,,129,1.5019999742507935,77,608.3200073242188,376000,376000,374000,,,
23183133616-detail,23183133616,1780981941000,37.94549843296409,23.621468218043447,28.799999237060547,,129,1.5019999742507935,78,609.9299926757812,377000,377000,375000,,,
23183133616-detail,23183133616,1780981942000,37.9454857762903,23.621466709300876,28.799999237060547,,129,1.5019999742507935,78,611.3300170898438,378000,378000,376000,,,
23183133616-detail,23183133616,1780981943000,37.9454699344933,23.621468972414732,29,,128,1.4930000305175781,77,613.010009765625,379000,379000,377000,,,
23183133616-detail,23183133616,1780981944000,37.94545073993504,23.62146930769086,29,,128,1.4739999771118164,77,615.1400146484375,380000,380000,378000,,,
23183133616-detail,23183133616,1780981945000,37.945432886481285,23.621470648795366,29,,127,1.4739999771118164,78,617.1199951171875,381000,381000,379000,,,
23183133616-detail,23183133616,1780981946000,37.94541905634105,23.62147768959403,29.200000762939453,,127,1.4739999771118164,78,618.739990234375,382000,382000,380000,,,
23183133616-detail,23183133616,1780981947000,37.94540866278112,23.62148112617433,29.200000762939453,,127,1.4739999771118164,78,619.9199829101562,383000,383000,381000,,,
23183133616-detail,23183133616,1780981948000,37.94539893977344,23.621484143659472,29.200000762939453,,128,1.465000033378601,78,621.02001953125,384000,384000,382000,,,
23183133616-detail,23183133616,1780981949000,37.945388965308666,23.621486742049456,29.200000762939453,,128,1.465000033378601,78,622.1400146484375,385000,385000,383000,,,
23183133616-detail,23183133616,1780981950000,37.945376224815845,23.62148305401206,29.200000762939453,,128,1.4559999704360962,78,623.5800170898438,386000,386000,384000,,,
23183133616-detail,23183133616,1780981951000,37.945365998893976,23.621478024870157,29,,128,1.4559999704360962,78,624.7899780273438,387000,387000,385000,,,
23183133616-detail,23183133616,1780981952000,37.945350827649236,23.621478276327252,29,,128,1.4559999704360962,78,626.4500122070312,388000,388000,386000,,,
23183133616-detail,23183133616,1780981953000,37.94533532112837,23.62147810868919,29,,128,1.4559999704360962,79,628.1599731445312,389000,389000,387000,,,
23183133616-detail,23183133616,1780981954000,37.94532601721585,23.62147517502308,29,,128,1.4559999704360962,79,629.22998046875,390000,390000,388000,,,
23183133616-detail,23183133616,1780981955000,37.945316629484296,23.62146880477667,28.799999237060547,,128,1.4459999799728394,79,630.3599853515625,391000,391000,389000,,,
23183133616-detail,23183133616,1780981956000,37.945301374420524,23.621463607996702,28.799999237060547,,129,1.4459999799728394,79,632.0999755859375,392000,392000,390000,,,
23183133616-detail,23183133616,1780981957000,37.94528938829899,23.621459836140275,28.799999237060547,,129,1.437000036239624,79,633.4600219726562,393000,393000,391000,,,
23183133616-detail,23183133616,1780981958000,37.94527522288263,23.621456902474165,28.600000381469727,,129,1.437000036239624,79,635,394000,394000,392000,,,
23183133616-detail,23183133616,1780981959000,37.945261308923364,23.621458327397704,28.600000381469727,,129,1.4279999732971191,79,636.5499877929688,395000,395000,393000,,,
23183133616-detail,23183133616,1780981960000,37.94524077326059,23.621457489207387,28.600000381469727,,129,1.4279999732971191,79,638.7100219726562,396000,396000,394000,,,
23183133616-detail,23183133616,1780981961000,37.9452333971858,23.621456818655133,28.600000381469727,,129,1.4279999732971191,79,639.5,397000,397000,395000,,,
23183133616-detail,23183133616,1780981962000,37.94522970914841,23.62145807594061,28.600000381469727,,129,1.4279999732971191,79,639.9299926757812,398000,398000,396000,,,
23183133616-detail,23183133616,1780981963000,37.94521034695208,23.621461261063814,28.399999618530273,,129,1.4179999828338623,78,642,399000,399000,397000,,,
23183133616-detail,23183133616,1780981964000,37.94519073329866,23.621467044577003,28.399999618530273,,129,1.409000039100647,78,644.239990234375,400000,400000,398000,,,
23183133616-detail,23183133616,1780981965000,37.945168018341064,23.621472408995032,28.399999618530273,,131,1.409000039100647,77,646.7999877929688,401000,401000,399000,,,
23183133616-detail,23183133616,1780981966000,37.94514597393572,23.621482802554965,28.399999618530273,,128,1.409000039100647,77,649.4000244140625,402000,402000,400000,,,
23183133616-detail,23183133616,1780981967000,37.945132311433554,23.621496465057135,28.600000381469727,,128,1.409000039100647,77,651.3300170898438,403000,403000,401000,,,
23183133616-detail,23183133616,1780981968000,37.94511890038848,23.621507696807384,28.600000381469727,,128,1.409000039100647,77,653.1199951171875,404000,404000,402000,,,
23183133616-detail,23183133616,1780981969000,37.945109345018864,23.621522951871157,28.600000381469727,,128,1.409000039100647,77,654.8200073242188,405000,405000,403000,,,
23183133616-detail,23183133616,1780981970000,37.945100627839565,23.62153535708785,28.799999237060547,,124,1.409000039100647,77,656.27001953125,406000,406000,404000,,,
23183133616-detail,23183133616,1780981971000,37.94509928673506,23.621539631858468,28.799999237060547,,127,1.409000039100647,76,656.6500244140625,407000,407000,405000,,,
23183133616-detail,23183133616,1780981972000,37.94509895145893,23.621541392058134,28.799999237060547,,126,1.399999976158142,76,656.7999877929688,408000,408000,406000,,,
23183133616-detail,23183133616,1780981973000,37.94509693980217,23.62154306843877,28.799999237060547,,125,1.3899999856948853,76,657.0599975585938,409000,409000,407000,,,
23183133616-detail,23183133616,1780981974000,37.94508411549032,23.621540972962976,28.799999237060547,,126,1.0820000171661377,77,658.47998046875,410000,410000,408000,,,
23183133616-detail,23183133616,1780981975000,37.945068357512355,23.62154516391456,28.600000381469727,,126,1.0820000171661377,77,660.25,411000,411000,409000,,,
23183133616-detail,23183133616,1780981976000,37.945054695010185,23.62154600210488,28.600000381469727,,126,1.1660000085830688,77,661.75,412000,412000,410000,,,
23183133616-detail,23183133616,1780981977000,37.94504187069833,23.621543906629086,28.600000381469727,,125,1.184999942779541,78,663.1900024414062,413000,413000,411000,,,
23183133616-detail,23183133616,1780981978000,37.945027872920036,23.621542397886515,28.600000381469727,,125,1.184999942779541,78,664.739990234375,414000,414000,412000,,,
23183133616-detail,23183133616,1780981979000,37.94501496478915,23.621539464220405,28.399999618530273,,125,1.194000005722046,77,666.1900024414062,415000,415000,413000,,,
23183133616-detail,23183133616,1780981980000,37.94499577023089,23.62153736874461,28.399999618530273,,125,1.194000005722046,76,668.3300170898438,416000,416000,414000,,,
23183133616-detail,23183133616,1780981981000,37.94497188180685,23.621533596888185,28.200000762939453,,125,1.2410000562667847,76,671,417000,417000,415000,,,
23183133616-detail,23183133616,1780981982000,37.944950172677636,23.6215294059366,28.200000762939453,,126,1.3530000448226929,77,673.4199829101562,418000,418000,416000,,,
23183133616-detail,23183133616,1780981983000,37.94492921791971,23.62152119167149,28,,127,1.4279999732971191,78,675.77001953125,419000,419000,417000,,,
23183133616-detail,23183133616,1780981984000,37.94491287320852,23.6215103790164,27.799999237060547,,127,1.465000033378601,78,677.6599731445312,420000,420000,418000,,,
23183133616-detail,23183133616,1780981985000,37.94489661231637,23.621503673493862,27.600000381469727,,125,1.465000033378601,78,679.5499877929688,421000,421000,419000,,,
23183133616-detail,23183133616,1780981986000,37.94488211162388,23.621499482542276,27.600000381469727,,124,1.4559999704360962,78,681.1900024414062,422000,422000,420000,,,
23183133616-detail,23183133616,1780981987000,37.94485989958048,23.62150400876999,27.399999618530273,,124,1.4559999704360962,77,683.6400146484375,423000,423000,421000,,,
23183133616-detail,23183133616,1780981988000,37.94484137557447,23.62150652334094,27.200000762939453,,124,1.4559999704360962,77,685.7000122070312,424000,424000,422000,,,
23183133616-detail,23183133616,1780981989000,37.94482394121587,23.621507361531258,27.200000762939453,,125,1.465000033378601,77,687.6300048828125,425000,425000,423000,,,
23183133616-detail,23183133616,1780981990000,37.944806506857276,23.621504679322243,27,,125,1.4739999771118164,77,689.5800170898438,426000,426000,424000,,,
23183133616-detail,23183133616,1780981991000,37.944791838526726,23.621497889980674,26.799999237060547,,125,1.4839999675750732,77,691.3099975585938,427000,427000,425000,,,
23183133616-detail,23183133616,1780981992000,37.944779349491,23.62149327993393,26.799999237060547,,125,1.4930000305175781,77,692.75,428000,428000,426000,,,
23183133616-detail,23183133616,1780981993000,37.94476761482656,23.621494034305215,26.600000381469727,,125,1.4930000305175781,77,694.010009765625,429000,429000,427000,,,
23183133616-detail,23183133616,1780981994000,37.94475629925728,23.62149336375296,26.600000381469727,,123,1.4930000305175781,77,695.27001953125,430000,430000,428000,,,
23183133616-detail,23183133616,1780981995000,37.94473920017481,23.62149235792458,26.399999618530273,,124,1.4930000305175781,77,697.1599731445312,431000,431000,429000,,,
23183133616-detail,23183133616,1780981996000,37.94472453184426,23.62149093300104,26.399999618530273,,125,1.4930000305175781,77,698.7899780273438,432000,432000,430000,,,
23183133616-detail,23183133616,1780981997000,37.9447085224092,23.621492022648454,26.200000762939453,,125,1.4930000305175781,77,700.5700073242188,433000,433000,431000,,,
23183133616-detail,23183133616,1780981998000,37.94469142332673,23.621494453400373,26.200000762939453,,126,1.4930000305175781,77,702.469970703125,434000,434000,432000,,,
23183133616-detail,23183133616,1780981999000,37.944674491882324,23.62149378284812,26,,124,1.5019999742507935,77,704.3400268554688,435000,435000,433000,,,
23183133616-detail,23183133616,1780982000000,37.94466191902757,23.62149336375296,26,,124,1.5019999742507935,78,705.719970703125,436000,436000,434000,,,
23183133616-detail,23183133616,1780982001000,37.94464783743024,23.621492441743612,25.799999237060547,,125,1.5019999742507935,78,707.280029296875,437000,437000,435000,,,
23183133616-detail,23183133616,1780982002000,37.94463316909969,23.621495878323913,25.799999237060547,,126,1.5119999647140503,78,708.9299926757812,438000,438000,436000,,,
23183133616-detail,23183133616,1780982003000,37.94461674056947,23.6215000692755,25.600000381469727,,124,1.5119999647140503,79,710.780029296875,439000,439000,437000,,,
23183133616-detail,23183133616,1780982004000,37.9445980489254,23.62150451168418,25.600000381469727,,124,1.5210000276565552,79,712.8800048828125,440000,440000,438000,,,
23183133616-detail,23183133616,1780982005000,37.944579776376486,23.621506188064814,25.399999618530273,,124,1.5399999618530273,79,714.9000244140625,441000,441000,439000,,,
23183133616-detail,23183133616,1780982006000,37.94456276111305,23.62150652334094,25.200000762939453,,124,1.5679999589920044,79,716.7899780273438,442000,442000,440000,,,
23183133616-detail,23183133616,1780982007000,37.94454239308834,23.621508618816733,25.200000762939453,,123,1.5959999561309814,78,719.0499877929688,443000,443000,441000,,,
23183133616-detail,23183133616,1780982008000,37.94452428817749,23.6215085349977,25,,123,1.6330000162124634,78,721.030029296875,444000,444000,442000,,,
23183133616-detail,23183133616,1780982009000,37.94450769200921,23.621504763141274,24.799999237060547,,124,1.6519999504089355,79,722.8499755859375,445000,445000,443000,,,
23183133616-detail,23183133616,1780982010000,37.94449453242123,23.62150065600872,24.799999237060547,,125,1.6799999475479126,79,724.3300170898438,446000,446000,444000,,,
23183133616-detail,23183133616,1780982011000,37.94447684660554,23.621490178629756,24.600000381469727,,127,1.7259999513626099,79,726.3599853515625,447000,447000,445000,,,
23183133616-detail,23183133616,1780982012000,37.94445781968534,23.621489256620407,24.399999618530273,,128,1.7730000019073486,78,728.469970703125,448000,448000,446000,,,
23183133616-detail,23183133616,1780982013000,37.944439044222236,23.62148833461106,24.399999618530273,,129,1.7730000019073486,78,730.5499877929688,449000,449000,447000,,,
23183133616-detail,23183133616,1780982014000,37.94441959820688,23.62148942425847,24.200000762939453,,130,1.781999945640564,78,732.6699829101562,450000,450000,448000,,,
23183133616-detail,23183133616,1780982015000,37.94439218938351,23.62148297019303,24,,130,1.781999945640564,78,735.75,451000,451000,449000,,,
23183133616-detail,23183133616,1780982016000,37.944376515224576,23.621475091204047,23.799999237060547,,130,1.8009999990463257,79,737.5900268554688,452000,452000,450000,,,
23183133616-detail,23183133616,1780982017000,37.9443580750376,23.62146880477667,23.600000381469727,,130,1.819000005722046,79,739.7000122070312,453000,453000,451000,,,
23183133616-detail,23183133616,1780982018000,37.9443408921361,23.621471570804715,23.600000381469727,,130,1.8380000591278076,79,741.6099853515625,454000,454000,452000,,,
23183133616-detail,23183133616,1780982019000,37.94432538561523,23.621475342661142,23.399999618530273,,130,1.8380000591278076,79,743.3599853515625,455000,455000,453000,,,
23183133616-detail,23183133616,1780982020000,37.944308118894696,23.62147810868919,23.399999618530273,,130,1.8380000591278076,79,745.2899780273438,456000,456000,454000,,,
23183133616-detail,23183133616,1780982021000,37.94429177418351,23.621482886373997,23.200000762939453,,130,1.8380000591278076,79,747.1500244140625,457000,457000,455000,,,
23183133616-detail,23183133616,1780982022000,37.94427702203393,23.621489759534597,23.200000762939453,,129,1.847000002861023,78,748.8200073242188,458000,458000,456000,,,
23183133616-detail,23183133616,1780982023000,37.94426185078919,23.621492106467485,23,,129,1.847000002861023,78,750.510009765625,459000,459000,457000,,,
23183133616-detail,23183133616,1780982024000,37.94425112195313,23.621492022648454,22.799999237060547,,129,1.847000002861023,78,751.7000122070312,460000,460000,458000,,,
23183133616-detail,23183133616,1780982025000,37.94423511251807,23.621492693200707,22.600000381469727,,129,1.847000002861023,78,753.47998046875,461000,461000,459000,,,
23183133616-detail,23183133616,1780982027000,37.944209296256304,23.621493531391025,22.399999618530273,,130,1.8380000591278076,78,756.3300170898438,463000,463000,461000,,,
23183133616-detail,23183133616,1780982028000,37.94419018551707,23.621494537219405,22.200000762939453,,130,1.8380000591278076,78,758.4600219726562,464000,464000,462000,,,
23183133616-detail,23183133616,1780982029000,37.94417828321457,23.62149671651423,22,,131,1.8380000591278076,77,759.780029296875,465000,465000,463000,,,
23183133616-detail,23183133616,1780982030000,37.94416663236916,23.62150107510388,22,,131,1.8289999961853027,77,761.1400146484375,466000,466000,464000,,,
23183133616-detail,23183133616,1780982031000,37.94415003620088,23.621505768969655,21.799999237060547,,132,1.8289999961853027,78,763.010009765625,467000,467000,465000,,,
23183133616-detail,23183133616,1780982032000,37.9441387206316,23.621508199721575,21.600000381469727,,133,1.819000005722046,78,764.280029296875,468000,468000,466000,,,
23183133616-detail,23183133616,1780982033000,37.944123800843954,23.621511217206717,21.600000381469727,,133,1.819000005722046,77,765.969970703125,469000,469000,467000,,,
23183133616-detail,23183133616,1780982034000,37.9441112279892,23.62151180393994,21.399999618530273,,133,1.809999942779541,77,767.3499755859375,470000,470000,468000,,,
23183133616-detail,23183133616,1780982035000,37.94409463182092,23.621512223035097,21.200000762939453,,133,1.809999942779541,77,769.1900024414062,471000,471000,469000,,,
23183133616-detail,23183133616,1780982036000,37.9440800473094,23.621512055397034,21,,133,1.809999942779541,77,770.8200073242188,472000,472000,470000,,,
23183133616-detail,23183133616,1780982037000,37.94406462460756,23.62150987610221,20.799999237060547,,132,1.8009999990463257,78,772.530029296875,473000,473000,471000,,,
23183133616-detail,23183133616,1780982038000,37.9440438374877,23.621510127559304,20.399999618530273,,131,1.8009999990463257,78,774.8400268554688,474000,474000,472000,,,
23183133616-detail,23183133616,1780982039000,37.94402766041458,23.62151088193059,20.200000762939453,,131,1.8009999990463257,78,776.6300048828125,475000,475000,473000,,,
23183133616-detail,23183133616,1780982040000,37.94401374645531,23.621513061225414,20,,129,1.7910000085830688,78,778.1500244140625,476000,476000,474000,,,
23183133616-detail,23183133616,1780982041000,37.94399790465832,23.62151633016765,19.799999237060547,,128,1.7910000085830688,78,779.9099731445312,477000,477000,475000,,,
23183133616-detail,23183133616,1780982042000,37.943987008184195,23.621513480320573,19.600000381469727,,127,1.7910000085830688,77,781.1199951171875,478000,478000,476000,,,
23183133616-detail,23183133616,1780982043000,37.94397686608136,23.62150987610221,19.399999618530273,,126,1.781999945640564,77,782.27001953125,479000,479000,477000,,,
23183133616-detail,23183133616,1780982044000,37.943964125588536,23.621503757312894,19.399999618530273,,125,1.781999945640564,77,783.77001953125,480000,480000,478000,,,
23183133616-detail,23183133616,1780982045000,37.943946942687035,23.62149721942842,19,,124,1.781999945640564,77,785.77001953125,481000,481000,479000,,,
23183133616-detail,23183133616,1780982046000,37.9439246468246,23.62149185501039,18.799999237060547,,124,1.7730000019073486,77,788.27001953125,482000,482000,480000,,,
23183133616-detail,23183133616,1780982047000,37.94390779919922,23.621494034305215,18.399999618530273,,124,1.7730000019073486,77,790.0999755859375,483000,483000,481000,,,
23183133616-detail,23183133616,1780982048000,37.94389053247869,23.621496548876166,18.200000762939453,,123,1.7730000019073486,77,792.030029296875,484000,484000,482000,,,
23183133616-detail,23183133616,1780982049000,37.943874187767506,23.62149914726615,18,,123,1.7730000019073486,77,793.8499755859375,485000,485000,483000,,,
23183133616-detail,23183133616,1780982050000,37.94385692104697,23.621501997113228,17.799999237060547,,123,1.7730000019073486,77,795.77001953125,486000,486000,484000,,,
23183133616-detail,23183133616,1780982051000,37.943839905783534,23.62150300294161,17.600000381469727,,123,1.7730000019073486,77,797.6400146484375,487000,487000,485000,,,
23183133616-detail,23183133616,1780982052000,37.943825321272016,23.621503338217735,17.399999618530273,,123,1.781999945640564,78,799.260009765625,488000,488000,486000,,,
23183133616-detail,23183133616,1780982053000,37.943810569122434,23.621504176408052,17,,123,1.781999945640564,78,800.9000244140625,489000,489000,487000,,,
23183133616-detail,23183133616,1780982054000,37.94379623606801,23.621505433693528,16.799999237060547,,122,1.781999945640564,78,802.489990234375,490000,490000,488000,,,
23183133616-detail,23183133616,1780982055000,37.94378123246133,23.621507277712226,16.600000381469727,,122,1.781999945640564,77,804.1500244140625,491000,491000,489000,,,
23183133616-detail,23183133616,1780982056000,37.943767653778195,23.621503422036767,16.399999618530273,,122,1.781999945640564,77,805.6799926757812,492000,492000,490000,,,
23183133616-detail,23183133616,1780982057000,37.943753404542804,23.62150216475129,16,,122,1.781999945640564,77,807.25,493000,493000,491000,,,
23183133616-detail,23183133616,1780982058000,37.94373773038387,23.621502416208386,15.800000190734863,,122,1.781999945640564,76,808.989990234375,494000,494000,492000,,,
23183133616-detail,23183133616,1780982059000,37.94372180476785,23.62150358967483,15.600000381469727,,122,1.781999945640564,75,810.77001953125,495000,495000,493000,,,
23183133616-detail,23183133616,1780982060000,37.94370864517987,23.621503924950957,15.600000381469727,,122,1.781999945640564,75,812.2100219726562,496000,496000,494000,,,
23183133616-detail,23183133616,1780982061000,37.94369707815349,23.621506355702877,15.600000381469727,,122,1.781999945640564,75,813.52001953125,497000,497000,495000,,,
23183133616-detail,23183133616,1780982062000,37.943682661280036,23.621508618816733,15.600000381469727,,122,1.781999945640564,75,815.1199951171875,498000,498000,496000,,,
23183133616-detail,23183133616,1780982063000,37.943668914958835,23.621514150872827,15.399999618530273,,122,1.781999945640564,76,816.719970703125,499000,499000,497000,,,
23183133616-detail,23183133616,1780982064000,37.94365583918989,23.62152362242341,15.399999618530273,,122,1.781999945640564,76,818.3900146484375,500000,500000,498000,,,
23183133616-detail,23183133616,1780982065000,37.94364326633513,23.621533513069153,15.199999809265137,,121,1.781999945640564,76,820.0399780273438,501000,501000,499000,,,
23183133616-detail,23183133616,1780982066000,37.943633710965514,23.62154751084745,15.199999809265137,,120,1.781999945640564,76,821.6500244140625,502000,502000,500000,,,
23183133616-detail,23183133616,1780982067000,37.943624909967184,23.621561089530587,15.199999809265137,,120,1.781999945640564,76,823.1900024414062,503000,503000,501000,,,
23183133616-detail,23183133616,1780982068000,37.9436172824353,23.621576009318233,15,,119,1.781999945640564,77,824.75,504000,504000,502000,,,
23183133616-detail,23183133616,1780982069000,37.943608397617936,23.62158900126815,15,,118,1.781999945640564,77,826.25,505000,505000,503000,,,
23183133616-detail,23183133616,1780982070000,37.943598004058,23.621599478647113,14.800000190734863,,118,1.781999945640564,78,827.719970703125,506000,506000,504000,,,
23183133616-detail,23183133616,1780982071000,37.943587275221944,23.621606016531587,14.800000190734863,,117,1.781999945640564,78,829.0499877929688,507000,507000,505000,,,
23183133616-detail,23183133616,1780982072000,37.943572690710425,23.621608531102538,14.800000190734863,,117,1.781999945640564,78,830.6699829101562,508000,508000,506000,,,
23183133616-detail,23183133616,1780982073000,37.943557519465685,23.621609788388014,14.600000381469727,,117,1.781999945640564,78,832.3499755859375,509000,509000,507000,,,
23183133616-detail,23183133616,1780982074000,37.94354553334415,23.621614230796695,14.600000381469727,,117,1.781999945640564,78,833.72998046875,510000,510000,508000,,,
23183133616-detail,23183133616,1780982075000,37.943533547222614,23.621620936319232,14.600000381469727,,117,1.7910000085830688,77,835.1799926757812,511000,511000,509000,,,
23183133616-detail,23183133616,1780982076000,37.94352147728205,23.62162571400404,14.600000381469727,,117,1.781999945640564,77,836.5900268554688,512000,512000,510000,,,
23183133616-detail,23183133616,1780982077000,37.94350689277053,23.621631413698196,14.399999618530273,,117,1.781999945640564,77,838.280029296875,513000,513000,511000,,,
23183133616-detail,23183133616,1780982078000,37.94349415227771,23.62163552083075,14.399999618530273,,117,1.781999945640564,78,839.739990234375,514000,514000,512000,,,
23183133616-detail,23183133616,1780982079000,37.94348342344165,23.621636861935258,14.399999618530273,,117,1.781999945640564,79,840.9299926757812,515000,515000,513000,,,
23183133616-detail,23183133616,1780982080000,37.94347328133881,23.621628982946277,14.399999618530273,,118,1.7730000019073486,79,842.260009765625,516000,516000,514000,,,
23183133616-detail,23183133616,1780982081000,37.94346590526402,23.621613392606378,14.399999618530273,,118,1.7730000019073486,79,843.8499755859375,517000,517000,515000,,,
23183133616-detail,23183133616,1780982082000,37.943464647978544,23.621598472818732,14.399999618530273,,118,1.7640000581741333,79,845.1699829101562,518000,518000,516000,,,
23183133616-detail,23183133616,1780982083000,37.943468084558845,23.621578607708216,14.399999618530273,,119,1.7640000581741333,79,846.9500122070312,519000,519000,517000,,,
23183133616-detail,23183133616,1780982084000,37.943479064852,23.621559999883175,14.600000381469727,,118,1.7640000581741333,78,848.97998046875,520000,520000,518000,,,
23183133616-detail,23183133616,1780982085000,37.943488620221615,23.62153921276331,14.600000381469727,,118,1.7640000581741333,78,851.0800170898438,521000,521000,519000,,,
23183133616-detail,23183133616,1780982086000,37.94349976815283,23.62152060493827,14.800000190734863,,119,1.753999948501587,78,853.1300048828125,522000,522000,520000,,,
23183133616-detail,23183133616,1780982087000,37.943508150056005,23.621499566361308,15,,119,1.753999948501587,78,855.1599731445312,523000,523000,521000,,,
23183133616-detail,23183133616,1780982088000,37.943516029044986,23.621477857232094,15,,118,1.7640000581741333,78,857.25,524000,524000,522000,,,
23183133616-detail,23183133616,1780982089000,37.94352617114782,23.62145522609353,15.199999809265137,,119,1.7640000581741333,78,859.52001953125,525000,525000,523000,,,
23183133616-detail,23183133616,1780982090000,37.943535055965185,23.62143510952592,15.199999809265137,,119,1.7640000581741333,78,861.5399780273438,526000,526000,524000,,,
23183133616-detail,23183133616,1780982091000,37.94354310259223,23.621414406225085,15.399999618530273,,120,1.7730000019073486,78,863.5599975585938,527000,527000,525000,,,
23183133616-detail,23183133616,1780982092000,37.943553160876036,23.621394289657474,15.399999618530273,,121,1.7730000019073486,82,865.6400146484375,528000,528000,526000,,,
23183133616-detail,23183133616,1780982093000,37.943561878055334,23.621375262737274,15.399999618530273,,121,1.781999945640564,82,867.5700073242188,529000,529000,527000,,,
23183133616-detail,23183133616,1780982094000,37.94357193633914,23.621356822550297,15.399999618530273,,121,1.7910000085830688,82,869.530029296875,530000,530000,528000,,,
23183133616-detail,23183133616,1780982095000,37.94357721693814,23.621341651305556,15.399999618530273,,121,1.8009999990463257,82,870.97998046875,531000,531000,529000,,,
23183133616-detail,23183133616,1780982096000,37.94357445091009,23.62132430076599,15.399999618530273,,122,1.809999942779541,82,872.530029296875,532000,532000,530000,,,
23183133616-detail,23183133616,1780982097000,37.9435654822737,23.62130862660706,15.399999618530273,,122,1.819000005722046,82,874.22998046875,533000,533000,531000,,,
23183133616-detail,23183133616,1780982098000,37.94355542398989,23.621297059580684,15.399999618530273,,122,1.819000005722046,82,875.739990234375,534000,534000,532000,,,
23183133616-detail,23183133616,1780982099000,37.94354603625834,23.621287252753973,15.399999618530273,,123,1.819000005722046,82,877.0800170898438,535000,535000,533000,,,
23183133616-detail,23183133616,1780982100000,37.94353631325066,23.621282894164324,15.199999809265137,,124,1.819000005722046,82,878.219970703125,536000,536000,534000,,,
23183133616-detail,23183133616,1780982101000,37.94352893717587,23.62128607928753,15.199999809265137,,124,1.819000005722046,82,879.0800170898438,537000,537000,535000,,,
23183133616-detail,23183133616,1780982102000,37.943522902205586,23.621297143399715,15.199999809265137,,125,1.819000005722046,82,880.260009765625,538000,538000,536000,,,
23183133616-detail,23183133616,1780982103000,37.94351485557854,23.621312314644456,15.199999809265137,,126,1.819000005722046,81,881.8599853515625,539000,539000,537000,,,
23183133616-detail,23183133616,1780982104000,37.9435068089515,23.621323546394706,15.199999809265137,,127,1.809999942779541,81,883.1699829101562,540000,540000,538000,,,
23183133616-detail,23183133616,1780982105000,37.94349926523864,23.62132178619504,15.199999809265137,,127,1.8009999990463257,76,884,541000,541000,539000,,,
23183133616-detail,23183133616,1780982106000,37.94349817559123,23.62131197936833,15.199999809265137,,128,1.781999945640564,74,884.8499755859375,542000,542000,540000,,,
23183133616-detail,23183133616,1780982107000,37.94350362382829,23.621297646313906,15.199999809265137,,128,1.7259999513626099,74,886.1699829101562,543000,543000,541000,,,
23183133616-detail,23183133616,1780982108000,37.943507730960846,23.621274763718247,15.199999809265137,,128,1.6610000133514404,74,888.010009765625,544000,544000,542000,,,
23183133616-detail,23183133616,1780982109000,37.94351586140692,23.621258670464158,15.199999809265137,,128,1.6139999628067017,78,889.6900024414062,545000,545000,543000,,,
23183133616-detail,23183133616,1780982110000,37.943518459796906,23.621251042932272,15.199999809265137,,128,1.5959999561309814,78,890.4199829101562,546000,546000,544000,,,
23183133616-detail,23183133616,1780982111000,37.94351904653013,23.621247690171003,15.199999809265137,,128,1.5210000276565552,78,890.7100219726562,547000,547000,545000,,,
23183133616-detail,23183133616,1780982112000,37.94351787306368,23.621245846152306,15.199999809265137,,128,1.2690000534057617,78,890.8900146484375,548000,548000,546000,,,
23183133616-detail,23183133616,1780982113000,37.94351619668305,23.62124358303845,15.199999809265137,,128,1.1009999513626099,0,891.1599731445312,549000,549000,547000,,,
23183133616-detail,23183133616,1780982115000,37.94352047145367,23.621238637715578,15.199999809265137,,127,0,0,891.8099975585938,551000,551000,547000,,,
23183133616-detail,23183133616,1780982116000,37.94352357275784,23.621238553896546,15.199999809265137,,127,0,75,892.1199951171875,552000,552000,547000,,,
23183133616-detail,23183133616,1780982117000,37.943522399291396,23.621243834495544,15.199999809265137,,128,0.597000002861023,75,892.5999755859375,553000,553000,548000,,,
23183133616-detail,23183133616,1780982118000,37.94352097436786,23.62125330604613,15.199999809265137,,128,0.597000002861023,0,893.4400024414062,554000,554000,549000,,,
23183133616-detail,23183133616,1780982119000,37.94351636432111,23.621265208348632,15.199999809265137,,128,0.2800000011920929,0,894.5900268554688,555000,555000,549000,,,
23183133616-detail,23183133616,1780982120000,37.943511083722115,23.621279457584023,15.199999809265137,,127,0.2800000011920929,0,895.9600219726562,556000,556000,549000,,,
23183133616-detail,23183133616,1780982121000,37.94350454583764,23.621294293552637,15.199999809265137,,127,0.5230000019073486,0,897.4400024414062,557000,557000,550000,,,
23183133616-detail,23183133616,1780982122000,37.94349675066769,23.621303346008062,15.199999809265137,,127,0.7929999828338623,0,898.5800170898438,558000,558000,551000,,,
23183133616-detail,23183133616,1780982123000,37.94349147006869,23.621303513646126,15.199999809265137,,126,0.9890000224113464,75,899.1300048828125,559000,559000,552000,,,
23183133616-detail,23183133616,1780982124000,37.94348987750709,23.621295550838113,15.199999809265137,,126,1.1100000143051147,75,899.8200073242188,560000,560000,553000,,,
23183133616-detail,23183133616,1780982125000,37.94349130243063,23.621286498382688,15.199999809265137,,126,1.1660000085830688,75,900.6099853515625,561000,561000,554000,,,
23183133616-detail,23183133616,1780982126000,37.943495912477374,23.621278116479516,15.199999809265137,,126,1.2039999961853027,78,901.5,562000,562000,555000,,,
23183133616-detail,23183133616,1780982127000,37.94350412674248,23.62126847729087,15.199999809265137,,126,1.25,78,902.739990234375,563000,563000,556000,,,
23183133616-detail,23183133616,1780982128000,37.94351217336953,23.621257664635777,15.199999809265137,,126,1.277999997138977,75,904.0399780273438,564000,564000,557000,,,
23183133616-detail,23183133616,1780982129000,37.94351787306368,23.621245678514242,15.199999809265137,,126,1.2970000505447388,75,905.260009765625,565000,565000,558000,,,
23183133616-detail,23183133616,1780982130000,37.94352164492011,23.62123620696366,15.199999809265137,,126,1.305999994277954,75,906.1900024414062,566000,566000,559000,,,
23183133616-detail,23183133616,1780982131000,37.94352365657687,23.621231680735946,15.199999809265137,,126,1.305999994277954,0,906.6400146484375,567000,567000,560000,,,
23183133616-detail,23183133616,1780982132000,37.943524327129126,23.62123327329755,15.199999809265137,,125,1.2970000505447388,0,906.780029296875,568000,568000,561000,,,
23183133616-detail,23183133616,1780982133000,37.943521393463016,23.621243499219418,15.199999809265137,,124,1.25,0,907.739990234375,569000,569000,562000,,,
23183133616-detail,23183133616,1780982134000,37.94351829215884,23.621259592473507,15.199999809265137,,125,1.222000002861023,74,909.1799926757812,570000,570000,563000,,,
23183133616-detail,23183133616,1780982135000,37.9435171186924,23.62127644009888,15.199999809265137,,125,1.222000002861023,74,910.6699829101562,571000,571000,564000,,,
23183133616-detail,23183133616,1780982136000,37.94351049698889,23.621291192248464,15.199999809265137,,124,1.222000002861023,74,912.1500244140625,572000,572000,565000,,,
23183133616-detail,23183133616,1780982137000,37.94350580312312,23.62130376510322,15.199999809265137,,124,1.2319999933242798,76,913.3599853515625,573000,573000,566000,,,
23183133616-detail,23183133616,1780982138000,37.94350203126669,23.62130468711257,15.199999809265137,,124,1.2319999933242798,76,913.72998046875,574000,574000,567000,,,
23183133616-detail,23183133616,1780982139000,37.94350270181894,23.621300160884857,15.199999809265137,,121,1.2410000562667847,74,914.1099853515625,575000,575000,568000,,,
23183133616-detail,23183133616,1780982140000,37.943507144227624,23.621289934962988,15.199999809265137,,123,1.25,74,915.1300048828125,576000,576000,569000,,,
23183133616-detail,23183133616,1780982141000,37.9435099940747,23.62128172069788,15.199999809265137,,123,1.2599999904632568,74,915.9099731445312,577000,577000,570000,,,
23183133616-detail,23183133616,1780982142000,37.94350563548505,23.621275098994374,15.199999809265137,,122,1.2599999904632568,74,916.6400146484375,578000,578000,571000,,,
23183133616-detail,23183133616,1780982143000,37.94349507428706,23.62127191387117,15.199999809265137,,122,1.277999997138977,74,917.8400268554688,579000,579000,572000,,,
23183133616-detail,23183133616,1780982144000,37.943481830880046,23.621269902214408,15,,122,1.2690000534057617,0,919.3099975585938,580000,580000,573000,,,
23183133616-detail,23183133616,1780982145000,37.94346934184432,23.621260514482856,15,,122,1.277999997138977,0,920.9299926757812,581000,581000,574000,,,
23183133616-detail,23183133616,1780982146000,37.94345752336085,23.62124651670456,15,,122,1.277999997138977,0,922.719970703125,582000,582000,575000,,,
23183133616-detail,23183133616,1780982147000,37.94344863854349,23.621231010183692,15,,122,1.277999997138977,0,924.4000244140625,583000,583000,576000,,,
23183133616-detail,23183133616,1780982148000,37.94344017282128,23.621216928586364,15,,122,1.277999997138977,0,925.9500122070312,584000,584000,577000,,,
23183133616-detail,23183133616,1780982149000,37.943428521975875,23.62120653502643,14.800000190734863,,121,1.2879999876022339,0,927.530029296875,585000,585000,578000,,,
23183133616-detail,23183133616,1780982150000,37.94341561384499,23.621201757341623,14.800000190734863,,121,1.305999994277954,79,929.030029296875,586000,586000,579000,,,
23183133616-detail,23183133616,1780982151000,37.94340337626636,23.621199410408735,14.800000190734863,,121,1.3250000476837158,79,930.3900146484375,587000,587000,580000,,,
23183133616-detail,23183133616,1780982152000,37.94338870793581,23.62119664438069,14.800000190734863,,121,1.3530000448226929,79,932.0399780273438,588000,588000,581000,,,
23183133616-detail,23183133616,1780982153000,37.94337303377688,23.621197398751974,14.600000381469727,,121,1.371999979019165,78,933.780029296875,589000,589000,582000,,,
23183133616-detail,23183133616,1780982154000,37.94335727579892,23.62119873985648,14.600000381469727,,121,1.3899999856948853,78,935.530029296875,590000,590000,583000,,,
23183133616-detail,23183133616,1780982155000,37.943341098725796,23.62119723111391,14.600000381469727,,121,1.399999976158142,78,937.3300170898438,591000,591000,584000,,,
23183133616-detail,23183133616,1780982156000,37.94332517310977,23.621197566390038,14.600000381469727,,121,1.409000039100647,78,939.0999755859375,592000,592000,585000,,,
23183133616-detail,23183133616,1780982157000,37.943312181159854,23.621198404580355,14.399999618530273,,121,1.4279999732971191,77,940.5399780273438,593000,593000,586000,,,
23183133616-detail,23183133616,1780982158000,37.94329877011478,23.621200500056148,14.399999618530273,,121,1.437000036239624,77,942.0399780273438,594000,594000,587000,,,
23183133616-detail,23183133616,1780982159000,37.94328426942229,23.621201841160655,14.399999618530273,,121,1.4459999799728394,77,943.6500244140625,595000,595000,588000,,,
23183133616-detail,23183133616,1780982160000,37.9432700201869,23.621203433722258,14.399999618530273,,121,1.4559999704360962,77,945.22998046875,596000,596000,589000,,,
23183133616-detail,23183133616,1780982161000,37.94325769878924,23.621205110102892,14.199999809265137,,121,1.465000033378601,77,946.5999755859375,597000,597000,590000,,,
23183133616-detail,23183133616,1780982162000,37.9432425275445,23.621207205578685,14.199999809265137,,121,1.4739999771118164,77,948.2899780273438,598000,598000,591000,,,
23183133616-detail,23183133616,1780982163000,37.943225679919124,23.62121080979705,14.199999809265137,,121,1.4839999675750732,76,950.1799926757812,599000,599000,592000,,,
23183133616-detail,23183133616,1780982164000,37.94321184977889,23.62121282145381,14.199999809265137,,121,1.4930000305175781,76,951.719970703125,600000,600000,593000,,,
23183133616-detail,23183133616,1780982165000,37.94319827109575,23.621215922757983,14,,121,1.5019999742507935,76,953.25,601000,601000,594000,,,
23183133616-detail,23183133616,1780982166000,37.94318150728941,23.62122011370957,14,,121,1.5019999742507935,78,955.1400146484375,602000,602000,595000,,,
23183133616-detail,23183133616,1780982167000,37.9431664198637,23.62122262828052,14,,121,1.5210000276565552,78,956.8300170898438,603000,603000,596000,,,
23183133616-detail,23183133616,1780982168000,37.94315367937088,23.621225394308567,14,,121,1.5299999713897705,78,958.260009765625,604000,604000,597000,,,
23183133616-detail,23183133616,1780982169000,37.943140184506774,23.62122950144112,13.800000190734863,,121,1.5299999713897705,78,959.7999877929688,605000,605000,598000,,,
23183133616-detail,23183133616,1780982170000,37.94312526471913,23.621236123144627,13.800000190734863,,121,1.5490000247955322,77,961.5499877929688,606000,606000,599000,,,
23183133616-detail,23183133616,1780982171000,37.943110847845674,23.621244253590703,13.800000190734863,,121,1.5579999685287476,77,963.3099975585938,607000,607000,600000,,,
23183133616-detail,23183133616,1780982172000,37.9430974368006,23.621251545846462,13.800000190734863,,121,1.5579999685287476,77,964.9299926757812,608000,608000,601000,,,
23183133616-detail,23183133616,1780982173000,37.943083103746176,23.621261017397046,13.600000381469727,,121,1.5679999589920044,78,966.719970703125,609000,609000,602000,,,
23183133616-detail,23183133616,1780982174000,37.94307053089142,23.621270824223757,13.600000381469727,,121,1.5770000219345093,78,968.3599853515625,610000,610000,603000,,,
23183133616-detail,23183133616,1780982175000,37.943056700751185,23.62128172069788,13.600000381469727,,121,1.5770000219345093,78,970.1699829101562,611000,611000,604000,,,
23183133616-detail,23183133616,1780982176000,37.943044463172555,23.62129094079137,13.600000381469727,,121,1.5859999656677246,78,971.75,612000,612000,605000,,,
23183133616-detail,23183133616,1780982177000,37.94303147122264,23.62129890359938,13.399999618530273,,120,1.5959999561309814,78,973.3499755859375,613000,613000,606000,,,
23183133616-detail,23183133616,1780982178000,37.94301914982498,23.621307285502553,13.199999809265137,,121,1.5959999561309814,78,974.9000244140625,614000,614000,607000,,,
23183133616-detail,23183133616,1780982179000,37.94300565496087,23.621315667405725,13.199999809265137,,121,1.6050000190734863,78,976.5700073242188,615000,615000,608000,,,
23183133616-detail,23183133616,1780982180000,37.94299241155386,23.6213272344321,13,,121,1.6050000190734863,77,978.3400268554688,616000,616000,609000,,,
23183133616-detail,23183133616,1780982181000,37.94297908432782,23.621338214725256,12.800000190734863,,122,1.6050000190734863,77,980.1099853515625,617000,617000,610000,,,
23183133616-detail,23183133616,1780982182000,37.94296734966338,23.621349278837442,12.800000190734863,,123,1.6139999628067017,77,981.72998046875,618000,618000,611000,,,
23183133616-detail,23183133616,1780982183000,37.942954609170556,23.621360175311565,12.600000381469727,,123,1.6139999628067017,77,983.4400024414062,619000,619000,612000,,,
23183133616-detail,23183133616,1780982184000,37.94294153340161,23.6213687248528,12.399999618530273,,124,1.6139999628067017,77,985.0700073242188,620000,620000,613000,,,
23183133616-detail,23183133616,1780982185000,37.942926697432995,23.621378783136606,12.399999618530273,,124,1.6239999532699585,76,986.9400024414062,621000,621000,614000,,,
23183133616-detail,23183133616,1780982186000,37.94291370548308,23.621387081220746,12.199999809265137,,124,1.6239999532699585,76,988.5499877929688,622000,622000,615000,,,
23183133616-detail,23183133616,1780982187000,37.942900797352195,23.621394960209727,12,,124,1.6239999532699585,75,990.1500244140625,623000,623000,616000,,,
23183133616-detail,23183133616,1780982188000,37.94288897886872,23.621402587741613,12,,124,1.6239999532699585,75,991.6199951171875,624000,624000,617000,,,
23183133616-detail,23183133616,1780982189000,37.94287908822298,23.621411891654134,11.800000190734863,,124,1.6330000162124634,75,992.97998046875,625000,625000,618000,,,
23183133616-detail,23183133616,1780982190000,37.942865677177906,23.621424296870828,11.399999618530273,,124,1.6330000162124634,75,994.8300170898438,626000,626000,619000,,,
23183133616-detail,23183133616,1780982191000,37.94285503216088,23.621434355154634,11.199999809265137,,124,1.6330000162124634,76,996.2999877929688,627000,627000,620000,,,
23183133616-detail,23183133616,1780982192000,37.94284329749644,23.62144583836198,11,,124,1.6330000162124634,76,997.9299926757812,628000,628000,621000,,,
23183133616-detail,23183133616,1780982193000,37.94283206574619,23.6214551422745,10.800000190734863,,125,1.6330000162124634,79,999.4299926757812,629000,629000,622000,,,
23183133616-detail,23183133616,1780982194000,37.94281689450145,23.62146494910121,10.600000381469727,,125,1.6330000162124634,79,1001.3200073242188,630000,630000,623000,,,
23183133616-detail,23183133616,1780982195000,37.942805578932166,23.621471654623747,10.399999618530273,,125,1.6419999599456787,78,1002.7100219726562,631000,631000,624000,,,
23183133616-detail,23183133616,1780982196000,37.94279208406806,23.621480371803045,10.199999809265137,,126,1.6519999504089355,77,1004.3800048828125,632000,632000,625000,,,
23183133616-detail,23183133616,1780982197000,37.9427795112133,23.62149143591523,10,,126,1.6519999504089355,77,1006.0900268554688,633000,633000,626000,,,
23183133616-detail,23183133616,1780982198000,37.9427657648921,23.621500991284847,9.800000190734863,,127,1.6519999504089355,75,1007.8300170898438,634000,634000,627000,,,
23183133616-detail,23183133616,1780982199000,37.9427520185709,23.62151088193059,9.600000381469727,,127,1.6610000133514404,75,1009.5800170898438,635000,635000,628000,,,
23183133616-detail,23183133616,1780982200000,37.94273525476456,23.621523790061474,9.199999809265137,,127,1.6610000133514404,75,1011.760009765625,636000,636000,629000,,,
23183133616-detail,23183133616,1780982201000,37.94272075407207,23.621529741212726,9,,127,1.6699999570846558,75,1013.4500122070312,637000,637000,630000,,,
23183133616-detail,23183133616,1780982202000,37.94271002523601,23.621531752869487,8.800000190734863,,126,1.6699999570846558,75,1014.6500244140625,638000,638000,631000,,,
23183133616-detail,23183133616,1780982203000,37.94270466081798,23.621528232470155,8.800000190734863,,130,1.6699999570846558,75,1015.3200073242188,639000,639000,632000,,,
23183133616-detail,23183133616,1780982204000,37.94270038604736,23.621521275490522,8.800000190734863,,129,1.6419999599456787,77,1016.0800170898438,640000,640000,633000,,,
23183133616-detail,23183133616,1780982205000,37.94269233942032,23.621511636301875,8.600000381469727,,129,1.6239999532699585,77,1017.3099975585938,641000,641000,634000,,,
23183133616-detail,23183133616,1780982206000,37.942679431289434,23.621501913294196,8.600000381469727,,129,1.6050000190734863,77,1018.969970703125,642000,642000,635000,,,
23183133616-detail,23183133616,1780982207000,37.94266853481531,23.6214982252568,8.399999618530273,,128,1.5959999561309814,77,1020.219970703125,643000,643000,636000,,,
23183133616-detail,23183133616,1780982208000,37.942650597542524,23.621491100639105,8.199999809265137,,128,1.5959999561309814,77,1022.2999877929688,644000,644000,637000,,,
23183133616-detail,23183133616,1780982209000,37.942636515945196,23.621487161144614,8,,127,1.5959999561309814,81,1023.9000244140625,645000,645000,638000,,,
23183133616-detail,23183133616,1780982210000,37.94262503273785,23.621487328782678,7.800000190734863,,127,1.5959999561309814,81,1025.1700439453125,646000,646000,639000,,,
23183133616-detail,23183133616,1780982211000,37.94260994531214,23.621486742049456,7.800000190734863,,127,1.5959999561309814,81,1026.8599853515625,647000,647000,640000,,,
23183133616-detail,23183133616,1780982212000,37.94259217567742,23.621487077325583,7.599999904632568,,127,1.5959999561309814,81,1028.8199462890625,648000,648000,641000,,,
23183133616-detail,23183133616,1780982213000,37.94258153066039,23.62148690968752,7.599999904632568,,127,1.5959999561309814,81,1030,649000,649000,642000,,,
23183133616-detail,23183133616,1780982214000,37.94256342574954,23.62148833461106,7.599999904632568,,126,1.5959999561309814,80,1032.02001953125,650000,650000,643000,,,
23183133616-detail,23183133616,1780982215000,37.94254682958126,23.621489005163312,7.400000095367432,,126,1.5959999561309814,79,1033.8599853515625,651000,651000,644000,,,
23183133616-detail,23183133616,1780982216000,37.9425308201462,23.621491184458137,7.400000095367432,,125,1.6050000190734863,78,1035.6400146484375,652000,652000,645000,,,
23183133616-detail,23183133616,1780982217000,37.942515816539526,23.62149571068585,7.400000095367432,,125,1.6050000190734863,78,1037.3499755859375,653000,653000,646000,,,
23183133616-detail,23183133616,1780982218000,37.94249972328544,23.621498309075832,7.199999809265137,,125,1.6139999628067017,78,1039.1500244140625,654000,654000,647000,,,
23183133616-detail,23183133616,1780982219000,37.942485054954886,23.62150400876999,7.199999809265137,,125,1.6239999532699585,78,1040.8499755859375,655000,655000,648000,,,
23183133616-detail,23183133616,1780982220000,37.942470805719495,23.62150895409286,7.199999809265137,,124,1.6239999532699585,78,1042.489990234375,656000,656000,649000,,,
23183133616-detail,23183133616,1780982221000,37.94245454482734,23.62151088193059,7,,124,1.6330000162124634,78,1044.31005859375,657000,657000,650000,,,
23183133616-detail,23183133616,1780982222000,37.942438535392284,23.62151331268251,7,,123,1.6419999599456787,78,1046.0999755859375,658000,658000,651000,,,
23183133616-detail,23183133616,1780982223000,37.942423867061734,23.62151683308184,7,,123,1.6419999599456787,78,1047.75,659000,659000,652000,,,
23183133616-detail,23183133616,1780982224000,37.94240592978895,23.62152060493827,6.800000190734863,,122,1.6519999504089355,77,1049.760009765625,660000,660000,653000,,,
23183133616-detail,23183133616,1780982225000,37.942389249801636,23.621521778404713,6.800000190734863,,122,1.6610000133514404,77,1051.6199951171875,661000,661000,654000,,,
23183133616-detail,23183133616,1780982226000,37.94237441383302,23.621523706242442,6.800000190734863,,122,1.6699999570846558,77,1053.27001953125,662000,662000,655000,,,
23183133616-detail,23183133616,1780982227000,37.94235832057893,23.621524376794696,6.599999904632568,,122,1.6799999475479126,78,1055.06005859375,663000,663000,656000,,,
23183133616-detail,23183133616,1780982228000,37.94234205968678,23.621523873880506,6.599999904632568,,122,1.6890000104904175,78,1056.8699951171875,664000,664000,657000,,,
23183133616-detail,23183133616,1780982229000,37.942327642813325,23.62152353860438,6.599999904632568,,122,1.6890000104904175,78,1058.4599609375,665000,665000,658000,,,
23183133616-detail,23183133616,1780982230000,37.94231138192117,23.621522951871157,6.800000190734863,,122,1.6979999542236328,79,1060.280029296875,666000,666000,659000,,,
23183133616-detail,23183133616,1780982231000,37.94229595921934,23.621522281318903,6.800000190734863,,123,1.7079999446868896,79,1061.97998046875,667000,667000,660000,,,
23183133616-detail,23183133616,1780982232000,37.94228154234588,23.621521275490522,6.800000190734863,,123,1.7079999446868896,79,1063.5799560546875,668000,668000,661000,,,
23183133616-detail,23183133616,1780982233000,37.942267041653395,23.621521946042776,7,,124,1.7170000076293945,79,1065.18994140625,669000,669000,662000,,,
23183133616-detail,23183133616,1780982234000,37.94225019402802,23.62152169458568,7,,124,1.7170000076293945,78,1067.06005859375,670000,670000,663000,,,
23183133616-detail,23183133616,1780982235000,37.94223326258361,23.62151817418635,7,,124,1.7259999513626099,78,1068.9599609375,671000,671000,664000,,,
23183133616-detail,23183133616,1780982236000,37.94221884571016,23.62151876091957,7.199999809265137,,124,1.7359999418258667,78,1070.56005859375,672000,672000,665000,,,
23183133616-detail,23183133616,1780982237000,37.942203003913164,23.621518509462476,7.199999809265137,,125,1.7359999418258667,78,1072.300048828125,673000,673000,666000,,,
23183133616-detail,23183133616,1780982238000,37.94218825176358,23.621516413986683,7.199999809265137,,125,1.7359999418258667,78,1073.9599609375,674000,674000,667000,,,
23183133616-detail,23183133616,1780982239000,37.942174673080444,23.62151574343443,7.199999809265137,,125,1.7359999418258667,78,1075.4599609375,675000,675000,668000,,,
23183133616-detail,23183133616,1780982240000,37.94216226786375,23.621515156701207,7.400000095367432,,125,1.7359999418258667,77,1076.8399658203125,676000,676000,669000,,,
23183133616-detail,23183133616,1780982241000,37.94214709661901,23.6215138155967,7.400000095367432,,125,1.7359999418258667,77,1078.52001953125,677000,677000,670000,,,
23183133616-detail,23183133616,1780982242000,37.942132679745555,23.621510546654463,7.400000095367432,,125,1.7359999418258667,77,1080.1300048828125,678000,678000,671000,,,
23183133616-detail,23183133616,1780982243000,37.94211834669113,23.62151230685413,7.400000095367432,,124,1.7359999418258667,77,1081.72998046875,679000,679000,672000,,,
23183133616-detail,23183133616,1780982244000,37.94210216961801,23.621513145044446,7.599999904632568,,124,1.7359999418258667,76,1083.530029296875,680000,680000,673000,,,
23183133616-detail,23183133616,1780982245000,37.94208993203938,23.62151280976832,7.599999904632568,,124,1.7359999418258667,76,1084.8900146484375,681000,681000,674000,,,
23183133616-detail,23183133616,1780982246000,37.94207274913788,23.621512558311224,7.599999904632568,,124,1.7359999418258667,75,1086.7900390625,682000,682000,675000,,,
23183133616-detail,23183133616,1780982247000,37.9420611821115,23.62151331268251,7.599999904632568,,123,1.7359999418258667,76,1088.0799560546875,683000,683000,676000,,,
23183133616-detail,23183133616,1780982248000,37.94204751960933,23.62151188775897,7.599999904632568,,122,1.7359999418258667,77,1089.5899658203125,684000,684000,677000,,,
23183133616-detail,23183133616,1780982249000,37.94203318655491,23.621510295197368,7.599999904632568,,122,1.7359999418258667,77,1091.1800537109375,685000,685000,678000,,,
23183133616-detail,23183133616,1780982250000,37.94201550073922,23.62150845117867,7.599999904632568,,123,1.7359999418258667,76,1093.1500244140625,686000,686000,679000,,,
23183133616-detail,23183133616,1780982252000,37.94198867864907,23.62150015309453,7.800000190734863,,122,1.7359999418258667,76,1096.239990234375,688000,688000,681000,,,
23183133616-detail,23183133616,1780982253000,37.941975770518184,23.62149386666715,7.800000190734863,,122,1.7259999513626099,76,1097.780029296875,689000,689000,682000,,,
23183133616-detail,23183133616,1780982254000,37.94196437112987,23.621492944657803,7.800000190734863,,122,1.7259999513626099,76,1099.0400390625,690000,690000,683000,,,
23183133616-detail,23183133616,1780982255000,37.94195020571351,23.62149579450488,7.800000190734863,,123,1.7170000076293945,76,1100.6199951171875,691000,691000,684000,,,
23183133616-detail,23183133616,1780982256000,37.94193469919264,23.62149864435196,7.800000190734863,,123,1.7170000076293945,76,1102.3599853515625,692000,692000,685000,,,
23183133616-detail,23183133616,1780982257000,37.941922545433044,23.621499985456467,7.800000190734863,,122,1.7079999446868896,76,1103.7099609375,693000,693000,686000,,,
23183133616-detail,23183133616,1780982258000,37.94190871529281,23.621500823646784,7.800000190734863,,121,1.7079999446868896,76,1105.25,694000,694000,687000,,,
23183133616-detail,23183133616,1780982259000,37.941893711686134,23.621504176408052,7.800000190734863,,121,1.7079999446868896,76,1106.9300537109375,695000,695000,688000,,,
23183133616-detail,23183133616,1780982260000,37.941879546269774,23.62150987610221,7.599999904632568,,121,1.6979999542236328,76,1108.5799560546875,696000,696000,689000,,,
23183133616-detail,23183133616,1780982261000,37.94186630286276,23.621513983234763,7.599999904632568,,120,1.6979999542236328,76,1110.0899658203125,697000,697000,690000,,,
23183133616-detail,23183133616,1780982262000,37.94185305945575,23.621517587453127,7.599999904632568,,120,1.6890000104904175,76,1111.5899658203125,698000,698000,691000,,,
23183133616-detail,23183133616,1780982263000,37.941838474944234,23.62152311950922,7.400000095367432,,120,1.6890000104904175,76,1113.27001953125,699000,699000,692000,,,
23183133616-detail,23183133616,1780982264000,37.94182590208948,23.621526891365647,7.400000095367432,,120,1.6799999475479126,76,1114.68994140625,700000,700000,693000,,,
23183133616-detail,23183133616,1780982265000,37.94181223958731,23.621532088145614,7.199999809265137,,119,1.6799999475479126,76,1116.260009765625,701000,701000,694000,,,
23183133616-detail,23183133616,1780982266000,37.94179782271385,23.62153728492558,7.199999809265137,,120,1.6699999570846558,76,1117.9100341796875,702000,702000,695000,,,
23183133616-detail,23183133616,1780982267000,37.94178583659232,23.621543403714895,7,,120,1.6699999570846558,75,1119.3299560546875,703000,703000,696000,,,
23183133616-detail,23183133616,1780982268000,37.94177133589983,23.621552539989352,6.599999904632568,,120,1.6699999570846558,75,1121.1300048828125,704000,704000,697000,,,
23183133616-detail,23183133616,1780982269000,37.94175993651152,23.621560921892524,6.199999809265137,,120,1.6610000133514404,75,1122.5899658203125,705000,705000,698000,,,
23183133616-detail,23183133616,1780982270000,37.94174971058965,23.621566453948617,5.800000190734863,,121,1.6610000133514404,76,1123.8199462890625,706000,706000,699000,,,
23183133616-detail,23183133616,1780982271000,37.94173747301102,23.621571818366647,5.400000095367432,,121,1.6519999504089355,76,1125.260009765625,707000,707000,700000,,,
23183133616-detail,23183133616,1780982272000,37.94172783382237,23.621574752032757,5.199999809265137,,120,1.6519999504089355,75,1126.3599853515625,708000,708000,701000,,,
23183133616-detail,23183133616,1780982273000,37.94171626679599,23.62157056108117,4.800000190734863,,120,1.6419999599456787,74,1127.68994140625,709000,709000,702000,,,
23183133616-detail,23183133616,1780982274000,37.94171039946377,23.621556982398033,4.800000190734863,,120,1.6419999599456787,74,1129.050048828125,710000,710000,703000,,,
23183133616-detail,23183133616,1780982275000,37.94170687906444,23.621538626030087,4.800000190734863,,120,1.6330000162124634,73,1130.699951171875,711000,711000,704000,,,
23183133616-detail,23183133616,1780982276000,37.94170578941703,23.621518509462476,5,,120,1.6330000162124634,73,1132.469970703125,712000,712000,705000,,,
23183133616-detail,23183133616,1780982277000,37.941708052530885,23.621500404551625,5,,120,1.6239999532699585,73,1134.0799560546875,713000,713000,706000,,,
23183133616-detail,23183133616,1780982278000,37.94171065092087,23.621483640745282,5.199999809265137,,120,1.6239999532699585,73,1135.5799560546875,714000,714000,707000,,,
23183133616-detail,23183133616,1780982279000,37.94171333312988,23.621472576633096,5.400000095367432,,120,1.6139999628067017,73,1136.5999755859375,715000,715000,708000,,,
23183133616-detail,23183133616,1780982280000,37.94171744026244,23.621454387903214,5.800000190734863,,120,1.6139999628067017,73,1138.260009765625,716000,716000,709000,,,
23183133616-detail,23183133616,1780982281000,37.94172205030918,23.62143963575363,6,,120,1.6050000190734863,77,1139.6400146484375,717000,717000,710000,,,
23183133616-detail,23183133616,1780982282000,37.941730516031384,23.6214205250144,6.400000095367432,,120,1.6050000190734863,77,1141.56005859375,718000,718000,711000,,,
23183133616-detail,23183133616,1780982283000,37.94174241833389,23.62140870653093,6.599999904632568,,120,1.5959999561309814,76,1143.25,719000,719000,712000,,,
23183133616-detail,23183133616,1780982284000,37.94175532646477,23.621399654075503,7,,120,1.5959999561309814,76,1144.8800048828125,720000,720000,713000,,,
23183133616-detail,23183133616,1780982285000,37.94176789931953,23.621394457295537,7.400000095367432,,120,1.5959999561309814,76,1146.3499755859375,721000,721000,714000,,,
23183133616-detail,23183133616,1780982286000,37.941776029765606,23.621391858905554,7.599999904632568,,120,1.5959999561309814,76,1147.280029296875,722000,722000,715000,,,
23183133616-detail,23183133616,1780982287000,37.941786255687475,23.621378280222416,8,,120,1.5859999656677246,76,1148.9300537109375,723000,723000,716000,,,
23183133616-detail,23183133616,1780982288000,37.94178985990584,23.621358331292868,8.199999809265137,,120,1.5770000219345093,76,1150.7099609375,724000,724000,717000,,,
23183133616-detail,23183133616,1780982289000,37.94179103337228,23.621342070400715,8.199999809265137,,120,1.5770000219345093,78,1152.1500244140625,725000,725000,718000,,,
23183133616-detail,23183133616,1780982290000,37.94179178774357,23.621315583586693,8.399999618530273,,120,1.5770000219345093,78,1154.469970703125,726000,726000,719000,,,
23183133616-detail,23183133616,1780982291000,37.941790195181966,23.62129395827651,8.399999618530273,,120,1.5859999656677246,78,1156.3599853515625,727000,727000,720000,,,
23183133616-detail,23183133616,1780982292000,37.94178692623973,23.62127300351858,8.399999618530273,,120,1.5859999656677246,78,1158.25,728000,728000,721000,,,
23183133616-detail,23183133616,1780982293000,37.94178508222103,23.621258586645126,8.399999618530273,,121,1.5859999656677246,78,1159.52001953125,729000,729000,722000,,,
23183133616-detail,23183133616,1780982294000,37.941780891269445,23.621240984648466,8.399999618530273,,122,1.5859999656677246,78,1161.1300048828125,730000,730000,723000,,,
23183133616-detail,23183133616,1780982295000,37.94177720323205,23.621231513097882,8.199999809265137,,122,1.5859999656677246,79,1162.06005859375,731000,731000,724000,,,
23183133616-detail,23183133616,1780982296000,37.94176630675793,23.621219862252474,8,,123,1.5770000219345093,79,1163.6400146484375,732000,732000,725000,,,
23183133616-detail,23183133616,1780982297000,37.94175289571285,23.62121139653027,7.599999904632568,,124,1.5770000219345093,79,1165.300048828125,733000,733000,726000,,,
23183133616-detail,23183133616,1780982298000,37.9417419154197,23.62121080979705,7.199999809265137,,124,1.5770000219345093,78,1166.510009765625,734000,734000,727000,,,
23183133616-detail,23183133616,1780982299000,37.941731018945575,23.62121240235865,6.800000190734863,,124,1.5679999589920044,78,1167.6800537109375,735000,735000,728000,,,
23183133616-detail,23183133616,1780982300000,37.94171693734825,23.62120888195932,6.400000095367432,,124,1.5679999589920044,78,1169.280029296875,736000,736000,729000,,,
23183133616-detail,23183133616,1780982301000,37.94169958680868,23.621211983263493,5.800000190734863,,124,1.5579999685287476,78,1171.1700439453125,737000,737000,730000,,,
23183133616-detail,23183133616,1780982302000,37.94168391264975,23.621211731806397,5.400000095367432,,124,1.5579999685287476,78,1172.9100341796875,738000,738000,731000,,,
23183133616-detail,23183133616,1780982303000,37.94166874140501,23.621206870302558,4.800000190734863,,124,1.5579999685287476,78,1174.6300048828125,739000,739000,732000,,,
23183133616-detail,23183133616,1780982304000,37.94165558181703,23.62120502628386,4.400000095367432,,125,1.5579999685287476,78,1176.1099853515625,740000,740000,733000,,,
23183133616-detail,23183133616,1780982305000,37.941644517704844,23.621206115931273,4,,125,1.5579999685287476,78,1177.3199462890625,741000,741000,734000,,,
23183133616-detail,23183133616,1780982306000,37.94162825681269,23.62120594829321,3.5999999046325684,,125,1.5579999685287476,78,1179.0899658203125,742000,742000,735000,,,
23183133616-detail,23183133616,1780982307000,37.941613253206015,23.621204188093543,3,,124,1.5579999685287476,78,1180.760009765625,743000,743000,736000,,,
23183133616-detail,23183133616,1780982308000,37.94159892015159,23.621203433722258,2.5999999046325684,,124,1.5679999589920044,78,1182.3399658203125,744000,744000,737000,,,
23183133616-detail,23183133616,1780982309000,37.94158726930618,23.621202846989036,2.200000047683716,,125,1.5679999589920044,78,1183.6300048828125,745000,745000,738000,,,
23183133616-detail,23183133616,1780982310000,37.94157536700368,23.6212030146271,1.7999999523162842,,125,1.5679999589920044,77,1184.93994140625,746000,746000,739000,,,
23183133616-detail,23183133616,1780982311000,37.94156086631119,23.621203182265162,1.399999976158142,,125,1.5770000219345093,78,1186.56005859375,747000,747000,740000,,,
23183133616-detail,23183133616,1780982312000,37.941547371447086,23.621202763170004,1,,125,1.5770000219345093,78,1188.050048828125,748000,748000,741000,,,
23183133616-detail,23183133616,1780982313000,37.941534044221044,23.62120259553194,0.6000000238418579,,125,1.5770000219345093,78,1189.530029296875,749000,749000,742000,,,
23183133616-detail,23183133616,1780982314000,37.94151811860502,23.621203182265162,0.20000000298023224,,125,1.5770000219345093,79,1191.300048828125,750000,750000,743000,,,
23183133616-detail,23183133616,1780982315000,37.941505294293165,23.621202930808067,0,,125,1.5770000219345093,79,1192.719970703125,751000,751000,744000,,,
23183133616-detail,23183133616,1780982316000,37.941494062542915,23.621200416237116,0,,126,1.5770000219345093,78,1193.969970703125,752000,752000,745000,,,
23183133616-detail,23183133616,1780982317000,37.9414741974324,23.621198069304228,0,,126,1.5679999589920044,78,1196.1800537109375,753000,753000,746000,,,
23183133616-detail,23183133616,1780982318000,37.94145952910185,23.621194884181023,0,,126,1.5679999589920044,78,1197.8199462890625,754000,754000,747000,,,
23183133616-detail,23183133616,1780982319000,37.94144435785711,23.621196309104562,0,,127,1.5679999589920044,78,1199.5,755000,755000,748000,,,
23183133616-detail,23183133616,1780982320000,37.94142633676529,23.621193543076515,0,,127,1.5770000219345093,78,1201.52001953125,756000,756000,749000,,,
23183133616-detail,23183133616,1780982321000,37.9414152726531,23.62118985503912,0,,127,1.5770000219345093,78,1202.7900390625,757000,757000,750000,,,
23183133616-detail,23183133616,1780982322000,37.94140093959868,23.621188597753644,0,,127,1.5770000219345093,78,1204.3800048828125,758000,758000,751000,,,
23183133616-detail,23183133616,1780982323000,37.94138400815427,23.621187089011073,0,,127,1.5770000219345093,78,1206.260009765625,759000,759000,752000,,,
23183133616-detail,23183133616,1780982324000,37.94137311168015,23.621187591925263,0,,128,1.5770000219345093,78,1207.469970703125,760000,760000,753000,,,
23183133616-detail,23183133616,1780982325000,37.94135978445411,23.621186250820756,0,,128,1.5770000219345093,78,1208.9599609375,761000,761000,754000,,,
23183133616-detail,23183133616,1780982326000,37.94134637340903,23.621184406802058,0,,128,1.5770000219345093,77,1210.449951171875,762000,762000,755000,,,
23183133616-detail,23183133616,1780982327000,37.941332291811705,23.6211839877069,0,,128,1.5770000219345093,76,1212.010009765625,763000,763000,756000,,,
23183133616-detail,23183133616,1780982328000,37.941317204385996,23.62118499353528,0,,128,1.5770000219345093,75,1213.6400146484375,764000,764000,757000,,,
23183133616-detail,23183133616,1780982329000,37.941303458064795,23.621182395145297,0,,128,1.5770000219345093,75,1215.1800537109375,765000,765000,758000,,,
23183133616-detail,23183133616,1780982330000,37.94129038229585,23.62118348479271,0,,128,1.5770000219345093,75,1216.6199951171875,766000,766000,759000,,,
23183133616-detail,23183133616,1780982331000,37.94127529487014,23.621180215850472,0,,128,1.5770000219345093,75,1218.3199462890625,767000,767000,760000,,,
23183133616-detail,23183133616,1780982332000,37.94126087799668,23.62117770127952,0,,127,1.5770000219345093,75,1219.93994140625,768000,768000,761000,,,
23183133616-detail,23183133616,1780982333000,37.94124503619969,23.621176024898887,0,,127,1.5770000219345093,76,1221.699951171875,769000,769000,762000,,,
23183133616-detail,23183133616,1780982334000,37.941232128068805,23.621172672137618,0,,127,1.5770000219345093,77,1223.1600341796875,770000,770000,763000,,,
23183133616-detail,23183133616,1780982335000,37.94122148305178,23.62116940319538,0,,127,1.5770000219345093,79,1224.3800048828125,771000,771000,764000,,,
23183133616-detail,23183133616,1780982336000,37.94120949693024,23.621159428730607,0,,126,1.5770000219345093,79,1225.93994140625,772000,772000,765000,,,
23183133616-detail,23183133616,1780982337000,37.9412011988461,23.62114585004747,0,,126,1.5859999656677246,79,1227.4000244140625,773000,773000,766000,,,
23183133616-detail,23183133616,1780982338000,37.941197929903865,23.62112740986049,0,,125,1.5859999656677246,79,1228.949951171875,774000,774000,767000,,,
23183133616-detail,23183133616,1780982339000,37.94119524769485,23.62110637128353,0,,125,1.5859999656677246,76,1230.81005859375,775000,775000,768000,,,
23183133616-detail,23183133616,1780982340000,37.9411924816668,23.62108675763011,0.4000000059604645,,124,1.5859999656677246,76,1232.56005859375,776000,776000,769000,,,
23183133616-detail,23183133616,1780982341000,37.94119122438133,23.621066054329276,0.6000000238418579,,124,1.5859999656677246,79,1234.3800048828125,777000,777000,770000,,,
23183133616-detail,23183133616,1780982342000,37.94119197875261,23.621044848114252,1,,124,1.5859999656677246,79,1236.25,778000,778000,771000,,,
23183133616-detail,23183133616,1780982343000,37.941193487495184,23.62102565355599,1.399999976158142,,124,1.5959999561309814,79,1237.93994140625,779000,779000,772000,,,
23183133616-detail,23183133616,1780982344000,37.94119516387582,23.621005285531282,1.7999999523162842,,124,1.6050000190734863,78,1239.75,780000,780000,773000,,,
23183133616-detail,23183133616,1780982345000,37.94119767844677,23.620983408764005,2.200000047683716,,124,1.6050000190734863,77,1241.6800537109375,781000,781000,774000,,,
23183133616-detail,23183133616,1780982346000,37.94119927100837,23.620962454006076,2.5999999046325684,,125,1.6139999628067017,77,1243.5400390625,782000,782000,775000,,,
23183133616-detail,23183133616,1780982347000,37.94120111502707,23.6209352966398,3.200000047683716,,126,1.6239999532699585,77,1245.9300537109375,783000,783000,776000,,,
23183133616-detail,23183133616,1780982348000,37.94120203703642,23.62091668881476,3.5999999046325684,,127,1.6239999532699585,77,1247.5699462890625,784000,784000,777000,,,
23183133616-detail,23183133616,1780982349000,37.94120002537966,23.620896823704243,3.799999952316284,,127,1.6330000162124634,77,1249.3299560546875,785000,785000,778000,,,
23183133616-detail,23183133616,1780982350000,37.94119969010353,23.62087813206017,4.199999809265137,,127,1.6419999599456787,80,1250.969970703125,786000,786000,779000,,,
23183133616-detail,23183133616,1780982351000,37.94120069593191,23.62085952423513,4.400000095367432,,126,1.6419999599456787,80,1252.5999755859375,787000,787000,780000,,,
23183133616-detail,23183133616,1780982352000,37.94120027683675,23.62084049731493,4.400000095367432,,128,1.6519999504089355,79,1254.280029296875,788000,788000,781000,,,
23183133616-detail,23183133616,1780982353000,37.941200444474816,23.620821135118604,4.400000095367432,,127,1.6519999504089355,79,1255.97998046875,789000,789000,782000,,,
23183133616-detail,23183133616,1780982354000,37.9412030428648,23.62080286256969,4.400000095367432,,128,1.6519999504089355,79,1257.6199951171875,790000,790000,783000,,,
23183133616-detail,23183133616,1780982355000,37.94120589271188,23.62078584730625,4.599999904632568,,128,1.6610000133514404,79,1259.1400146484375,791000,791000,784000,,,
23183133616-detail,23183133616,1780982356000,37.94120505452156,23.620769502595067,4.400000095367432,,128,1.6610000133514404,79,1260.5799560546875,792000,792000,785000,,,
23183133616-detail,23183133616,1780982357000,37.94120312668383,23.620747961103916,4.400000095367432,,128,1.6519999504089355,79,1262.469970703125,793000,793000,786000,,,
23183133616-detail,23183133616,1780982358000,37.94120321050286,23.62072817981243,4.400000095367432,,128,1.6519999504089355,79,1264.2099609375,794000,794000,787000,,,
23183133616-detail,23183133616,1780982359000,37.94120203703642,23.620708398520947,4.400000095367432,,129,1.6519999504089355,80,1265.949951171875,795000,795000,788000,,,
23183133616-detail,23183133616,1780982360000,37.94120103120804,23.620688365772367,4.400000095367432,,129,1.6519999504089355,80,1267.7099609375,796000,796000,789000,,,
23183133616-detail,23183133616,1780982361000,37.94120161794126,23.620669757947326,4.400000095367432,,130,1.6519999504089355,79,1269.3499755859375,797000,797000,790000,,,
23183133616-detail,23183133616,1780982362000,37.94120312668383,23.62064704298973,4.400000095367432,,130,1.6519999504089355,79,1271.3499755859375,798000,798000,791000,,,
23183133616-detail,23183133616,1780982363000,37.94120421633124,23.62063229084015,4.400000095367432,,130,1.6519999504089355,80,1272.6400146484375,799000,799000,792000,,,
23183133616-detail,23183133616,1780982364000,37.9412048868835,23.620614102110267,4.400000095367432,,130,1.6519999504089355,80,1274.25,800000,800000,793000,,,
23183133616-detail,23183133616,1780982365000,37.941204300150275,23.6205967515707,4.400000095367432,,131,1.6519999504089355,79,1275.77001953125,801000,801000,794000,,,
23183133616-detail,23183133616,1780982366000,37.94120455160737,23.62057470716536,4.400000095367432,,131,1.6519999504089355,79,1277.699951171875,802000,802000,795000,,,
23183133616-detail,23183133616,1780982367000,37.94120388105512,23.620555428788066,4.400000095367432,,131,1.6610000133514404,78,1279.4000244140625,803000,803000,796000,,,
23183133616-detail,23183133616,1780982368000,37.941204300150275,23.620536737143993,4.400000095367432,,131,1.6610000133514404,78,1281.050048828125,804000,804000,797000,,,
23183133616-detail,23183133616,1780982369000,37.94120798818767,23.62051846459508,4.400000095367432,,131,1.6610000133514404,78,1282.68994140625,805000,805000,798000,,,
23183133616-detail,23183133616,1780982370000,37.941211089491844,23.620498767122626,4.400000095367432,,131,1.6610000133514404,77,1284.449951171875,806000,806000,799000,,,
23183133616-detail,23183133616,1780982372000,37.94121343642473,23.620462054386735,4.199999809265137,,131,1.6699999570846558,78,1287.6800537109375,808000,808000,801000,,,
23183133616-detail,23183133616,1780982373000,37.94121486134827,23.620444536209106,4.199999809265137,,130,1.6699999570846558,78,1289.219970703125,809000,809000,802000,,,
23183133616-detail,23183133616,1780982374000,37.941214023157954,23.620427520945668,4.199999809265137,,130,1.6699999570846558,78,1290.719970703125,810000,810000,803000,,,
23183133616-detail,23183133616,1780982375000,37.94121419079602,23.620408913120627,4,,130,1.6699999570846558,78,1292.3599853515625,811000,811000,804000,,,
23183133616-detail,23183133616,1780982376000,37.941215028986335,23.620389215648174,4,,130,1.6699999570846558,80,1294.0899658203125,812000,812000,805000,,,
23183133616-detail,23183133616,1780982377000,37.94121628627181,23.62036901526153,4,,130,1.6699999570846558,81,1295.8599853515625,813000,813000,806000,,,
23183133616-detail,23183133616,1780982378000,37.941217543557286,23.62034705467522,3.799999952316284,,130,1.6699999570846558,81,1297.7900390625,814000,814000,807000,,,
23183133616-detail,23183133616,1780982379000,37.94122072868049,23.620327608659863,3.799999952316284,,130,1.6799999475479126,81,1299.530029296875,815000,815000,808000,,,
23183133616-detail,23183133616,1780982380000,37.941224751994014,23.620310174301267,3.799999952316284,,130,1.6799999475479126,80,1301.1199951171875,816000,816000,809000,,,
23183133616-detail,23183133616,1780982381000,37.941228272393346,23.620293410494924,3.799999952316284,,130,1.6890000104904175,80,1302.6400146484375,817000,817000,810000,,,
23183133616-detail,23183133616,1780982382000,37.94122986495495,23.62027656286955,3.799999952316284,,131,1.6890000104904175,80,1304.1300048828125,818000,818000,811000,,,
23183133616-detail,23183133616,1780982383000,37.94123204424977,23.620260804891586,3.799999952316284,,131,1.6890000104904175,81,1305.52001953125,819000,819000,812000,,,
23183133616-detail,23183133616,1780982384000,37.941232128068805,23.62024387344718,3.799999952316284,,131,1.6890000104904175,81,1306.989990234375,820000,820000,813000,,,
23183133616-detail,23183133616,1780982385000,37.94123279862106,23.620226690545678,3.5999999046325684,,131,1.6890000104904175,81,1308.5,821000,821000,814000,,,
23183133616-detail,23183133616,1780982386000,37.94122936204076,23.620209423825145,3.5999999046325684,,131,1.6890000104904175,81,1310.06005859375,822000,822000,815000,,,
23183133616-detail,23183133616,1780982387000,37.94122651219368,23.620198108255863,3.5999999046325684,,131,1.6890000104904175,80,1311.0999755859375,823000,823000,816000,,,
23183133616-detail,23183133616,1780982388000,37.94122315943241,23.6201823502779,3.4000000953674316,,131,1.6890000104904175,79,1312.5400390625,824000,824000,817000,,,
23183133616-detail,23183133616,1780982389000,37.941216789186,23.62016382627189,3.200000047683716,,131,1.6890000104904175,79,1314.31005859375,825000,825000,818000,,,
23183133616-detail,23183133616,1780982390000,37.94121419079602,23.620145553722978,3.200000047683716,,131,1.6890000104904175,79,1315.9300537109375,826000,826000,819000,,,
23183133616-detail,23183133616,1780982391000,37.941211173310876,23.62012459896505,3,,131,1.6799999475479126,79,1317.800048828125,827000,827000,820000,,,
23183133616-detail,23183133616,1780982392000,37.94120891019702,23.6201046500355,3,,132,1.6799999475479126,79,1319.5799560546875,828000,828000,821000,,,
23183133616-detail,23183133616,1780982393000,37.94120840728283,23.620085371658206,3,,130,1.6799999475479126,79,1321.280029296875,829000,829000,822000,,,
23183133616-detail,23183133616,1780982394000,37.941208155825734,23.620068188756704,2.799999952316284,,130,1.6799999475479126,81,1322.780029296875,830000,830000,823000,,,
23183133616-detail,23183133616,1780982395000,37.94120756909251,23.620051173493266,2.799999952316284,,131,1.6799999475479126,81,1324.27001953125,831000,831000,824000,,,
23183133616-detail,23183133616,1780982396000,37.94120882637799,23.62003231421113,2.799999952316284,,131,1.6799999475479126,81,1325.93994140625,832000,832000,825000,,,
23183133616-detail,23183133616,1780982397000,37.9412083234638,23.620013622567058,2.799999952316284,,131,1.6799999475479126,80,1327.5799560546875,833000,833000,826000,,,
23183133616-detail,23183133616,1780982398000,37.941210083663464,23.61999618820846,2.799999952316284,,132,1.6799999475479126,79,1329.1099853515625,834000,834000,827000,,,
23183133616-detail,23183133616,1780982399000,37.941214023157954,23.619984202086926,2.799999952316284,,132,1.6799999475479126,78,1330.219970703125,835000,835000,828000,,,
23183133616-detail,23183133616,1780982400000,37.94121737591922,23.61996534280479,3,,133,1.6799999475479126,78,1331.9200439453125,836000,836000,829000,,,
23183133616-detail,23183133616,1780982401000,37.941218968480825,23.619942124933004,3.200000047683716,,133,1.6799999475479126,78,1333.9599609375,837000,837000,830000,,,
23183133616-detail,23183133616,1780982402000,37.9412183817476,23.619923181831837,3.200000047683716,,133,1.6799999475479126,78,1335.6199951171875,838000,838000,831000,,,
23183133616-detail,23183133616,1780982403000,37.94122131541371,23.619904154911637,3.200000047683716,,133,1.6799999475479126,78,1337.3199462890625,839000,839000,832000,,,
23183133616-detail,23183133616,1780982404000,37.94122098013759,23.619886888191104,3.4000000953674316,,133,1.6799999475479126,78,1338.8299560546875,840000,840000,833000,,,
23183133616-detail,23183133616,1780982405000,37.941220896318555,23.619874147698283,3.4000000953674316,,133,1.6699999570846558,81,1339.949951171875,841000,841000,834000,,,
23183133616-detail,23183133616,1780982406000,37.94122114777565,23.619850343093276,3.4000000953674316,,134,1.6699999570846558,81,1342.0400390625,842000,842000,835000,,,
23183133616-detail,23183133616,1780982407000,37.941221399232745,23.619832154363394,3.5999999046325684,,134,1.6699999570846558,81,1343.6300048828125,843000,843000,836000,,,
23183133616-detail,23183133616,1780982408000,37.94122114777565,23.619814468547702,3.5999999046325684,,134,1.6610000133514404,79,1345.18994140625,844000,844000,837000,,,
23183133616-detail,23183133616,1780982409000,37.941223410889506,23.61979871056974,3.5999999046325684,,133,1.6610000133514404,79,1346.5799560546875,845000,845000,838000,,,
23183133616-detail,23183133616,1780982410000,37.941224835813046,23.619779851287603,3.799999952316284,,133,1.6610000133514404,79,1348.239990234375,846000,846000,839000,,,
23183133616-detail,23183133616,1780982411000,37.9412239138037,23.619761997833848,3.799999952316284,,133,1.6610000133514404,79,1349.81005859375,847000,847000,840000,,,
23183133616-detail,23183133616,1780982412000,37.94122324325144,23.619741462171078,3.799999952316284,,132,1.6610000133514404,78,1351.6199951171875,848000,848000,841000,,,
23183133616-detail,23183133616,1780982413000,37.941222907975316,23.61972008831799,4,,132,1.6610000133514404,78,1353.5,849000,849000,842000,,,
23183133616-detail,23183133616,1780982414000,37.94121955521405,23.61970206722617,4,,132,1.6610000133514404,78,1355.1199951171875,850000,850000,843000,,,
23183133616-detail,23183133616,1780982415000,37.941218968480825,23.619683207944036,4.199999809265137,,132,1.6610000133514404,78,1356.780029296875,851000,851000,844000,,,
23183133616-detail,23183133616,1780982416000,37.94121771119535,23.619663007557392,4.400000095367432,,132,1.6610000133514404,78,1358.550048828125,852000,852000,845000,,,
23183133616-detail,23183133616,1780982417000,37.941216956824064,23.619644567370415,4.400000095367432,,132,1.6610000133514404,79,1360.1700439453125,853000,853000,846000,,,
23183133616-detail,23183133616,1780982418000,37.941216956824064,23.619625456631184,4.599999904632568,,132,1.6519999504089355,79,1361.8499755859375,854000,854000,847000,,,
23183133616-detail,23183133616,1780982419000,37.94121720828116,23.619605507701635,4.800000190734863,,132,1.6519999504089355,78,1363.6099853515625,855000,855000,848000,,,
23183133616-detail,23183133616,1780982420000,37.94121720828116,23.6195866484195,4.800000190734863,,132,1.6519999504089355,78,1365.260009765625,856000,856000,849000,,,
23183133616-detail,23183133616,1780982421000,37.94121787883341,23.619567956775427,5,,132,1.6519999504089355,78,1366.9000244140625,857000,857000,850000,,,
23183133616-detail,23183133616,1780982422000,37.94121955521405,23.61954901367426,5.199999809265137,,132,1.6519999504089355,79,1368.5799560546875,858000,858000,851000,,,
23183133616-detail,23183133616,1780982423000,37.94122005812824,23.61953199841082,5.400000095367432,,132,1.6519999504089355,79,1370.0699462890625,859000,859000,852000,,,
23183133616-detail,23183133616,1780982424000,37.9412202257663,23.619518084451556,5.400000095367432,,132,1.6519999504089355,79,1371.2900390625,860000,860000,853000,,,
23183133616-detail,23183133616,1780982425000,37.94121980667114,23.619496626779437,5.599999904632568,,132,1.6519999504089355,79,1373.1700439453125,861000,861000,854000,,,
23183133616-detail,23183133616,1780982426000,37.94122014194727,23.619478857144713,5.599999904632568,,132,1.6419999599456787,79,1374.72998046875,862000,862000,855000,,,
23183133616-detail,23183133616,1780982427000,37.941220393404365,23.61946066841483,5.800000190734863,,132,1.6419999599456787,79,1376.3299560546875,863000,863000,856000,,,
23183133616-detail,23183133616,1780982428000,37.94122056104243,23.619441892951727,5.800000190734863,,133,1.6419999599456787,79,1377.989990234375,864000,864000,857000,,,
23183133616-detail,23183133616,1780982429000,37.941220477223396,23.61942638643086,6,,133,1.6419999599456787,79,1379.3499755859375,865000,865000,858000,,,
23183133616-detail,23183133616,1780982430000,37.94122030958533,23.61940727569163,6.199999809265137,,133,1.6419999599456787,79,1381.030029296875,866000,866000,859000,,,
23183133616-detail,23183133616,1780982431000,37.941221902146935,23.61938397400081,6.400000095367432,,134,1.6330000162124634,79,1383.0799560546875,867000,867000,860000,,,
23183133616-detail,23183133616,1780982432000,37.94122441671789,23.61936528235674,6.599999904632568,,134,1.6330000162124634,79,1384.75,868000,868000,861000,,,
23183133616-detail,23183133616,1780982433000,37.94122441671789,23.61934675835073,6.599999904632568,,134,1.6330000162124634,78,1386.3699951171875,869000,869000,862000,,,
23183133616-detail,23183133616,1780982434000,37.941223410889506,23.61932915635407,6.800000190734863,,134,1.6330000162124634,78,1387.9200439453125,870000,870000,863000,,,
23183133616-detail,23183133616,1780982435000,37.94122491963208,23.619312224909663,7,,134,1.6330000162124634,79,1389.4200439453125,871000,871000,864000,,,
23183133616-detail,23183133616,1780982436000,37.941227350384,23.619294790551066,7.199999809265137,,134,1.6330000162124634,79,1390.9599609375,872000,872000,865000,,,
23183133616-detail,23183133616,1780982437000,37.94122751802206,23.619278110563755,7.199999809265137,,134,1.6330000162124634,79,1392.4200439453125,873000,873000,866000,,,
23183133616-detail,23183133616,1780982438000,37.94122751802206,23.61925983801484,7.400000095367432,,134,1.6330000162124634,79,1394.030029296875,874000,874000,867000,,,
23183133616-detail,23183133616,1780982439000,37.94122701510787,23.61924114637077,7.599999904632568,,134,1.6330000162124634,79,1395.6600341796875,875000,875000,868000,,,
23183133616-detail,23183133616,1780982440000,37.94122651219368,23.619224382564425,7.599999904632568,,134,1.6239999532699585,79,1397.1400146484375,876000,876000,869000,,,
23183133616-detail,23183133616,1780982441000,37.94122567400336,23.61920644529164,7.800000190734863,,134,1.6239999532699585,79,1398.7099609375,877000,877000,870000,,,
23183133616-detail,23183133616,1780982442000,37.94122701510787,23.619187753647566,7.800000190734863,,134,1.6239999532699585,78,1400.3599853515625,878000,878000,871000,,,
23183133616-detail,23183133616,1780982443000,37.94122835621238,23.619173588231206,8,,134,1.6239999532699585,78,1401.6099853515625,879000,879000,872000,,,
23183133616-detail,23183133616,1780982444000,37.94122961349785,23.61915808171034,8,,134,1.6239999532699585,78,1402.97998046875,880000,880000,873000,,,
23183133616-detail,23183133616,1780982445000,37.94122902676463,23.61914056353271,8,,134,1.6139999628067017,78,1404.52001953125,881000,881000,874000,,,
23183133616-detail,23183133616,1780982446000,37.941229194402695,23.61911902204156,8.199999809265137,,134,1.6139999628067017,78,1406.4100341796875,882000,882000,875000,,,
23183133616-detail,23183133616,1780982447000,37.94122911058366,23.619102593511343,8.199999809265137,,134,1.6139999628067017,77,1407.8499755859375,883000,883000,876000,,,
23183133616-detail,23183133616,1780982448000,37.941229278221726,23.61908390186727,8.199999809265137,,134,1.6139999628067017,77,1409.5,884000,884000,877000,,,
23183133616-detail,23183133616,1780982449000,37.941228775307536,23.619067640975118,8.399999618530273,,134,1.6050000190734863,77,1410.9100341796875,885000,885000,878000,,,
23183133616-detail,23183133616,1780982450000,37.941229278221726,23.619053727015853,8.399999618530273,,134,1.6050000190734863,77,1412.1300048828125,886000,886000,879000,,,
23183133616-detail,23183133616,1780982451000,37.941230703145266,23.61903151497245,8.600000381469727,,134,1.6050000190734863,77,1414.0899658203125,887000,887000,880000,,,
23183133616-detail,23183133616,1780982452000,37.94123288244009,23.619013326242566,8.600000381469727,,134,1.6050000190734863,77,1415.7099609375,888000,888000,881000,,,
23183133616-detail,23183133616,1780982453000,37.94123430736363,23.618996813893318,8.800000190734863,,133,1.5959999561309814,77,1417.1600341796875,889000,889000,882000,,,
23183133616-detail,23183133616,1780982454000,37.94123472645879,23.618979547172785,8.800000190734863,,133,1.5959999561309814,77,1418.68994140625,890000,890000,883000,,,
23183133616-detail,23183133616,1780982455000,37.94123522937298,23.618961106985807,8.800000190734863,,133,1.5959999561309814,78,1420.31005859375,891000,891000,884000,,,
23183133616-detail,23183133616,1780982456000,37.94123539701104,23.618944510817528,9,,132,1.5959999561309814,78,1421.760009765625,892000,892000,885000,,,
23183133616-detail,23183133616,1780982457000,37.94123623520136,23.61892757937312,9,,132,1.5959999561309814,78,1423.260009765625,893000,893000,886000,,,
23183133616-detail,23183133616,1780982458000,37.9412374086678,23.618910061195493,9,,132,1.5859999656677246,79,1424.800048828125,894000,894000,887000,,,
23183133616-detail,23183133616,1780982459000,37.94123774394393,23.618891034275293,9,,132,1.5859999656677246,79,1426.47998046875,895000,895000,888000,,,
23183133616-detail,23183133616,1780982460000,37.941237576305866,23.618871420621872,8.800000190734863,,132,1.5859999656677246,79,1428.18994140625,896000,896000,889000,,,
23183133616-detail,23183133616,1780982461000,37.94123816303909,23.618850968778133,8.800000190734863,,132,1.5859999656677246,79,1429.989990234375,897000,897000,890000,,,
23183133616-detail,23183133616,1780982462000,37.94123841449618,23.618831438943744,8.800000190734863,,132,1.5859999656677246,79,1431.7099609375,898000,898000,891000,,,
23183133616-detail,23183133616,1780982463000,37.94123833067715,23.618811322376132,8.600000381469727,,133,1.5859999656677246,79,1433.47998046875,899000,899000,892000,,,
23183133616-detail,23183133616,1780982464000,37.94123975560069,23.618790451437235,8.600000381469727,,132,1.5859999656677246,78,1435.31005859375,900000,900000,893000,,,
23183133616-detail,23183133616,1780982465000,37.94123866595328,23.618769831955433,8.600000381469727,,132,1.5859999656677246,78,1437.1300048828125,901000,901000,894000,,,
23183133616-detail,23183133616,1780982466000,37.94123858213425,23.618754409253597,8.399999618530273,,133,1.5859999656677246,78,1438.47998046875,902000,902000,895000,,,
23183133616-detail,23183133616,1780982467000,37.941239420324564,23.618729934096336,8.399999618530273,,133,1.5959999561309814,78,1440.6400146484375,903000,903000,896000,,,
23183133616-detail,23183133616,1780982468000,37.94124067761004,23.618712835013866,8.399999618530273,,133,1.5959999561309814,78,1442.1500244140625,904000,904000,897000,,,
23183133616-detail,23183133616,1780982469000,37.9412408452481,23.618692047894,8.199999809265137,,133,1.5959999561309814,78,1443.969970703125,905000,905000,898000,,,
23183133616-detail,23183133616,1780982470000,37.94124151580036,23.618673272430897,8.199999809265137,,133,1.6050000190734863,78,1445.6199951171875,906000,906000,899000,,,
23183133616-detail,23183133616,1780982471000,37.94124201871455,23.618653574958444,8.199999809265137,,133,1.6050000190734863,78,1447.3499755859375,907000,907000,900000,,,
23183133616-detail,23183133616,1780982472000,37.941242940723896,23.6186368111521,8,,133,1.6050000190734863,78,1448.8199462890625,908000,908000,901000,,,
23183133616-detail,23183133616,1780982473000,37.941243862733245,23.61861669458449,7.400000095367432,,133,1.6050000190734863,78,1450.5899658203125,909000,909000,902000,,,
23183133616-detail,23183133616,1780982474000,37.941244365647435,23.618596326559782,6.800000190734863,,133,1.6139999628067017,78,1452.3699951171875,910000,910000,903000,,,
23183133616-detail,23183133616,1780982475000,37.9412442818284,23.618579730391502,6.400000095367432,,134,1.6139999628067017,80,1453.8299560546875,911000,911000,904000,,,
23183133616-detail,23183133616,1780982476000,37.941244365647435,23.618562715128064,5.800000190734863,,133,1.6139999628067017,80,1455.3299560546875,912000,912000,905000,,,
23183133616-detail,23183133616,1780982477000,37.941244784742594,23.618543855845928,5.199999809265137,,134,1.6139999628067017,80,1456.97998046875,913000,913000,906000,,,
23183133616-detail,23183133616,1780982478000,37.941245371475816,23.6185263376683,4.800000190734863,,134,1.6139999628067017,78,1458.52001953125,914000,914000,907000,,,
23183133616-detail,23183133616,1780982479000,37.94124620966613,23.61850831657648,4.199999809265137,,134,1.6139999628067017,78,1460.1099853515625,915000,915000,908000,,,
23183133616-detail,23183133616,1780982480000,37.941247718408704,23.618489960208535,3.799999952316284,,134,1.6139999628067017,79,1461.72998046875,916000,916000,909000,,,
23183133616-detail,23183133616,1780982481000,37.941247802227736,23.6184711009264,3.200000047683716,,134,1.6139999628067017,80,1463.3900146484375,917000,917000,910000,,,
23183133616-detail,23183133616,1780982482000,37.94124788604677,23.6184520740062,2.5999999046325684,,135,1.6139999628067017,80,1465.06005859375,918000,918000,911000,,,
23183133616-detail,23183133616,1780982483000,37.94124939478934,23.61843447200954,2.200000047683716,,136,1.6139999628067017,80,1466.6199951171875,919000,919000,912000,,,
23183133616-detail,23183133616,1780982484000,37.94125048443675,23.618420558050275,1.7999999523162842,,135,1.6139999628067017,77,1467.8399658203125,920000,920000,913000,,,
23183133616-detail,23183133616,1780982485000,37.94125040061772,23.61840077675879,1.2000000476837158,,135,1.6139999628067017,77,1469.5799560546875,921000,921000,914000,,,
23183133616-detail,23183133616,1780982486000,37.941250735893846,23.61838862299919,0.800000011920929,,135,1.6139999628067017,77,1470.6500244140625,922000,922000,915000,,,
23183133616-detail,23183133616,1780982487000,37.941251657903194,23.61837202683091,0.800000011920929,,135,1.6050000190734863,76,1472.1099853515625,923000,923000,916000,,,
23183133616-detail,23183133616,1780982488000,37.941251238808036,23.61835291609168,0.800000011920929,,135,1.6050000190734863,76,1473.7900390625,924000,924000,917000,,,
23183133616-detail,23183133616,1780982489000,37.94124889187515,23.61833087168634,0.6000000238418579,,135,1.5959999561309814,76,1475.72998046875,925000,925000,918000,,,
23183133616-detail,23183133616,1780982490000,37.941249310970306,23.618316622450948,0.6000000238418579,,135,1.5959999561309814,77,1476.97998046875,926000,926000,919000,,,
23183133616-detail,23183133616,1780982491000,37.94125006534159,23.618291644379497,0.800000011920929,,135,1.5959999561309814,77,1479.1800537109375,927000,927000,920000,,,
23183133616-detail,23183133616,1780982492000,37.9412498138845,23.618275802582502,0.6000000238418579,,135,1.5959999561309814,77,1480.5699462890625,928000,928000,921000,,,
23183133616-detail,23183133616,1780982493000,37.9412514064461,23.618253590539098,0.800000011920929,,135,1.5959999561309814,76,1482.5400390625,929000,929000,922000,,,
23183133616-detail,23183133616,1780982494000,37.94125333428383,23.618235988542438,0.800000011920929,,135,1.5959999561309814,76,1484.0899658203125,930000,930000,923000,,,
23183133616-detail,23183133616,1780982495000,37.94125190936029,23.61821746453643,0.800000011920929,,135,1.5859999656677246,76,1485.719970703125,931000,931000,924000,,,
23183133616-detail,23183133616,1780982496000,37.94125207699835,23.618197347968817,0.800000011920929,,134,1.5859999656677246,76,1487.489990234375,932000,932000,925000,,,
23183133616-detail,23183133616,1780982497000,37.94125257991254,23.61817949451506,0.800000011920929,,134,1.5959999561309814,81,1489.06005859375,933000,933000,926000,,,
23183133616-detail,23183133616,1780982498000,37.94125283136964,23.61816281452775,0.800000011920929,,134,1.5959999561309814,81,1490.52001953125,934000,934000,927000,,,
23183133616-detail,23183133616,1780982499000,37.94125241227448,23.618141440674663,0.800000011920929,,134,1.5959999561309814,78,1492.4000244140625,935000,935000,928000,,,
23183133616-detail,23183133616,1780982500000,37.941252244636416,23.61812367103994,0.800000011920929,,134,1.5959999561309814,77,1493.9599609375,936000,936000,929000,,,
23183133616-detail,23183133616,1780982501000,37.94125190936029,23.618100956082344,0.6000000238418579,,134,1.5959999561309814,77,1495.9599609375,937000,937000,930000,,,
23183133616-detail,23183133616,1780982502000,37.94125291518867,23.618082348257303,0,,134,1.5959999561309814,77,1497.5899658203125,938000,938000,931000,,,
23183133616-detail,23183133616,1780982503000,37.94125442393124,23.61806407570839,0,,134,1.5959999561309814,79,1499.199951171875,939000,939000,932000,,,
23183133616-detail,23183133616,1780982504000,37.94125442393124,23.618046641349792,0,,134,1.5959999561309814,79,1500.72998046875,940000,940000,933000,,,
23183133616-detail,23183133616,1780982505000,37.94125434011221,23.618029206991196,0,,134,1.5959999561309814,79,1502.260009765625,941000,941000,934000,,,
23183133616-detail,23183133616,1780982506000,37.94125551357865,23.618010263890028,0,,134,1.6050000190734863,79,1503.93994140625,942000,942000,935000,,,
23183133616-detail,23183133616,1780982507000,37.941254591569304,23.61799173988402,0,,134,1.6050000190734863,79,1505.5699462890625,943000,943000,936000,,,
23183133616-detail,23183133616,1780982508000,37.941254591569304,23.617974305525422,0,,135,1.6050000190734863,79,1507.0999755859375,944000,944000,937000,,,
23183133616-detail,23183133616,1780982509000,37.94125568121672,23.617956787347794,0,,135,1.5959999561309814,79,1508.6400146484375,945000,945000,938000,,,
23183133616-detail,23183133616,1780982510000,37.941256435588,23.61793859861791,0,,136,1.5959999561309814,79,1510.239990234375,946000,946000,939000,,,
23183133616-detail,23183133616,1780982511000,37.94125626794994,23.617922086268663,0,,136,1.5959999561309814,79,1511.68994140625,947000,947000,940000,,,
23183133616-detail,23183133616,1780982512000,37.94125568121672,23.61790917813778,0,,136,1.5959999561309814,78,1512.8299560546875,948000,948000,941000,,,
23183133616-detail,23183133616,1780982513000,37.94125425629318,23.61788813956082,0,,136,1.5959999561309814,78,1514.68994140625,949000,949000,942000,,,
23183133616-detail,23183133616,1780982514000,37.94125383719802,23.617870034649968,0,,136,1.5959999561309814,78,1516.27001953125,950000,950000,943000,,,
23183133616-detail,23183133616,1780982515000,37.941254675388336,23.617852181196213,0,,135,1.5959999561309814,78,1517.8499755859375,951000,951000,944000,,,
23183133616-detail,23183133616,1780982516000,37.94125685468316,23.61783449538052,0,,135,1.5859999656677246,78,1519.4100341796875,952000,952000,945000,,,
23183133616-detail,23183133616,1780982517000,37.94125920161605,23.617817983031273,0,,135,1.5859999656677246,79,1520.8900146484375,953000,953000,946000,,,
23183133616-detail,23183133616,1780982518000,37.94126112945378,23.617805410176516,0,,135,1.5859999656677246,79,1522.02001953125,954000,954000,947000,,,
23183133616-detail,23183133616,1780982519000,37.941261967644095,23.61778705380857,0,,135,1.5770000219345093,79,1523.6300048828125,955000,955000,948000,,,
23183133616-detail,23183133616,1780982520000,37.94126364402473,23.617767188698053,0,,135,1.5770000219345093,79,1525.3900146484375,956000,956000,949000,,,
23183133616-detail,23183133616,1780982521000,37.94126548804343,23.61774598248303,0,,135,1.5770000219345093,79,1527.260009765625,957000,957000,950000,,,
23183133616-detail,23183133616,1780982522000,37.94126649387181,23.617727123200893,0,,135,1.5679999589920044,78,1528.9200439453125,958000,958000,951000,,,
23183133616-detail,23183133616,1780982523000,37.94126666150987,23.61770843155682,0,,135,1.5679999589920044,78,1530.56005859375,959000,959000,952000,,,
23183133616-detail,23183133616,1780982524000,37.94126741588116,23.617692003026605,0,,135,1.5679999589920044,78,1532.010009765625,960000,960000,953000,,,
23183133616-detail,23183133616,1780982525000,37.94126842170954,23.617675071582198,0,,136,1.5679999589920044,78,1533.5,961000,961000,954000,,,
23183133616-detail,23183133616,1780982526000,37.94126909226179,23.617656212300062,0,,134,1.5679999589920044,80,1535.1600341796875,962000,962000,955000,,,
23183133616-detail,23183133616,1780982527000,37.941268337890506,23.617639783769846,0,,135,1.5679999589920044,80,1536.5999755859375,963000,963000,956000,,,
23183133616-detail,23183133616,1780982528000,37.941266326233745,23.617622014135122,0,,134,1.5579999685287476,78,1538.1800537109375,964000,964000,957000,,,
23183133616-detail,23183133616,1780982529000,37.94126892462373,23.61760432831943,0,,135,1.5579999685287476,76,1539.760009765625,965000,965000,958000,,,
23183133616-detail,23183133616,1780982530000,37.941274708136916,23.617586977779865,0,,135,1.5579999685287476,76,1541.4100341796875,966000,966000,959000,,,
23183133616-detail,23183133616,1780982531000,37.94128082692623,23.61757256090641,0,,131,1.5579999685287476,76,1542.8499755859375,967000,967000,960000,,,
23183133616-detail,23183133616,1780982532000,37.94128661043942,23.617557641118765,0,,134,1.5490000247955322,76,1544.300048828125,968000,968000,961000,,,
23183133616-detail,23183133616,1780982533000,37.94129440560937,23.61754330806434,0,,134,1.5490000247955322,76,1545.8299560546875,969000,969000,962000,,,
23183133616-detail,23183133616,1780982534000,37.941300608217716,23.617530232295394,0,,134,1.5490000247955322,0,1547.1700439453125,970000,970000,963000,,,
23183133616-detail,23183133616,1780982535000,37.941306643188,23.61751631833613,0,,133,1.5490000247955322,0,1548.5699462890625,971000,971000,964000,,,
23183133616-detail,23183133616,1780982536000,37.941314773634076,23.617500895634294,0,,130,1.5399999618530273,0,1550.18994140625,972000,972000,965000,,,
23183133616-detail,23183133616,1780982537000,37.94132340699434,23.61748698167503,0,,130,1.5399999618530273,77,1551.739990234375,973000,973000,966000,,,
23183133616-detail,23183133616,1780982538000,37.94133170507848,23.61747625283897,0,,132,1.5399999618530273,77,1553.06005859375,974000,974000,967000,,,
23183133616-detail,23183133616,1780982539000,37.94134050607681,23.617462422698736,0,,132,1.5299999713897705,77,1554.6199951171875,975000,975000,968000,,,
23183133616-detail,23183133616,1780982540000,37.941349390894175,23.617444736883044,0,,132,1.5299999713897705,78,1556.4599609375,976000,976000,969000,,,
23183133616-detail,23183133616,1780982541000,37.94135894626379,23.61743275076151,0,,133,1.5299999713897705,78,1557.949951171875,977000,977000,970000,,,
23183133616-detail,23183133616,1780982542000,37.941365065053105,23.617419758811593,0,,133,1.5299999713897705,78,1559.280029296875,978000,978000,971000,,,
23183133616-detail,23183133616,1780982543000,37.941374788060784,23.617406096309423,0,,133,1.5210000276565552,78,1560.8900146484375,979000,979000,972000,,,
23183133616-detail,23183133616,1780982544000,37.941383672878146,23.61739377491176,0,,132,1.5210000276565552,78,1562.3499755859375,980000,980000,973000,,,
23183133616-detail,23183133616,1780982545000,37.94139373116195,23.617380363866687,0,,133,1.5210000276565552,78,1563.97998046875,981000,981000,974000,,,
23183133616-detail,23183133616,1780982546000,37.94140395708382,23.617362342774868,0,,133,1.5210000276565552,78,1565.9200439453125,982000,982000,975000,,,
23183133616-detail,23183133616,1780982547000,37.941409572958946,23.617347925901413,0,,133,1.5210000276565552,78,1567.3299560546875,983000,983000,976000,,,
23183133616-detail,23183133616,1780982548000,37.94141745194793,23.617330994457006,0,,133,1.5299999713897705,78,1569.06005859375,984000,984000,977000,,,
23183133616-detail,23183133616,1780982549000,37.94142482802272,23.617315404117107,0,,133,1.5299999713897705,78,1570.6500244140625,985000,985000,978000,,,
23183133616-detail,23183133616,1780982550000,37.94143597595394,23.617296628654003,0,,133,1.5299999713897705,78,1572.7099609375,986000,986000,979000,,,
23183133616-detail,23183133616,1780982551000,37.94144452549517,23.617282966151834,0,,133,1.5399999618530273,78,1574.239990234375,987000,987000,980000,,,
23183133616-detail,23183133616,1780982552000,37.94145022518933,23.617272740229964,0,,133,1.5399999618530273,78,1575.3299560546875,988000,988000,981000,,,
23183133616-detail,23183133616,1780982553000,37.94146103784442,23.617257066071033,0,,133,1.5399999618530273,78,1577.1600341796875,989000,989000,982000,,,
23183133616-detail,23183133616,1780982554000,37.941471012309194,23.617243403568864,0,,133,1.5399999618530273,78,1578.7900390625,990000,990000,983000,,,
23183133616-detail,23183133616,1780982555000,37.941479897126555,23.617232087999582,0,,133,1.5490000247955322,79,1580.1800537109375,991000,991000,984000,,,
23183133616-detail,23183133616,1780982556000,37.94148811139166,23.617219096049666,0,,133,1.5490000247955322,79,1581.6400146484375,992000,992000,985000,,,
23183133616-detail,23183133616,1780982557000,37.94149573892355,23.61720409244299,0,,133,1.5490000247955322,79,1583.2099609375,993000,993000,986000,,,
23183133616-detail,23183133616,1780982558000,37.9415019415319,23.61718950793147,0,,133,1.5399999618530273,79,1584.6600341796875,994000,994000,987000,,,
23183133616-detail,23183133616,1780982559000,37.9415088146925,23.61717576161027,0,,133,1.5399999618530273,78,1586.0799560546875,995000,995000,988000,,,
23183133616-detail,23183133616,1780982560000,37.94151736423373,23.617159416899085,0,,134,1.5399999618530273,78,1587.800048828125,996000,996000,989000,,,
23183133616-detail,23183133616,1780982561000,37.94152457267046,23.617143407464027,0,,134,1.5399999618530273,78,1589.4200439453125,997000,997000,990000,,,
23183133616-detail,23183133616,1780982562000,37.94153085909784,23.617129661142826,0,,134,1.5399999618530273,78,1590.81005859375,998000,998000,991000,,,
23183133616-detail,23183133616,1780982563000,37.94154016301036,23.61711465753615,0,,134,1.5299999713897705,78,1592.47998046875,999000,999000,992000,,,
23183133616-detail,23183133616,1780982564000,37.941548712551594,23.6171050183475,0,,134,1.5299999713897705,78,1593.75,1000000,1000000,993000,,,
23183133616-detail,23183133616,1780982565000,37.941560950130224,23.617091523483396,0,,134,1.5299999713897705,78,1595.5400390625,1001000,1001000,994000,,,
23183133616-detail,23183133616,1780982566000,37.9415706731379,23.61708045937121,0,,134,1.5299999713897705,77,1597,1002000,1002000,995000,,,
23183133616-detail,23183133616,1780982567000,37.941580982878804,23.617069981992245,0,,134,1.5299999713897705,77,1598.469970703125,1003000,1003000,996000,,,
23183133616-detail,23183133616,1780982568000,37.94158944860101,23.617058163508773,0,,134,1.5299999713897705,77,1599.8599853515625,1004000,1004000,997000,,,
23183133616-detail,23183133616,1780982569000,37.94160017743707,23.61704383045435,0,,134,1.5210000276565552,77,1601.5999755859375,1005000,1005000,998000,,,
23183133616-detail,23183133616,1780982570000,37.94160847552121,23.617031760513783,0,,134,1.5210000276565552,77,1603,1006000,1006000,999000,,,
23183133616-detail,23183133616,1780982571000,37.9416174441576,23.617018684744835,0,,134,1.5210000276565552,77,1604.52001953125,1007000,1007000,1000000,,,
23183133616-detail,23183133616,1780982572000,37.9416243173182,23.617007872089744,0,,134,1.5210000276565552,76,1605.739990234375,1008000,1008000,1001000,,,
23183133616-detail,23183133616,1780982573000,37.94163387268782,23.616991275921464,0,,134,1.5210000276565552,76,1607.5400390625,1009000,1009000,1002000,,,
23183133616-detail,23183133616,1780982574000,37.94164267368615,23.616978535428643,0,,134,1.5119999647140503,76,1609.030029296875,1010000,1010000,1003000,,,
23183133616-detail,23183133616,1780982575000,37.941650887951255,23.616966800764203,0,,134,1.5119999647140503,76,1610.4000244140625,1011000,1011000,1004000,,,
23183133616-detail,23183133616,1780982576000,37.941658180207014,23.616954647004604,0,,134,1.5119999647140503,77,1611.739990234375,1012000,1012000,1005000,,,
23183133616-detail,23183133616,1780982577000,37.94166446663439,23.616941152140498,0,,134,1.5119999647140503,77,1613.1099853515625,1013000,1013000,1006000,,,
23183133616-detail,23183133616,1780982578000,37.941670501604676,23.61692707054317,0,,135,1.5019999742507935,75,1614.52001953125,1014000,1014000,1007000,,,
23183133616-detail,23183133616,1780982579000,37.941677793860435,23.61691332422197,0,,135,1.5019999742507935,75,1615.969970703125,1015000,1015000,1008000,,,
23183133616-detail,23183133616,1780982580000,37.94168500229716,23.616902763023973,0,,135,1.5019999742507935,76,1617.18994140625,1016000,1016000,1009000,,,
23183133616-detail,23183133616,1780982581000,37.9416933003813,23.61688792705536,0,,135,1.5019999742507935,76,1618.7900390625,1017000,1017000,1010000,,,
23183133616-detail,23183133616,1780982582000,37.941700257360935,23.616875438019633,0,,135,1.4930000305175781,75,1620.1300048828125,1018000,1018000,1011000,,,
23183133616-detail,23183133616,1780982583000,37.94170813634992,23.616863284260035,0,,135,1.4930000305175781,75,1621.510009765625,1019000,1019000,1012000,,,
23183133616-detail,23183133616,1780982584000,37.941717356443405,23.616851130500436,0,,135,1.4930000305175781,73,1622.989990234375,1020000,1020000,1013000,,,
23183133616-detail,23183133616,1780982585000,37.94172406196594,23.616838473826647,0,,135,1.4930000305175781,73,1624.3199462890625,1021000,1021000,1014000,,,
23183133616-detail,23183133616,1780982586000,37.9417313542217,23.61682598479092,0,,136,1.4839999675750732,73,1625.68994140625,1022000,1022000,1015000,,,
23183133616-detail,23183133616,1780982587000,37.94173923321068,23.616812992841005,0,,136,1.4839999675750732,73,1627.1300048828125,1023000,1023000,1016000,,,
23183133616-detail,23183133616,1780982588000,37.94174836948514,23.6167994979769,0,,136,1.4739999771118164,73,1628.68994140625,1024000,1024000,1017000,,,
23183133616-detail,23183133616,1780982589000,37.94175616465509,23.616785248741508,0,,135,1.4739999771118164,73,1630.2099609375,1025000,1025000,1018000,,,
23183133616-detail,23183133616,1780982590000,37.941763708367944,23.61677024513483,0,,136,1.465000033378601,73,1631.760009765625,1026000,1026000,1019000,,,
23183133616-detail,23183133616,1780982591000,37.941772006452084,23.616756750270724,0,,136,1.465000033378601,73,1633.25,1027000,1027000,1020000,,,
23183133616-detail,23183133616,1780982592000,37.941780807450414,23.61674333922565,0,,135,1.465000033378601,75,1634.77001953125,1028000,1028000,1021000,,,
23183133616-detail,23183133616,1780982593000,37.94178734533489,23.616736885160208,0,,135,1.465000033378601,75,1635.68994140625,1029000,1029000,1022000,,,
23183133616-detail,23183133616,1780982594000,37.941797906532884,23.616725066676736,0.4000000059604645,,134,1.4559999704360962,75,1637.22998046875,1030000,1030000,1023000,,,
23183133616-detail,23183133616,1780982595000,37.941802348941565,23.616711320355535,0.6000000238418579,,134,1.4559999704360962,77,1638.52001953125,1031000,1031000,1024000,,,
23183133616-detail,23183133616,1780982596000,37.94180796481669,23.61669455654919,0.6000000238418579,,133,1.4559999704360962,77,1640.1099853515625,1032000,1032000,1025000,,,
23183133616-detail,23183133616,1780982597000,37.94181399978697,23.616678630933166,0.800000011920929,,133,1.4559999704360962,77,1641.6600341796875,1033000,1033000,1026000,,,
23183133616-detail,23183133616,1780982598000,37.94182313606143,23.616663124412298,1.2000000476837158,,132,1.4559999704360962,77,1643.3499755859375,1034000,1034000,1027000,,,
23183133616-detail,23183133616,1780982599000,37.94183344580233,23.616650300100446,1.600000023841858,,132,1.4559999704360962,78,1644.9599609375,1035000,1035000,1028000,,,
23183133616-detail,23183133616,1780982600000,37.941841911524534,23.6166388168931,1.7999999523162842,,132,1.4559999704360962,78,1646.3299560546875,1036000,1036000,1029000,,,
23183133616-detail,23183133616,1780982601000,37.94184953905642,23.616624400019646,2.200000047683716,,132,1.4559999704360962,78,1647.8499755859375,1037000,1037000,1030000,,,
23183133616-detail,23183133616,1780982602000,37.9418576695025,23.616610569879413,2.4000000953674316,,133,1.4559999704360962,78,1649.3699951171875,1038000,1038000,1031000,,,
23183133616-detail,23183133616,1780982603000,37.941865464672446,23.616597829386592,2.799999952316284,,133,1.4559999704360962,78,1650.780029296875,1039000,1039000,1032000,,,
23183133616-detail,23183133616,1780982604000,37.94187434948981,23.616580981761217,3,,136,1.4559999704360962,78,1652.56005859375,1040000,1040000,1033000,,,
23183133616-detail,23183133616,1780982605000,37.941879546269774,23.616570252925158,3.200000047683716,,138,1.465000033378601,77,1653.6600341796875,1041000,1041000,1034000,,,
23183133616-detail,23183133616,1780982606000,37.94188767671585,23.616557763889432,3.5999999046325684,,139,1.465000033378601,77,1655.0799560546875,1042000,1042000,1035000,,,
23183133616-detail,23183133616,1780982607000,37.94189438223839,23.61654150299728,3.799999952316284,,139,1.465000033378601,77,1656.68994140625,1043000,1043000,1036000,,,
23183133616-detail,23183133616,1780982608000,37.94190242886543,23.61652641557157,4,,139,1.465000033378601,77,1658.280029296875,1044000,1044000,1037000,,,
23183133616-detail,23183133616,1780982609000,37.94191299006343,23.616513507440686,4.199999809265137,,140,1.465000033378601,77,1659.9100341796875,1045000,1045000,1038000,,,
23183133616-detail,23183133616,1780982610000,37.941918605938554,23.61650093458593,4.199999809265137,,139,1.465000033378601,77,1661.1700439453125,1046000,1046000,1039000,,,
23183133616-detail,23183133616,1780982611000,37.9419264011085,23.61648542806506,4.400000095367432,,139,1.465000033378601,76,1662.7900390625,1047000,1047000,1040000,,,
23183133616-detail,23183133616,1780982612000,37.941934363916516,23.616469921544194,4.599999904632568,,139,1.465000033378601,76,1664.4000244140625,1048000,1048000,1041000,,,
23183133616-detail,23183133616,1780982613000,37.94194274581969,23.616457348689437,4.599999904632568,,139,1.465000033378601,77,1665.8499755859375,1049000,1049000,1042000,,,
23183133616-detail,23183133616,1780982614000,37.941951379179955,23.616443015635014,4.800000190734863,,139,1.465000033378601,77,1667.4200439453125,1050000,1050000,1043000,,,
23183133616-detail,23183133616,1780982615000,37.94196009635925,23.61642960458994,5,,138,1.465000033378601,77,1668.949951171875,1051000,1051000,1044000,,,
23183133616-detail,23183133616,1780982616000,37.94197082519531,23.616416696459055,5.199999809265137,,138,1.465000033378601,77,1670.5899658203125,1052000,1052000,1045000,,,
23183133616-detail,23183133616,1780982617000,37.94197945855558,23.616405045613647,5.400000095367432,,138,1.465000033378601,77,1672,1053000,1053000,1046000,,,
23183133616-detail,23183133616,1780982618000,37.94198834337294,23.616391299292445,5.800000190734863,,138,1.4739999771118164,77,1673.550048828125,1054000,1054000,1047000,,,
23183133616-detail,23183133616,1780982619000,37.941997312009335,23.61637830734253,6,,138,1.4739999771118164,77,1675.0699462890625,1055000,1055000,1048000,,,
23183133616-detail,23183133616,1780982620000,37.94200376607478,23.61636506393552,6.199999809265137,,138,1.4739999771118164,77,1676.4200439453125,1056000,1056000,1049000,,,
23183133616-detail,23183133616,1780982621000,37.942013489082456,23.616349138319492,6,,138,1.4739999771118164,77,1678.18994140625,1057000,1057000,1050000,,,
23183133616-detail,23183133616,1780982622000,37.94202161952853,23.616335727274418,5.599999904632568,,138,1.4739999771118164,77,1679.6700439453125,1058000,1058000,1051000,,,
23183133616-detail,23183133616,1780982623000,37.94202941469848,23.616322902962565,5.199999809265137,,138,1.4739999771118164,77,1681.0899658203125,1059000,1059000,1052000,,,
23183133616-detail,23183133616,1780982624000,37.94203704223037,23.616309659555554,4.800000190734863,,138,1.4739999771118164,77,1682.530029296875,1060000,1060000,1053000,,,
23183133616-detail,23183133616,1780982625000,37.94204634614289,23.616298930719495,4.400000095367432,,138,1.4739999771118164,77,1683.9300537109375,1061000,1061000,1054000,,,
23183133616-detail,23183133616,1780982626000,37.942055482417345,23.616288034245372,4.199999809265137,,137,1.4739999771118164,77,1685.3199462890625,1062000,1062000,1055000,,,
23183133616-detail,23183133616,1780982627000,37.94206260703504,23.616276551038027,3.799999952316284,,137,1.4739999771118164,77,1686.5999755859375,1063000,1063000,1056000,,,
23183133616-detail,23183133616,1780982628000,37.94207023456693,23.61626305617392,3.4000000953674316,,138,1.4739999771118164,77,1688.050048828125,1064000,1064000,1057000,,,
23183133616-detail,23183133616,1780982629000,37.94207928702235,23.61624930985272,3.200000047683716,,138,1.465000033378601,77,1689.6199951171875,1065000,1065000,1058000,,,
23183133616-detail,23183133616,1780982630000,37.94208750128746,23.616237491369247,2.799999952316284,,138,1.465000033378601,77,1691,1066000,1066000,1059000,,,
23183133616-detail,23183133616,1780982631000,37.94209278188646,23.616224750876427,2.5999999046325684,,138,1.465000033378601,77,1692.25,1067000,1067000,1060000,,,
23183133616-detail,23183133616,1780982632000,37.94210175052285,23.616209663450718,2.200000047683716,,138,1.465000033378601,77,1693.8900146484375,1068000,1068000,1061000,,,
23183133616-detail,23183133616,1780982633000,37.94211281463504,23.616196755319834,1.7999999523162842,,138,1.465000033378601,77,1695.56005859375,1069000,1069000,1062000,,,
23183133616-detail,23183133616,1780982634000,37.94212119653821,23.616185188293457,1.7999999523162842,,138,1.4559999704360962,77,1696.93994140625,1070000,1070000,1063000,,,
23183133616-detail,23183133616,1780982635000,37.94212563894689,23.616173788905144,2,,138,1.4559999704360962,76,1698.0400390625,1071000,1071000,1064000,,,
23183133616-detail,23183133616,1780982636000,37.94213586486876,23.616157108917832,2,,136,1.4559999704360962,76,1699.8800048828125,1072000,1072000,1065000,,,
23183133616-detail,23183133616,1780982637000,37.94214558787644,23.616141937673092,2.200000047683716,,137,1.4559999704360962,76,1701.5899658203125,1073000,1073000,1066000,,,
23183133616-detail,23183133616,1780982638000,37.94215405359864,23.616129783913493,2.5999999046325684,,137,1.4559999704360962,76,1703.02001953125,1074000,1074000,1067000,,,
23183133616-detail,23183133616,1780982639000,37.94216218404472,23.616117713972926,2.799999952316284,,137,1.4559999704360962,76,1704.4100341796875,1075000,1075000,1068000,,,
23183133616-detail,23183133616,1780982640000,37.9421700630337,23.61610463820398,3,,136,1.4559999704360962,76,1705.8499755859375,1076000,1076000,1069000,,,
23183133616-detail,23183133616,1780982641000,37.94217576272786,23.616089466959238,3.200000047683716,,136,1.4459999799728394,76,1707.3299560546875,1077000,1077000,1070000,,,
23183133616-detail,23183133616,1780982642000,37.94217986986041,23.616072786971927,3.200000047683716,,136,1.4459999799728394,77,1708.8399658203125,1078000,1078000,1071000,,,
23183133616-detail,23183133616,1780982643000,37.942188838496804,23.616056106984615,3.5999999046325684,,136,1.4459999799728394,77,1710.5699462890625,1079000,1079000,1072000,,,
23183133616-detail,23183133616,1780982644000,37.942198226228356,23.616043366491795,3.799999952316284,,137,1.4459999799728394,77,1712.0999755859375,1080000,1080000,1073000,,,
23183133616-detail,23183133616,1780982645000,37.942207446321845,23.616032972931862,4,,137,1.4459999799728394,77,1713.449951171875,1081000,1081000,1074000,,,
23183133616-detail,23183133616,1780982646000,37.942212810739875,23.616023333743215,4.199999809265137,,138,1.4459999799728394,77,1714.469970703125,1082000,1082000,1075000,,,
23183133616-detail,23183133616,1780982647000,37.94222144410014,23.616010593250394,4.400000095367432,,138,1.437000036239624,77,1715.949951171875,1083000,1083000,1076000,,,
23183133616-detail,23183133616,1780982648000,37.942233765497804,23.61599626019597,4.599999904632568,,139,1.437000036239624,77,1717.800048828125,1084000,1084000,1077000,,,
23183133616-detail,23183133616,1780982649000,37.94224172830582,23.6159860342741,4.599999904632568,,139,1.437000036239624,76,1719.0699462890625,1085000,1085000,1078000,,,
23183133616-detail,23183133616,1780982650000,37.94225170277059,23.615970695391297,4.800000190734863,,139,1.437000036239624,76,1720.81005859375,1086000,1086000,1079000,,,
23183133616-detail,23183133616,1780982651000,37.94226058758795,23.61595426686108,4.800000190734863,,138,1.437000036239624,76,1722.550048828125,1087000,1087000,1080000,,,
23183133616-detail,23183133616,1780982652000,37.942268634215,23.615941777825356,4.800000190734863,,138,1.437000036239624,76,1723.9599609375,1088000,1088000,1081000,,,
23183133616-detail,23183133616,1780982653000,37.94227810576558,23.6159239243716,5,,137,1.437000036239624,77,1725.8499755859375,1089000,1089000,1082000,,,
23183133616-detail,23183133616,1780982654000,37.942284224554896,23.615910345688462,5,,136,1.437000036239624,77,1727.2099609375,1090000,1090000,1083000,,,
23183133616-detail,23183133616,1780982655000,37.942292941734195,23.615895761176944,5,,136,1.437000036239624,77,1728.81005859375,1091000,1091000,1084000,,,
23183133616-detail,23183133616,1780982656000,37.94230149127543,23.615887127816677,5.199999809265137,,136,1.4459999799728394,77,1730.02001953125,1092000,1092000,1085000,,,
23183133616-detail,23183133616,1780982657000,37.94231280684471,23.615875393152237,5.400000095367432,,135,1.4459999799728394,77,1731.6500244140625,1093000,1093000,1086000,,,
23183133616-detail,23183133616,1780982658000,37.942323787137866,23.61586332321167,5.599999904632568,,135,1.4459999799728394,77,1733.260009765625,1094000,1094000,1087000,,,
23183133616-detail,23183133616,1780982659000,37.942333007231355,23.615850917994976,5.800000190734863,,135,1.4459999799728394,78,1734.760009765625,1095000,1095000,1088000,,,
23183133616-detail,23183133616,1780982660000,37.94234205968678,23.61583641730249,5.800000190734863,,135,1.4459999799728394,78,1736.3800048828125,1096000,1096000,1089000,,,
23183133616-detail,23183133616,1780982661000,37.94235412962735,23.61581940203905,5.800000190734863,,135,1.4559999704360962,79,1738.3800048828125,1097000,1097000,1090000,,,
23183133616-detail,23183133616,1780982662000,37.94236452318728,23.61580423079431,5.599999904632568,,134,1.4559999704360962,79,1740.1400146484375,1098000,1098000,1091000,,,
23183133616-detail,23183133616,1780982663000,37.94237148016691,23.61578905954957,5.599999904632568,,134,1.4559999704360962,79,1741.6600341796875,1099000,1099000,1092000,,,
23183133616-detail,23183133616,1780982664000,37.942380867898464,23.61577933654189,5.599999904632568,,134,1.4559999704360962,77,1743.010009765625,1100000,1100000,1093000,,,
23183133616-detail,23183133616,1780982665000,37.94239243492484,23.615772631019354,5.599999904632568,,134,1.4559999704360962,77,1744.4200439453125,1101000,1101000,1094000,,,
23183133616-detail,23183133616,1780982666000,37.94240400195122,23.61576567403972,5.400000095367432,,134,1.4559999704360962,78,1745.8399658203125,1102000,1102000,1095000,,,
23183133616-detail,23183133616,1780982667000,37.94241422787309,23.615755951032043,5.400000095367432,,134,1.465000033378601,78,1747.260009765625,1103000,1103000,1096000,,,
23183133616-detail,23183133616,1780982668000,37.94242495670915,23.61574555747211,5.400000095367432,,134,1.465000033378601,77,1748.760009765625,1104000,1104000,1097000,,,
23183133616-detail,23183133616,1780982669000,37.94243442825973,23.615733571350574,5.400000095367432,,134,1.465000033378601,76,1750.239990234375,1105000,1105000,1098000,,,
23183133616-detail,23183133616,1780982670000,37.94244616292417,23.615720747038722,5.400000095367432,,134,1.465000033378601,76,1751.969970703125,1106000,1106000,1099000,,,
23183133616-detail,23183133616,1780982671000,37.942459071055055,23.615709012374282,5.199999809265137,,134,1.465000033378601,77,1753.72998046875,1107000,1107000,1100000,,,
23183133616-detail,23183133616,1780982672000,37.94247013516724,23.615700462833047,5.199999809265137,,134,1.465000033378601,77,1755.1700439453125,1108000,1108000,1101000,,,
23183133616-detail,23183133616,1780982673000,37.94247985817492,23.615690488368273,5.199999809265137,,134,1.465000033378601,77,1756.550048828125,1109000,1109000,1102000,,,
23183133616-detail,23183133616,1780982674000,37.94249125756323,23.61568302847445,5,,134,1.465000033378601,77,1757.97998046875,1110000,1110000,1103000,,,
23183133616-detail,23183133616,1780982675000,37.94250383041799,23.61567816697061,5,,134,1.465000033378601,77,1759.4300537109375,1111000,1111000,1104000,,,
23183133616-detail,23183133616,1780982676000,37.94251690618694,23.61567766405642,5,,134,1.465000033378601,78,1760.8499755859375,1112000,1112000,1105000,,,
23183133616-detail,23183133616,1780982677000,37.9425310716033,23.61567758023739,5,,134,1.465000033378601,78,1762.4000244140625,1113000,1113000,1106000,,,
23183133616-detail,23183133616,1780982678000,37.94254582375288,23.615679759532213,5,,134,1.465000033378601,78,1764.0400390625,1114000,1114000,1107000,,,
23183133616-detail,23183133616,1780982679000,37.94255965389311,23.61568252556026,5,,134,1.465000033378601,76,1765.5899658203125,1115000,1115000,1108000,,,
23183133616-detail,23183133616,1780982680000,37.94257398694754,23.615683196112514,5,,134,1.465000033378601,76,1767.1800537109375,1116000,1116000,1109000,,,
23183133616-detail,23183133616,1780982681000,37.9425931815058,23.615685375407338,5,,134,1.465000033378601,76,1769.31005859375,1117000,1117000,1110000,,,
23183133616-detail,23183133616,1780982682000,37.94260483235121,23.615688225254416,5,,134,1.465000033378601,76,1770.6300048828125,1118000,1118000,1111000,,,
23183133616-detail,23183133616,1780982683000,37.94261681847274,23.615690991282463,5.199999809265137,,134,1.465000033378601,76,1771.97998046875,1119000,1119000,1112000,,,
23183133616-detail,23183133616,1780982684000,37.94262922368944,23.615691661834717,5.199999809265137,,134,1.465000033378601,76,1773.3499755859375,1120000,1120000,1113000,,,
23183133616-detail,23183133616,1780982685000,37.942643808200955,23.61569568514824,5,,134,1.465000033378601,76,1775.010009765625,1121000,1121000,1114000,,,
23183133616-detail,23183133616,1780982686000,37.94265956617892,23.61569861881435,5,,134,1.465000033378601,76,1776.77001953125,1122000,1122000,1115000,,,
23183133616-detail,23183133616,1780982687000,37.94267239049077,23.615701301023364,5,,135,1.465000033378601,76,1778.219970703125,1123000,1123000,1116000,,,
23183133616-detail,23183133616,1780982688000,37.942685382440686,23.6157045699656,5,,135,1.465000033378601,76,1779.68994140625,1124000,1124000,1117000,,,
23183133616-detail,23183133616,1780982689000,37.94270105659962,23.615709263831377,5,,134,1.465000033378601,76,1781.47998046875,1125000,1125000,1118000,,,
23183133616-detail,23183133616,1780982690000,37.94271530583501,23.61571429297328,5,,134,1.465000033378601,76,1783.1199951171875,1126000,1126000,1119000,,,
23183133616-detail,23183133616,1780982691000,37.94272821396589,23.615718819200993,5,,134,1.465000033378601,76,1784.5999755859375,1127000,1127000,1120000,,,
23183133616-detail,23183133616,1780982692000,37.94274237938225,23.615725440904498,5,,134,1.465000033378601,76,1786.27001953125,1128000,1128000,1121000,,,
23183133616-detail,23183133616,1780982693000,37.94275755062699,23.615734577178955,5.199999809265137,,134,1.465000033378601,76,1788.1300048828125,1129000,1129000,1122000,,,
23183133616-detail,23183133616,1780982694000,37.94277356006205,23.615746730938554,5.199999809265137,,134,1.4739999771118164,76,1790.18994140625,1130000,1130000,1123000,,,
23183133616-detail,23183133616,1780982695000,37.942781103774905,23.615756034851074,5.199999809265137,,134,1.4739999771118164,76,1791.3499755859375,1131000,1131000,1124000,,,
23183133616-detail,23183133616,1780982696000,37.942794347181916,23.615771122276783,5.400000095367432,,134,1.4739999771118164,76,1793.3399658203125,1132000,1132000,1125000,,,
23183133616-detail,23183133616,1780982697000,37.942807003855705,23.615781851112843,5.400000095367432,,134,1.4839999675750732,76,1795.030029296875,1133000,1133000,1126000,,,
23183133616-detail,23183133616,1780982698000,37.94281555339694,23.615794088691473,5.599999904632568,,134,1.4839999675750732,76,1796.4599609375,1134000,1134000,1127000,,,
23183133616-detail,23183133616,1780982699000,37.942825611680746,23.615805990993977,5.599999904632568,,134,1.4839999675750732,77,1797.989990234375,1135000,1135000,1128000,,,
23183133616-detail,23183133616,1780982700000,37.942838771268725,23.615813199430704,5.599999904632568,,133,1.4839999675750732,77,1799.5699462890625,1136000,1136000,1129000,,,
23183133616-detail,23183133616,1780982701000,37.942854445427656,23.61581244505942,5.599999904632568,,133,1.4839999675750732,77,1801.31005859375,1137000,1137000,1130000,,,
23183133616-detail,23183133616,1780982702000,37.94286835938692,23.615808002650738,5.599999904632568,,132,1.4839999675750732,77,1802.9000244140625,1138000,1138000,1131000,,,
23183133616-detail,23183133616,1780982703000,37.94287774711847,23.61579836346209,5.599999904632568,,132,1.4930000305175781,77,1804.239990234375,1139000,1139000,1132000,,,
23183133616-detail,23183133616,1780982704000,37.942887134850025,23.615788891911507,5.400000095367432,,132,1.4930000305175781,77,1805.5699462890625,1140000,1140000,1133000,,,
23183133616-detail,23183133616,1780982705000,37.94289945624769,23.61577983945608,5.400000095367432,,131,1.4930000305175781,77,1807.1400146484375,1141000,1141000,1134000,,,
23183133616-detail,23183133616,1780982706000,37.94291169382632,23.615776235237718,5.400000095367432,,131,1.4930000305175781,78,1808.530029296875,1142000,1142000,1135000,,,
23183133616-detail,23183133616,1780982707000,37.942922757938504,23.615777492523193,5.400000095367432,,131,1.4930000305175781,79,1809.77001953125,1143000,1143000,1136000,,,
23183133616-detail,23183133616,1780982708000,37.94293432496488,23.615782856941223,5.599999904632568,,131,1.4930000305175781,79,1811.1300048828125,1144000,1144000,1137000,,,
23183133616-detail,23183133616,1780982709000,37.94294538907707,23.61579341813922,5.599999904632568,,131,1.4930000305175781,78,1812.6700439453125,1145000,1145000,1138000,,,
23183133616-detail,23183133616,1780982710000,37.942957542836666,23.615804985165596,5.800000190734863,,131,1.4930000305175781,78,1814.3399658203125,1146000,1146000,1139000,,,
23183133616-detail,23183133616,1780982711000,37.94296835549176,23.61581747420132,5.800000190734863,,131,1.4930000305175781,78,1815.93994140625,1147000,1147000,1140000,,,
23183133616-detail,23183133616,1780982712000,37.94297740794718,23.615832896903157,6,,131,1.4930000305175781,78,1817.6099853515625,1148000,1148000,1141000,,,
23183133616-detail,23183133616,1780982713000,37.94298252090812,23.615844883024693,6.199999809265137,,131,1.4930000305175781,74,1818.7900390625,1149000,1149000,1142000,,,
23183133616-detail,23183133616,1780982714000,37.942992243915796,23.6158583778888,6.199999809265137,,131,1.4930000305175781,74,1820.3800048828125,1150000,1150000,1143000,,,
23183133616-detail,23183133616,1780982715000,37.94300272129476,23.61586877144873,6.400000095367432,,131,1.4930000305175781,74,1821.8599853515625,1151000,1151000,1144000,,,
23183133616-detail,23183133616,1780982716000,37.943014623597264,23.615875812247396,6.599999904632568,,131,1.4930000305175781,76,1823.31005859375,1152000,1152000,1145000,,,
23183133616-detail,23183133616,1780982717000,37.943027783185244,23.615882601588964,6.599999904632568,,131,1.4930000305175781,76,1824.8699951171875,1153000,1153000,1146000,,,
23183133616-detail,23183133616,1780982718000,37.94303968548775,23.615886876359582,6.800000190734863,,131,1.4930000305175781,76,1826.239990234375,1154000,1154000,1147000,,,
23183133616-detail,23183133616,1780982719000,37.94305385090411,23.615890983492136,6.800000190734863,,132,1.4930000305175781,76,1827.8499755859375,1155000,1155000,1148000,,,
23183133616-detail,23183133616,1780982720000,37.94306818395853,23.615896347910166,7,,132,1.4930000305175781,76,1829.5,1156000,1156000,1149000,,,
23183133616-detail,23183133616,1780982721000,37.94308268465102,23.615902634337544,7,,132,1.5019999742507935,76,1831.199951171875,1157000,1157000,1150000,,,
23183133616-detail,23183133616,1780982722000,37.94309358112514,23.615905651822686,7.199999809265137,,132,1.5019999742507935,76,1832.4300537109375,1158000,1158000,1151000,,,
23183133616-detail,23183133616,1780982723000,37.94310682453215,23.615912944078445,7.199999809265137,,132,1.5019999742507935,76,1834.0400390625,1159000,1159000,1152000,,,
23183133616-detail,23183133616,1780982724000,37.94311864301562,23.615919817239046,7.400000095367432,,132,1.5019999742507935,79,1835.47998046875,1160000,1160000,1153000,,,
23183133616-detail,23183133616,1780982725000,37.943134903907776,23.615930126979947,7.599999904632568,,131,1.5019999742507935,79,1837.5,1161000,1161000,1154000,,,
23183133616-detail,23183133616,1780982726000,37.94314647093415,23.615935994312167,7.599999904632568,,131,1.5019999742507935,79,1838.8900146484375,1162000,1162000,1155000,,,
23183133616-detail,23183133616,1780982727000,37.94315870851278,23.615943705663085,7.800000190734863,,131,1.5119999647140503,79,1840.4000244140625,1163000,1163000,1156000,,,
23183133616-detail,23183133616,1780982728000,37.94316977262497,23.61595024354756,7.800000190734863,,131,1.5119999647140503,79,1841.760009765625,1164000,1164000,1157000,,,
23183133616-detail,23183133616,1780982729000,37.943182261660695,23.61595812253654,8,,131,1.5210000276565552,79,1843.300048828125,1165000,1165000,1158000,,,
23183133616-detail,23183133616,1780982730000,37.943195924162865,23.615964157506824,8.199999809265137,,131,1.5210000276565552,79,1844.9000244140625,1166000,1166000,1159000,,,
23183133616-detail,23183133616,1780982731000,37.94320757500827,23.615970024839044,8.399999618530273,,132,1.5210000276565552,79,1846.2900390625,1167000,1167000,1160000,,,
23183133616-detail,23183133616,1780982732000,37.94321713037789,23.615978993475437,8.600000381469727,,133,1.5210000276565552,79,1847.6099853515625,1168000,1168000,1161000,,,
23183133616-detail,23183133616,1780982733000,37.943229619413614,23.615987710654736,8.600000381469727,,134,1.5210000276565552,79,1849.18994140625,1169000,1169000,1162000,,,
23183133616-detail,23183133616,1780982734000,37.943241354078054,23.61599424853921,8.800000190734863,,134,1.5299999713897705,79,1850.6099853515625,1170000,1170000,1163000,,,
23183133616-detail,23183133616,1780982735000,37.94325334019959,23.616000283509493,9,,134,1.5299999713897705,79,1852.0400390625,1171000,1171000,1164000,,,
23183133616-detail,23183133616,1780982736000,37.94326406903565,23.61600648611784,9.199999809265137,,135,1.5210000276565552,80,1853.3299560546875,1172000,1172000,1165000,,,
23183133616-detail,23183133616,1780982737000,37.943275133147836,23.616013443097472,9.199999809265137,,135,1.5210000276565552,80,1854.699951171875,1173000,1173000,1166000,,,
23183133616-detail,23183133616,1780982738000,37.943288795650005,23.61602115444839,9.399999618530273,,135,1.5210000276565552,80,1856.3599853515625,1174000,1174000,1167000,,,
23183133616-detail,23183133616,1780982739000,37.94329985976219,23.6160309612751,9.600000381469727,,135,1.5119999647140503,80,1857.8599853515625,1175000,1175000,1168000,,,
23183133616-detail,23183133616,1780982740000,37.943311259150505,23.61603925935924,9.800000190734863,,135,1.5119999647140503,80,1859.3299560546875,1176000,1176000,1169000,,,
23183133616-detail,23183133616,1780982741000,37.94332508929074,23.616049401462078,10,,135,1.5119999647140503,80,1861.0899658203125,1177000,1177000,1170000,,,
23183133616-detail,23183133616,1780982742000,37.94333791360259,23.616057615727186,10.199999809265137,,135,1.5019999742507935,79,1862.6600341796875,1178000,1178000,1171000,,,
23183133616-detail,23183133616,1780982743000,37.94334713369608,23.61606457270682,10.399999618530273,,135,1.5019999742507935,79,1863.8499755859375,1179000,1179000,1172000,,,
23183133616-detail,23183133616,1780982744000,37.943359622731805,23.616077480837703,10.600000381469727,,135,1.5019999742507935,79,1865.6400146484375,1180000,1180000,1173000,,,
23183133616-detail,23183133616,1780982745000,37.94336976483464,23.616088461130857,10.800000190734863,,135,1.5019999742507935,78,1867.050048828125,1181000,1181000,1174000,,,
23183133616-detail,23183133616,1780982746000,37.94337663799524,23.616100614890456,11,,135,1.4930000305175781,78,1868.31005859375,1182000,1182000,1175000,,,
23183133616-detail,23183133616,1780982747000,37.94337848201394,23.61611352302134,11.199999809265137,,134,1.4930000305175781,78,1869.4599609375,1183000,1183000,1176000,,,
23183133616-detail,23183133616,1780982748000,37.94338082894683,23.616127353161573,11.199999809265137,,134,1.4930000305175781,77,1870.6700439453125,1184000,1184000,1177000,,,
23183133616-detail,23183133616,1780982749000,37.943384600803256,23.616141686215997,11.399999618530273,,134,1.4839999675750732,76,1871.989990234375,1185000,1185000,1178000,,,
23183133616-detail,23183133616,1780982750000,37.943390384316444,23.616158198565245,11.800000190734863,,134,1.4839999675750732,76,1873.5699462890625,1186000,1186000,1179000,,,
23183133616-detail,23183133616,1780982751000,37.94339641928673,23.616171944886446,12,,134,1.4839999675750732,75,1874.93994140625,1187000,1187000,1180000,,,
23183133616-detail,23183133616,1780982752000,37.94340723194182,23.616176303476095,12.199999809265137,,134,1.4839999675750732,75,1876.1199951171875,1188000,1188000,1181000,,,
23183133616-detail,23183133616,1780982753000,37.943418296054006,23.616172280162573,12.199999809265137,,134,1.4739999771118164,76,1877.27001953125,1189000,1189000,1182000,,,
23183133616-detail,23183133616,1780982754000,37.943429527804255,23.61617110669613,12.199999809265137,,134,1.4739999771118164,76,1878.4200439453125,1190000,1190000,1183000,,,
23183133616-detail,23183133616,1780982755000,37.94344000518322,23.616178398951888,12.399999618530273,,134,1.4739999771118164,78,1879.510009765625,1191000,1191000,1184000,,,
23183133616-detail,23183133616,1780982756000,37.94345065020025,23.6162019520998,12.800000190734863,,134,1.465000033378601,78,1880.6400146484375,1192000,1192000,1185000,,,
23183133616-detail,23183133616,1780982757000,37.94346489943564,23.616218715906143,13.199999809265137,,134,1.465000033378601,78,1882.530029296875,1193000,1193000,1186000,,,
23183133616-detail,23183133616,1780982758000,37.94347520917654,23.61622340977192,13.199999809265137,,134,1.465000033378601,77,1883.6199951171875,1194000,1194000,1187000,,,
23183133616-detail,23183133616,1780982759000,37.9434909671545,23.61622198484838,13.199999809265137,,134,1.465000033378601,77,1884.77001953125,1195000,1195000,1188000,,,
23183133616-detail,23183133616,1780982760000,37.94350563548505,23.6162365693599,13.600000381469727,,134,1.465000033378601,77,1885.81005859375,1196000,1196000,1189000,,,
23183133616-detail,23183133616,1780982761000,37.94351611286402,23.61625660210848,13.800000190734863,,134,1.4559999704360962,77,1887.3499755859375,1197000,1197000,1190000,,,
23183133616-detail,23183133616,1780982762000,37.94352684170008,23.616260625422,14,,134,1.4559999704360962,76,1888.06005859375,1198000,1198000,1191000,,,
23183133616-detail,23183133616,1780982763000,37.943532625213265,23.616270516067743,14.199999809265137,,134,1.4559999704360962,76,1888.4000244140625,1199000,1199000,1192000,,,
23183133616-detail,23183133616,1780982764000,37.94354754500091,23.61628057435155,14.399999618530273,,134,1.4559999704360962,76,1889.93994140625,1200000,1200000,1193000,,,
23183133616-detail,23183133616,1780982765000,37.94356355443597,23.616279484704137,14.399999618530273,,134,1.4459999799728394,76,1891.68994140625,1201000,1201000,1194000,,,
23183133616-detail,23183133616,1780982766000,37.9435776360333,23.616273617371917,14.399999618530273,,134,1.4459999799728394,78,1893.2900390625,1202000,1202000,1195000,,,
23183133616-detail,23183133616,1780982767000,37.943592639639974,23.61626490019262,14.199999809265137,,134,1.4459999799728394,78,1895.0899658203125,1203000,1203000,1196000,,,
23183133616-detail,23183133616,1780982768000,37.94360563158989,23.616260373964906,14.199999809265137,,134,1.4459999799728394,78,1896.5,1204000,1204000,1197000,,,
23183133616-detail,23183133616,1780982769000,37.943620048463345,23.616252494975924,14,,134,1.4459999799728394,78,1898.1199951171875,1205000,1205000,1198000,,,
23183133616-detail,23183133616,1780982770000,37.943632286041975,23.616241682320833,13.800000190734863,,134,1.4559999704360962,77,1899.760009765625,1206000,1206000,1199000,,,
23183133616-detail,23183133616,1780982771000,37.943642931059,23.61623908393085,13.800000190734863,,134,1.4559999704360962,77,1900.81005859375,1207000,1207000,1200000,,,
23183133616-detail,23183133616,1780982772000,37.943652318790555,23.616241263225675,13.800000190734863,,134,1.4559999704360962,77,1901.68994140625,1208000,1208000,1201000,,,
23183133616-detail,23183133616,1780982773000,37.943666065111756,23.616236401721835,13.600000381469727,,134,1.4559999704360962,77,1903.1400146484375,1209000,1209000,1202000,,,
23183133616-detail,23183133616,1780982774000,37.94368366710842,23.616255428642035,14,,134,1.4459999799728394,77,1904.56005859375,1210000,1210000,1203000,,,
23183133616-detail,23183133616,1780982775000,37.94370009563863,23.616266241297126,14.199999809265137,,134,1.4459999799728394,77,1906.260009765625,1211000,1211000,1204000,,,
23183133616-detail,23183133616,1780982776000,37.94371509924531,23.61627076752484,14.199999809265137,,134,1.4459999799728394,77,1907.8399658203125,1212000,1212000,1205000,,,
23183133616-detail,23183133616,1780982777000,37.9437259119004,23.61627227626741,14.399999618530273,,134,1.4459999799728394,77,1908.8199462890625,1213000,1213000,1206000,,,
23183133616-detail,23183133616,1780982778000,37.94373722746968,23.616262217983603,14.199999809265137,,134,1.437000036239624,77,1910.3399658203125,1214000,1214000,1207000,,,
23183133616-detail,23183133616,1780982779000,37.943749548867345,23.616254087537527,14,,134,1.437000036239624,78,1911.8399658203125,1215000,1215000,1208000,,,
23183133616-detail,23183133616,1780982780000,37.94377603568137,23.616234976798296,13.399999618530273,,134,1.437000036239624,78,1915.0799560546875,1216000,1216000,1209000,,,
23183133616-detail,23183133616,1780982781000,37.943793972954154,23.616224080324173,13.199999809265137,,134,1.437000036239624,77,1917.280029296875,1217000,1217000,1210000,,,
23183133616-detail,23183133616,1780982782000,37.9438073001802,23.616209411993623,13,,134,1.437000036239624,77,1919.22998046875,1218000,1218000,1211000,,,
23183133616-detail,23183133616,1780982783000,37.94381685554981,23.61618435010314,12.399999618530273,,134,1.437000036239624,77,1921.6300048828125,1219000,1219000,1212000,,,
23183133616-detail,23183133616,1780982784000,37.94382171705365,23.616162473335862,12,,134,1.4459999799728394,77,1923.6099853515625,1220000,1220000,1213000,,,
23183133616-detail,23183133616,1780982785000,37.943823812529445,23.616140093654394,11.600000381469727,,134,1.4459999799728394,77,1925.5899658203125,1221000,1221000,1214000,,,
23183133616-detail,23183133616,1780982786000,37.94382808730006,23.616117797791958,11.199999809265137,,134,1.4459999799728394,77,1927.6099853515625,1222000,1222000,1215000,,,
23183133616-detail,23183133616,1780982787000,37.943830601871014,23.616100447252393,10.800000190734863,,134,1.4459999799728394,77,1929.1600341796875,1223000,1223000,1216000,,,
23183133616-detail,23183133616,1780982788000,37.94383345171809,23.61608318053186,10.600000381469727,,134,1.4459999799728394,77,1930.699951171875,1224000,1224000,1217000,,,
23183133616-detail,23183133616,1780982789000,37.94383487664163,23.6160637345165,10.199999809265137,,134,1.4459999799728394,80,1932.4100341796875,1225000,1225000,1218000,,,
23183133616-detail,23183133616,1780982790000,37.943836469203234,23.61604261212051,9.800000190734863,,134,1.4459999799728394,80,1934.280029296875,1226000,1226000,1219000,,,
23183133616-detail,23183133616,1780982791000,37.94383521191776,23.61602308228612,9.399999618530273,,134,1.4739999771118164,79,1936,1227000,1227000,1220000,,,
23183133616-detail,23183133616,1780982792000,37.943835547193885,23.616005312651396,9.199999809265137,,134,1.4839999675750732,78,1937.5400390625,1228000,1228000,1221000,,,
23183133616-detail,23183133616,1780982793000,37.94383227825165,23.615978993475437,8.600000381469727,,134,1.5019999742507935,78,1939.8699951171875,1229000,1229000,1222000,,,
23183133616-detail,23183133616,1780982794000,37.9438366368413,23.61595518887043,8.199999809265137,,134,1.5210000276565552,78,1941.989990234375,1230000,1230000,1223000,,,
23183133616-detail,23183133616,1780982795000,37.943839989602566,23.615927528589964,7.800000190734863,,134,1.5399999618530273,78,1944.4200439453125,1231000,1231000,1224000,,,
23183133616-detail,23183133616,1780982796000,37.94384552165866,23.615905148908496,7.400000095367432,,134,1.5679999589920044,78,1946.469970703125,1232000,1232000,1225000,,,
23183133616-detail,23183133616,1780982797000,37.943850718438625,23.61588637344539,7,,134,1.5859999656677246,78,1948.219970703125,1233000,1233000,1226000,,,
23183133616-detail,23183133616,1780982798000,37.943861447274685,23.615868603810668,6.599999904632568,,134,1.5959999561309814,78,1950.1800537109375,1234000,1234000,1227000,,,
23183133616-detail,23183133616,1780982799000,37.94387200847268,23.61585200764239,6.199999809265137,,134,1.6050000190734863,79,1952.050048828125,1235000,1235000,1228000,,,
23183133616-detail,23183133616,1780982800000,37.94387930072844,23.615837758406997,5.800000190734863,,134,1.6239999532699585,80,1953.5400390625,1236000,1236000,1229000,,,
23183133616-detail,23183133616,1780982801000,37.94388072565198,23.615825604647398,5.400000095367432,,134,1.6239999532699585,80,1954.6099853515625,1237000,1237000,1230000,,,
23183133616-detail,23183133616,1780982802000,37.94387988746166,23.61581303179264,5.199999809265137,,134,1.6139999628067017,79,1955.7099609375,1238000,1238000,1231000,,,
23183133616-detail,23183133616,1780982803000,37.94388231821358,23.61580180004239,4.800000190734863,,134,1.6139999628067017,79,1956.739990234375,1239000,1239000,1232000,,,
23183133616-detail,23183133616,1780982804000,37.943885419517756,23.615787215530872,4.400000095367432,,134,1.6050000190734863,78,1958.0699462890625,1240000,1240000,1233000,,,
23183133616-detail,23183133616,1780982805000,37.94388852082193,23.61577003262937,4,,134,1.5859999656677246,77,1959.6199951171875,1241000,1241000,1234000,,,
23183133616-detail,23183133616,1780982806000,37.94389539398253,23.615756705403328,3.5999999046325684,,134,1.5679999589920044,77,1961,1242000,1242000,1235000,,,
23183133616-detail,23183133616,1780982807000,37.94390972703695,23.615749329328537,3.4000000953674316,,133,1.5490000247955322,76,1962.7099609375,1243000,1243000,1236000,,,
23183133616-detail,23183133616,1780982808000,37.94392238371074,23.615745892748237,3.4000000953674316,,133,1.5299999713897705,76,1964.1400146484375,1244000,1244000,1237000,,,
23183133616-detail,23183133616,1780982809000,37.94393805786967,23.615742959082127,3.4000000953674316,,132,1.4930000305175781,76,1965.9000244140625,1245000,1245000,1238000,,,
23183133616-detail,23183133616,1780982810000,37.94394962489605,23.61574312672019,3.4000000953674316,,132,1.465000033378601,76,1967.1700439453125,1246000,1246000,1239000,,,
23183133616-detail,23183133616,1780982811000,37.94396135956049,23.615745222195983,3.4000000953674316,,132,1.4459999799728394,76,1968.489990234375,1247000,1247000,1240000,,,
23183133616-detail,23183133616,1780982812000,37.94397342950106,23.615746814757586,3.4000000953674316,,132,1.437000036239624,76,1969.8299560546875,1248000,1248000,1241000,,,
23183133616-detail,23183133616,1780982813000,37.94398793019354,23.61574564129114,3.4000000953674316,,132,1.4279999732971191,76,1971.43994140625,1249000,1249000,1242000,,,
23183133616-detail,23183133616,1780982814000,37.94399983249605,23.615743964910507,3.4000000953674316,,132,1.4279999732971191,76,1972.75,1250000,1250000,1243000,,,
23183133616-detail,23183133616,1780982815000,37.94401156716049,23.615743294358253,3.4000000953674316,,132,1.4279999732971191,74,1974.050048828125,1251000,1251000,1244000,,,
23183133616-detail,23183133616,1780982816000,37.94402338564396,23.615741785615683,3.4000000953674316,,131,1.4179999828338623,74,1975.3699951171875,1252000,1252000,1245000,,,
23183133616-detail,23183133616,1780982817000,37.94403905980289,23.615737929940224,3.4000000953674316,,132,1.4179999828338623,76,1977.1400146484375,1253000,1253000,1246000,,,
23183133616-detail,23183133616,1780982818000,37.94405465014279,23.615739522501826,3.5999999046325684,,132,1.4179999828338623,76,1978.8599853515625,1254000,1254000,1247000,,,
23183133616-detail,23183133616,1780982819000,37.944066133350134,23.615741031244397,3.799999952316284,,132,1.4179999828338623,76,1980.1400146484375,1255000,1255000,1248000,,,
23183133616-detail,23183133616,1780982820000,37.94408197514713,23.615741953253746,3.799999952316284,,132,1.4179999828338623,75,1981.9000244140625,1256000,1256000,1249000,,,
23183133616-detail,23183133616,1780982821000,37.94409412890673,23.615745389834046,4,,131,1.4179999828338623,75,1983.27001953125,1257000,1257000,1250000,,,
23183133616-detail,23183133616,1780982822000,37.944108629599214,23.615749748423696,4.199999809265137,,131,1.4179999828338623,75,1984.9200439453125,1258000,1258000,1251000,,,
23183133616-detail,23183133616,1780982823000,37.94412891380489,23.615751676261425,4.400000095367432,,131,1.4179999828338623,75,1987.1700439453125,1259000,1259000,1252000,,,
23183133616-detail,23183133616,1780982824000,37.94414668343961,23.61575435847044,4.599999904632568,,131,1.4279999732971191,75,1989.1500244140625,1260000,1260000,1253000,,,
23183133616-detail,23183133616,1780982825000,37.9441627766937,23.61575729213655,4.800000190734863,,131,1.4279999732971191,75,1990.949951171875,1261000,1261000,1254000,,,
23183133616-detail,23183133616,1780982826000,37.94417845085263,23.615760058164597,5,,131,1.437000036239624,75,1992.7099609375,1262000,1262000,1255000,,,
23183133616-detail,23183133616,1780982827000,37.9441905207932,23.615769110620022,5.199999809265137,,131,1.4459999799728394,75,1994.25,1263000,1263000,1256000,,,
23183133616-detail,23183133616,1780982828000,37.94420653022826,23.615777157247066,5.599999904632568,,131,1.4459999799728394,75,1996.1600341796875,1264000,1264000,1257000,,,
23183133616-detail,23183133616,1780982829000,37.94422237202525,23.615783946588635,6,,131,1.4559999704360962,75,1997.97998046875,1265000,1265000,1258000,,,
23183133616-detail,23183133616,1780982830000,37.944233352318406,23.61579392105341,6.400000095367432,,131,1.465000033378601,75,1999.47998046875,1266000,1266000,1259000,,,
23183133616-detail,23183133616,1780982831000,37.94424223713577,23.615808757022023,6.599999904632568,,131,1.4739999771118164,75,2001.1099853515625,1267000,1267000,1260000,,,
23183133616-detail,23183133616,1780982832000,37.94425212778151,23.615824347361922,7,,131,1.4839999675750732,75,2002.8399658203125,1268000,1268000,1261000,,,
23183133616-detail,23183133616,1780982833000,37.944261096417904,23.615838009864092,7.199999809265137,,131,1.4930000305175781,76,2004.3800048828125,1269000,1269000,1262000,,,
23183133616-detail,23183133616,1780982834000,37.94427123852074,23.615853181108832,7.599999904632568,,131,1.5019999742507935,76,2006.0899658203125,1270000,1270000,1263000,,,
23183133616-detail,23183133616,1780982835000,37.94427710585296,23.61586583778262,8,,132,1.5119999647140503,76,2007.3699951171875,1271000,1271000,1264000,,,
23183133616-detail,23183133616,1780982836000,37.9442872479558,23.615870447829366,8,,132,1.5210000276565552,76,2008.56005859375,1272000,1272000,1265000,,,
23183133616-detail,23183133616,1780982837000,37.94429739005864,23.61586818471551,8,,132,1.5210000276565552,76,2009.7099609375,1273000,1273000,1266000,,,
23183133616-detail,23183133616,1780982838000,37.94430912472308,23.615866424515843,8,,131,1.5210000276565552,76,2011.010009765625,1274000,1274000,1267000,,,
23183133616-detail,23183133616,1780982839000,37.94432094320655,23.61586818471551,8,,131,1.5210000276565552,76,2012.300048828125,1275000,1275000,1268000,,,
23183133616-detail,23183133616,1780982840000,37.944333013147116,23.61586776562035,8,,131,1.5210000276565552,76,2013.6400146484375,1276000,1276000,1269000,,,
23183133616-detail,23183133616,1780982841000,37.94434541836381,23.61586818471551,8,,131,1.5210000276565552,76,2015.010009765625,1277000,1277000,1270000,,,
23183133616-detail,23183133616,1780982842000,37.94435958378017,23.615866927430034,8,,131,1.5299999713897705,76,2016.5699462890625,1278000,1278000,1271000,,,
23183133616-detail,23183133616,1780982843000,37.9443718213588,23.615864580497146,8,,131,1.5299999713897705,76,2017.9300537109375,1279000,1279000,1272000,,,
23183133616-detail,23183133616,1780982844000,37.94438699260354,23.61586131155491,8,,131,1.5299999713897705,76,2019.6099853515625,1280000,1280000,1273000,,,
23183133616-detail,23183133616,1780982845000,37.94440224766731,23.61586189828813,8,,131,1.5299999713897705,76,2021.31005859375,1281000,1281000,1274000,,,
23183133616-detail,23183133616,1780982846000,37.944416077807546,23.615864496678114,8,,131,1.5299999713897705,76,2022.8499755859375,1282000,1282000,1275000,,,
23183133616-detail,23183133616,1780982847000,37.944430159404874,23.61586583778262,8,,131,1.5299999713897705,77,2024.4000244140625,1283000,1283000,1276000,,,
23183133616-detail,23183133616,1780982848000,37.9444444924593,23.615865921601653,8,,131,1.5299999713897705,77,2025.989990234375,1284000,1284000,1277000,,,
23183133616-detail,23183133616,1780982849000,37.94446092098951,23.61586667597294,8,,131,1.5299999713897705,76,2027.7900390625,1285000,1285000,1278000,,,
23183133616-detail,23183133616,1780982850000,37.9444735776633,23.61587254330516,8,,131,1.5399999618530273,76,2029.260009765625,1286000,1286000,1279000,,,
23183133616-detail,23183133616,1780982851000,37.94448615051806,23.61587757244706,8,,131,1.5399999618530273,76,2030.719970703125,1287000,1287000,1280000,,,
23183133616-detail,23183133616,1780982852000,37.944498136639595,23.615883272141218,7.800000190734863,,131,1.5399999618530273,77,2032.1500244140625,1288000,1288000,1281000,,,
23183133616-detail,23183133616,1780982853000,37.94451020658016,23.615889810025692,7.800000190734863,,131,1.5399999618530273,77,2033.5999755859375,1289000,1289000,1282000,,,
23183133616-detail,23183133616,1780982854000,37.94452236033976,23.615894839167595,7.800000190734863,,131,1.5399999618530273,77,2035.02001953125,1290000,1290000,1283000,,,
23183133616-detail,23183133616,1780982855000,37.94453652575612,23.61590380780399,7.800000190734863,,131,1.5399999618530273,77,2036.780029296875,1291000,1291000,1284000,,,
23183133616-detail,23183133616,1780982856000,37.94454834423959,23.61591654829681,7.599999904632568,,131,1.5399999618530273,77,2038.5,1292000,1292000,1285000,,,
23183133616-detail,23183133616,1780982857000,37.94455605559051,23.615927947685122,7.599999904632568,,131,1.5399999618530273,77,2039.800048828125,1293000,1293000,1286000,,,
23183133616-detail,23183133616,1780982858000,37.944563180208206,23.615942113101482,7.400000095367432,,130,1.5399999618530273,77,2041.27001953125,1294000,1294000,1287000,,,
23183133616-detail,23183133616,1780982859000,37.94456988573074,23.615958960726857,7.199999809265137,,131,1.5399999618530273,77,2042.9200439453125,1295000,1295000,1288000,,,
23183133616-detail,23183133616,1780982860000,37.944571897387505,23.61597480252385,7.199999809265137,,131,1.5399999618530273,77,2044.3199462890625,1296000,1296000,1289000,,,
23183133616-detail,23183133616,1780982861000,37.94457298703492,23.61599081195891,7,,131,1.5399999618530273,77,2045.72998046875,1297000,1297000,1290000,,,
23183133616-detail,23183133616,1780982862000,37.94457466341555,23.61601042561233,6.800000190734863,,131,1.5399999618530273,77,2047.469970703125,1298000,1298000,1291000,,,
23183133616-detail,23183133616,1780982863000,37.94457709416747,23.61603196710348,6.599999904632568,,131,1.5399999618530273,77,2049.3798828125,1299000,1299000,1292000,,,
23183133616-detail,23183133616,1780982864000,37.94457659125328,23.61605199985206,6.599999904632568,,131,1.5399999618530273,76,2051.139892578125,1300000,1300000,1293000,,,
23183133616-detail,23183133616,1780982865000,37.9445771779865,23.616068931296468,6.400000095367432,,131,1.5399999618530273,76,2052.6201171875,1301000,1301000,1294000,,,
23183133616-detail,23183133616,1780982866000,37.944579273462296,23.61608427017927,6.199999809265137,,131,1.5399999618530273,76,2053.989990234375,1302000,1302000,1295000,,,
23183133616-detail,23183133616,1780982867000,37.94458254240453,23.616102878004313,6,,131,1.5399999618530273,76,2055.659912109375,1303000,1303000,1296000,,,
23183133616-detail,23183133616,1780982868000,37.944583632051945,23.61611746251583,6,,131,1.5399999618530273,77,2056.949951171875,1304000,1304000,1297000,,,
23183133616-detail,23183133616,1780982869000,37.94458229094744,23.616131711751223,5.800000190734863,,131,1.5399999618530273,77,2058.2099609375,1305000,1305000,1298000,,,
23183133616-detail,23183133616,1780982870000,37.94457994401455,23.616143530234694,5.800000190734863,,131,1.5399999618530273,77,2059.27001953125,1306000,1306000,1299000,,,
23183133616-detail,23183133616,1780982871000,37.9445774294436,23.616156186908484,5.800000190734863,,131,1.5399999618530273,76,2060.419921875,1307000,1307000,1300000,,,
23183133616-detail,23183133616,1780982872000,37.94457701034844,23.61617068760097,5.800000190734863,,131,1.5399999618530273,76,2061.68994140625,1308000,1308000,1301000,,,
23183133616-detail,23183133616,1780982873000,37.94457801617682,23.616184014827013,5.800000190734863,,131,1.5399999618530273,75,2062.860107421875,1309000,1309000,1302000,,,
23183133616-detail,23183133616,1780982874000,37.944580195471644,23.61620186828077,5.599999904632568,,131,1.5299999713897705,75,2064.449951171875,1310000,1310000,1303000,,,
23183133616-detail,23183133616,1780982875000,37.94458296149969,23.61621762625873,5.599999904632568,,131,1.5299999713897705,76,2065.860107421875,1311000,1311000,1304000,,,
23183133616-detail,23183133616,1780982876000,37.94458639807999,23.616233384236693,5.400000095367432,,131,1.5299999713897705,76,2067.2900390625,1312000,1312000,1305000,,,
23183133616-detail,23183133616,1780982877000,37.94459134340286,23.616249058395624,5.400000095367432,,131,1.5210000276565552,76,2068.739990234375,1313000,1313000,1306000,,,
23183133616-detail,23183133616,1780982878000,37.94459503144026,23.616265319287777,5.199999809265137,,131,1.5210000276565552,74,2070.219970703125,1314000,1314000,1307000,,,
23183133616-detail,23183133616,1780982879000,37.94459863565862,23.61628065817058,5.199999809265137,,131,1.5119999647140503,74,2071.6201171875,1315000,1315000,1308000,,,
23183133616-detail,23183133616,1780982880000,37.94460089877248,23.61629582941532,5,,131,1.5119999647140503,75,2072.969970703125,1316000,1316000,1309000,,,
23183133616-detail,23183133616,1780982881000,37.94460383243859,23.616312090307474,5,,131,1.5119999647140503,75,2074.43994140625,1317000,1317000,1310000,,,
23183133616-detail,23183133616,1780982882000,37.94460500590503,23.616329859942198,5,,131,1.5119999647140503,75,2076,1318000,1318000,1311000,,,
23183133616-detail,23183133616,1780982883000,37.94460106641054,23.616347294300795,5,,131,1.5019999742507935,75,2077.570068359375,1319000,1319000,1312000,,,
23183133616-detail,23183133616,1780982884000,37.94459704309702,23.616364812478423,4.800000190734863,,131,1.5019999742507935,75,2079.179931640625,1320000,1320000,1313000,,,
23183133616-detail,23183133616,1780982885000,37.9445964563638,23.61638274975121,4.800000190734863,,131,1.5119999647140503,75,2080.760009765625,1321000,1321000,1314000,,,
23183133616-detail,23183133616,1780982887000,37.944604586809874,23.616412756964564,4.599999904632568,,131,1.5119999647140503,74,2083.570068359375,1323000,1323000,1316000,,,
23183133616-detail,23183133616,1780982888000,37.94461112469435,23.61642532981932,4.599999904632568,,131,1.5119999647140503,75,2084.8798828125,1324000,1324000,1317000,,,
23183133616-detail,23183133616,1780982889000,37.944618333131075,23.616441087797284,4.599999904632568,,131,1.5119999647140503,76,2086.47998046875,1325000,1325000,1318000,,,
23183133616-detail,23183133616,1780982890000,37.94462101534009,23.616457683965564,4.599999904632568,,131,1.5119999647140503,77,2087.949951171875,1326000,1326000,1319000,,,
23183133616-detail,23183133616,1780982891000,37.944624703377485,23.616472519934177,4.599999904632568,,131,1.5119999647140503,77,2089.300048828125,1327000,1327000,1320000,,,
23183133616-detail,23183133616,1780982892000,37.94462881051004,23.616490373387933,4.599999904632568,,130,1.5119999647140503,76,2090.929931640625,1328000,1328000,1321000,,,
23183133616-detail,23183133616,1780982893000,37.94463459402323,23.616507221013308,4.599999904632568,,130,1.5210000276565552,76,2092.5400390625,1329000,1329000,1322000,,,
23183133616-detail,23183133616,1780982894000,37.94464096426964,23.61652398481965,4.599999904632568,,130,1.5210000276565552,76,2094.179931640625,1330000,1330000,1323000,,,
23183133616-detail,23183133616,1780982895000,37.944645658135414,23.616539910435677,4.599999904632568,,130,1.5210000276565552,77,2095.669921875,1331000,1331000,1324000,,,
23183133616-detail,23183133616,1780982896000,37.944650519639254,23.61655726097524,4.599999904632568,,129,1.5210000276565552,79,2097.2900390625,1332000,1332000,1325000,,,
23183133616-detail,23183133616,1780982897000,37.944656973704696,23.61657469533384,4.599999904632568,,129,1.5299999713897705,79,2098.949951171875,1333000,1333000,1326000,,,
23183133616-detail,23183133616,1780982898000,37.94466502033174,23.61659145914018,4.599999904632568,,129,1.5299999713897705,78,2100.659912109375,1334000,1334000,1327000,,,
23183133616-detail,23183133616,1780982899000,37.944672061130404,23.616608222946525,4.599999904632568,,129,1.5399999618530273,78,2102.320068359375,1335000,1335000,1328000,,,
23183133616-detail,23183133616,1780982900000,37.944678431376815,23.616624316200614,4.599999904632568,,129,1.5490000247955322,78,2103.89990234375,1336000,1336000,1329000,,,
23183133616-detail,23183133616,1780982901000,37.944683292880654,23.616640074178576,4.599999904632568,,129,1.5490000247955322,77,2105.3798828125,1337000,1337000,1330000,,,
23183133616-detail,23183133616,1780982902000,37.944688154384494,23.61665398813784,4.599999904632568,,130,1.5579999685287476,77,2106.7099609375,1338000,1338000,1331000,,,
23183133616-detail,23183133616,1780982903000,37.94469201005995,23.616670751944184,4.599999904632568,,129,1.5579999685287476,77,2108.239990234375,1339000,1339000,1332000,,,
23183133616-detail,23183133616,1780982904000,37.94469569809735,23.61668818630278,4.599999904632568,,129,1.5679999589920044,77,2109.830078125,1340000,1340000,1333000,,,
23183133616-detail,23183133616,1780982905000,37.94469770975411,23.616704614832997,4.599999904632568,,129,1.5679999589920044,77,2111.280029296875,1341000,1341000,1334000,,,
23183133616-detail,23183133616,1780982906000,37.94470215216279,23.616721546277404,4.800000190734863,,130,1.5679999589920044,77,2112.85009765625,1342000,1342000,1335000,,,
23183133616-detail,23183133616,1780982907000,37.94470659457147,23.616739315912127,4.800000190734863,,130,1.5679999589920044,77,2114.47998046875,1343000,1343000,1336000,,,
23183133616-detail,23183133616,1780982908000,37.944712629541755,23.616754738613963,4.800000190734863,,130,1.5679999589920044,77,2115.989990234375,1344000,1344000,1337000,,,
23183133616-detail,23183133616,1780982909000,37.94471841305494,23.616770831868052,4.800000190734863,,130,1.5679999589920044,77,2117.530029296875,1345000,1345000,1338000,,,
23183133616-detail,23183133616,1780982910000,37.94472260400653,23.61678935587406,5,,130,1.5679999589920044,77,2119.219970703125,1346000,1346000,1339000,,,
23183133616-detail,23183133616,1780982911000,37.94472788460553,23.616805700585246,5,,130,1.5770000219345093,78,2120.77001953125,1347000,1347000,1340000,,,
23183133616-detail,23183133616,1780982912000,37.944733165204525,23.616819949820638,5,,130,1.5770000219345093,78,2122.14990234375,1348000,1348000,1341000,,,
23183133616-detail,23183133616,1780982913000,37.94474188238382,23.616835959255695,5.199999809265137,,131,1.5770000219345093,78,2123.85009765625,1349000,1349000,1342000,,,
23183133616-detail,23183133616,1780982914000,37.944749761372805,23.616851968690753,5.199999809265137,,131,1.5770000219345093,78,2125.510009765625,1350000,1350000,1343000,,,
23183133616-detail,23183133616,1780982915000,37.94475940056145,23.616865631192923,5.199999809265137,,131,1.5770000219345093,78,2127.1201171875,1351000,1351000,1344000,,,
23183133616-detail,23183133616,1780982916000,37.94476895593107,23.616880467161536,5.199999809265137,,131,1.5770000219345093,78,2128.7900390625,1352000,1352000,1345000,,,
23183133616-detail,23183133616,1780982917000,37.944777673110366,23.61689580604434,5.199999809265137,,131,1.5770000219345093,78,2130.449951171875,1353000,1353000,1346000,,,
23183133616-detail,23183133616,1780982918000,37.94478680938482,23.616909217089415,5.199999809265137,,131,1.5770000219345093,78,2132,1354000,1354000,1347000,,,
23183133616-detail,23183133616,1780982919000,37.94479644857347,23.61692313104868,5.199999809265137,,131,1.5859999656677246,78,2133.6201171875,1355000,1355000,1348000,,,
23183133616-detail,23183133616,1780982920000,37.94480508193374,23.616938050836325,5.199999809265137,,131,1.5859999656677246,78,2135.239990234375,1356000,1356000,1349000,,,
23183133616-detail,23183133616,1780982921000,37.94481338001788,23.616952383890748,5.199999809265137,,131,1.5859999656677246,78,2136.800048828125,1357000,1357000,1350000,,,
23183133616-detail,23183133616,1780982922000,37.94482134282589,23.616965292021632,5.199999809265137,,131,1.5859999656677246,78,2138.239990234375,1358000,1358000,1351000,,,
23183133616-detail,23183133616,1780982923000,37.94483173638582,23.616980127990246,5.199999809265137,,130,1.5959999561309814,78,2139.969970703125,1359000,1359000,1352000,,,
23183133616-detail,23183133616,1780982924000,37.94484104029834,23.616993622854352,5,,129,1.5959999561309814,81,2141.5400390625,1360000,1360000,1353000,,,
23183133616-detail,23183133616,1780982925000,37.944851350039244,23.617006866261363,5,,130,1.6050000190734863,81,2143.159912109375,1361000,1361000,1354000,,,
23183133616-detail,23183133616,1780982926000,37.94486140832305,23.617021031677723,5,,130,1.6050000190734863,81,2144.840087890625,1362000,1362000,1355000,,,
23183133616-detail,23183133616,1780982927000,37.944871885702014,23.61703268252313,5,,132,1.6139999628067017,81,2146.3701171875,1363000,1363000,1356000,,,
23183133616-detail,23183133616,1780982928000,37.94488093815744,23.617045087739825,5,,133,1.6139999628067017,81,2147.860107421875,1364000,1364000,1357000,,,
23183133616-detail,23183133616,1780982929000,37.94488831423223,23.617060175165534,5,,134,1.6139999628067017,78,2149.39990234375,1365000,1365000,1358000,,,
23183133616-detail,23183133616,1780982930000,37.94489518739283,23.617075849324465,5,,135,1.6239999532699585,78,2150.969970703125,1366000,1366000,1359000,,,
23183133616-detail,23183133616,1780982931000,37.94490147382021,23.617090182378888,5,,135,1.6239999532699585,77,2152.409912109375,1367000,1367000,1360000,,,
23183133616-detail,23183133616,1780982932000,37.94490834698081,23.617102839052677,5,,135,1.6139999628067017,76,2153.75,1368000,1368000,1361000,,,
23183133616-detail,23183133616,1780982933000,37.94491555541754,23.61711708828807,5,,135,1.6139999628067017,76,2155.239990234375,1369000,1369000,1362000,,,
23183133616-detail,23183133616,1780982934000,37.94492150656879,23.617132008075714,5,,135,1.6139999628067017,76,2156.7099609375,1370000,1370000,1363000,,,
23183133616-detail,23183133616,1780982935000,37.944925194606185,23.617145167663693,5,,135,1.6050000190734863,76,2157.909912109375,1371000,1371000,1364000,,,
23183133616-detail,23183133616,1780982936000,37.94493525288999,23.617157824337482,5,,135,1.6050000190734863,76,2159.47998046875,1372000,1372000,1365000,,,
23183133616-detail,23183133616,1780982937000,37.94494296424091,23.617173582315445,5,,135,1.6050000190734863,76,2161.110107421875,1373000,1373000,1366000,,,
23183133616-detail,23183133616,1780982938000,37.9449503403157,23.617189675569534,5,,135,1.5959999561309814,76,2162.739990234375,1374000,1374000,1367000,,,
23183133616-detail,23183133616,1780982939000,37.94495704583824,23.61720551736653,5,,134,1.5959999561309814,76,2164.320068359375,1375000,1375000,1368000,,,
23183133616-detail,23183133616,1780982940000,37.94496148824692,23.617221610620618,5,,134,1.5959999561309814,76,2165.820068359375,1376000,1376000,1369000,,,
23183133616-detail,23183133616,1780982941000,37.944963751360774,23.617240050807595,5,,133,1.5959999561309814,76,2167.449951171875,1377000,1377000,1370000,,,
23183133616-detail,23183133616,1780982942000,37.9449656791985,23.61725647933781,5.199999809265137,,133,1.5959999561309814,77,2168.919921875,1378000,1378000,1371000,,,
23183133616-detail,23183133616,1780982943000,37.94496551156044,23.617272153496742,5.199999809265137,,132,1.5959999561309814,77,2170.2900390625,1379000,1379000,1372000,,,
23183133616-detail,23183133616,1780982944000,37.94496534392238,23.61728967167437,5.199999809265137,,132,1.5959999561309814,77,2171.830078125,1380000,1380000,1373000,,,
23183133616-detail,23183133616,1780982945000,37.944964338093996,23.61730727367103,5.400000095367432,,132,1.5959999561309814,77,2173.3798828125,1381000,1381000,1374000,,,
23183133616-detail,23183133616,1780982946000,37.94496542774141,23.617323534563184,5.400000095367432,,132,1.5959999561309814,77,2174.81005859375,1382000,1382000,1375000,,,
23183133616-detail,23183133616,1780982947000,37.94496802613139,23.617339124903083,5.400000095367432,,132,1.5959999561309814,76,2176.2099609375,1383000,1383000,1376000,,,
23183133616-detail,23183133616,1780982948000,37.94497976079583,23.617351446300745,5.400000095367432,,132,1.5959999561309814,76,2177.8701171875,1384000,1384000,1377000,,,
23183133616-detail,23183133616,1780982949000,37.94498361647129,23.617366617545485,5.400000095367432,,132,1.5959999561309814,76,2179.260009765625,1385000,1385000,1378000,,,
23183133616-detail,23183133616,1780982950000,37.94498537667096,23.617378184571862,5.400000095367432,,133,1.5959999561309814,76,2180.260009765625,1386000,1386000,1379000,,,
23183133616-detail,23183133616,1780982951000,37.9449899867177,23.617397965863347,5.400000095367432,,133,1.5859999656677246,77,2182.070068359375,1387000,1387000,1380000,,,
23183133616-detail,23183133616,1780982952000,37.94498931616545,23.617415064945817,5.599999904632568,,133,1.5859999656677246,78,2183.570068359375,1388000,1388000,1381000,,,
23183133616-detail,23183133616,1780982953000,37.94498789124191,23.61743174493313,5.800000190734863,,133,1.5859999656677246,78,2185.0400390625,1389000,1389000,1382000,,,
23183133616-detail,23183133616,1780982954000,37.94498789124191,23.61744934692979,5.800000190734863,,134,1.5859999656677246,77,2186.580078125,1390000,1390000,1383000,,,
23183133616-detail,23183133616,1780982955000,37.94498856179416,23.617468625307083,6,,134,1.5859999656677246,77,2188.27001953125,1391000,1391000,1384000,,,
23183133616-detail,23183133616,1780982956000,37.944992082193494,23.61748463474214,6,,134,1.5859999656677246,77,2189.719970703125,1392000,1392000,1385000,,,
23183133616-detail,23183133616,1780982957000,37.94499484822154,23.61750072799623,6.199999809265137,,134,1.5859999656677246,78,2191.159912109375,1393000,1393000,1386000,,,
23183133616-detail,23183133616,1780982958000,37.94500247575343,23.61751497723162,6.199999809265137,,134,1.5770000219345093,78,2192.64990234375,1394000,1394000,1387000,,,
23183133616-detail,23183133616,1780982959000,37.945009768009186,23.617529813200235,6.199999809265137,,134,1.5770000219345093,78,2194.179931640625,1395000,1395000,1388000,,,
23183133616-detail,23183133616,1780982960000,37.945019071921706,23.617545822635293,6.199999809265137,,134,1.5770000219345093,78,2195.909912109375,1396000,1396000,1389000,,,
23183133616-detail,23183133616,1780982961000,37.945026364177465,23.617562502622604,6.400000095367432,,134,1.5770000219345093,78,2197.580078125,1397000,1397000,1390000,,,
23183133616-detail,23183133616,1780982962000,37.94503298588097,23.61757893115282,6.400000095367432,,134,1.5770000219345093,78,2199.2099609375,1398000,1398000,1391000,,,
23183133616-detail,23183133616,1780982963000,37.94503767974675,23.61759250983596,6.599999904632568,,134,1.5859999656677246,77,2200.510009765625,1399000,1399000,1392000,,,
23183133616-detail,23183133616,1780982964000,37.9450399428606,23.61760918982327,6.800000190734863,,134,1.5859999656677246,77,2201.989990234375,1400000,1400000,1393000,,,
23183133616-detail,23183133616,1780982965000,37.945040948688984,23.617622014135122,6.800000190734863,,134,1.5859999656677246,77,2203.1298828125,1401000,1401000,1394000,,,
23183133616-detail,23183133616,1780982966000,37.94504312798381,23.617640119045973,7,,134,1.5859999656677246,77,2204.72998046875,1402000,1402000,1395000,,,
23183133616-detail,23183133616,1780982967000,37.94504907913506,23.617659229785204,7.199999809265137,,134,1.5859999656677246,75,2206.52001953125,1403000,1403000,1396000,,,
23183133616-detail,23183133616,1780982968000,37.94505192898214,23.61767523922026,7.400000095367432,,134,1.5770000219345093,75,2207.9599609375,1404000,1404000,1397000,,,
23183133616-detail,23183133616,1780982969000,37.9450539406389,23.617693847045302,7.400000095367432,,134,1.5770000219345093,75,2209.60009765625,1405000,1405000,1398000,,,
23183133616-detail,23183133616,1780982970000,37.94505846686661,23.617707677185535,7.599999904632568,,134,1.5770000219345093,76,2210.919921875,1406000,1406000,1399000,,,
23183133616-detail,23183133616,1780982971000,37.94506181962788,23.61771857365966,7.599999904632568,,133,1.5770000219345093,76,2211.949951171875,1407000,1407000,1400000,,,
23183133616-detail,23183133616,1780982972000,37.94506802223623,23.617739276960492,7.800000190734863,,133,1.5770000219345093,76,2213.889892578125,1408000,1408000,1401000,,,
23183133616-detail,23183133616,1780982973000,37.94507145881653,23.61775478348136,8,,133,1.5679999589920044,76,2215.280029296875,1409000,1409000,1402000,,,
23183133616-detail,23183133616,1780982974000,37.94507497921586,23.61777288839221,8,,133,1.5679999589920044,76,2216.909912109375,1410000,1410000,1403000,,,
23183133616-detail,23183133616,1780982975000,37.94508093036711,23.617787640541792,8.199999809265137,,133,1.5679999589920044,76,2218.320068359375,1411000,1411000,1404000,,,
23183133616-detail,23183133616,1780982976000,37.94508621096611,23.61780415289104,8.199999809265137,,133,1.5679999589920044,77,2219.8798828125,1412000,1412000,1405000,,,
23183133616-detail,23183133616,1780982977000,37.94509115628898,23.61781882122159,8.399999618530273,,133,1.5579999685287476,77,2221.27001953125,1413000,1413000,1406000,,,
23183133616-detail,23183133616,1780982978000,37.94509300030768,23.61783105880022,8.399999618530273,,133,1.5579999685287476,77,2222.360107421875,1414000,1414000,1407000,,,
23183133616-detail,23183133616,1780982979000,37.94509794563055,23.617847906425595,8.600000381469727,,132,1.5579999685287476,77,2223.909912109375,1415000,1415000,1408000,,,
23183133616-detail,23183133616,1780982980000,37.9451057408005,23.617860060185194,8.600000381469727,,132,1.5579999685287476,76,2225.27001953125,1416000,1416000,1409000,,,
23183133616-detail,23183133616,1780982981000,37.945119151845574,23.61786961555481,8.600000381469727,,132,1.5579999685287476,76,2226.97998046875,1417000,1417000,1410000,,,
23183133616-detail,23183133616,1780982982000,37.94513029977679,23.61787104047835,8.600000381469727,,132,1.5490000247955322,76,2228.219970703125,1418000,1418000,1411000,,,
23183133616-detail,23183133616,1780982983000,37.945134826004505,23.617863496765494,8.399999618530273,,132,1.5490000247955322,76,2229.030029296875,1419000,1419000,1412000,,,
23183133616-detail,23183133616,1780982984000,37.94513960368931,23.61785444431007,8.399999618530273,,132,1.5399999618530273,76,2229.989990234375,1420000,1420000,1413000,,,
23183133616-detail,23183133616,1780982985000,37.945147482678294,23.61784170381725,8.199999809265137,,131,1.5399999618530273,76,2231.39990234375,1421000,1421000,1414000,,,
23183133616-detail,23183133616,1780982986000,37.945155864581466,23.617828711867332,8,,131,1.5299999713897705,75,2232.8701171875,1422000,1422000,1415000,,,
23183133616-detail,23183133616,1780982987000,37.945169443264604,23.61782083287835,7.800000190734863,,131,1.5299999713897705,74,2234.530029296875,1423000,1423000,1416000,,,
23183133616-detail,23183133616,1780982988000,37.9451852850616,23.617818150669336,7.599999904632568,,131,1.5210000276565552,74,2236.2900390625,1424000,1424000,1417000,,,
23183133616-detail,23183133616,1780982989000,37.945199785754085,23.617818988859653,7.599999904632568,,130,1.5210000276565552,74,2237.909912109375,1425000,1425000,1418000,,,
23183133616-detail,23183133616,1780982990000,37.94521328061819,23.6178217548877,7.400000095367432,,130,1.5210000276565552,74,2239.419921875,1426000,1426000,1419000,,,
23183133616-detail,23183133616,1780982991000,37.94522845186293,23.61782762221992,7.400000095367432,,130,1.5119999647140503,76,2241.179931640625,1427000,1427000,1420000,,,
23183133616-detail,23183133616,1780982992000,37.945240857079625,23.617834160104394,7.400000095367432,,129,1.5119999647140503,77,2242.669921875,1428000,1428000,1421000,,,
23183133616-detail,23183133616,1780982993000,37.94525384902954,23.61784036271274,7.400000095367432,,129,1.5119999647140503,77,2244.2099609375,1429000,1429000,1422000,,,
23183133616-detail,23183133616,1780982994000,37.94526566751301,23.617850253358483,7.400000095367432,,130,1.5119999647140503,77,2245.77001953125,1430000,1430000,1423000,,,
23183133616-detail,23183133616,1780982995000,37.94527807272971,23.61786131747067,7.400000095367432,,130,1.5119999647140503,77,2247.4599609375,1431000,1431000,1424000,,,
23183133616-detail,23183133616,1780982996000,37.94528947211802,23.61787204630673,7.400000095367432,,130,1.5119999647140503,77,2249.0400390625,1432000,1432000,1425000,,,
23183133616-detail,23183133616,1780982997000,37.945298943668604,23.61787984147668,7.400000095367432,,129,1.5119999647140503,78,2250.280029296875,1433000,1433000,1426000,,,
23183133616-detail,23183133616,1780982998000,37.94530464336276,23.617891743779182,7.599999904632568,,129,1.5119999647140503,78,2251.489990234375,1434000,1434000,1427000,,,
23183133616-detail,23183133616,1780982999000,37.945302966982126,23.617906160652637,7.800000190734863,,129,1.5119999647140503,76,2252.77001953125,1435000,1435000,1428000,,,
23183133616-detail,23183133616,1780983000000,37.94530011713505,23.617922086268663,8,,129,1.5019999742507935,76,2254.2099609375,1436000,1436000,1429000,,,
23183133616-detail,23183133616,1780983001000,37.945298943668604,23.617937844246626,8.199999809265137,,129,1.5019999742507935,76,2255.590087890625,1437000,1437000,1430000,,,
23183133616-detail,23183133616,1780983002000,37.94530011713505,23.617953769862652,8.199999809265137,,129,1.4930000305175781,76,2257,1438000,1438000,1431000,,,
23183133616-detail,23183133616,1780983003000,37.945301374420524,23.61796936020255,8.399999618530273,,130,1.4930000305175781,76,2258.3701171875,1439000,1439000,1432000,,,
23183133616-detail,23183133616,1780983004000,37.94530053623021,23.61798486672342,8.600000381469727,,130,1.4930000305175781,17,2259.72998046875,1440000,1440000,1433000,,,
23183133616-detail,23183133616,1780983005000,37.94529835693538,23.618000205606222,8.800000190734863,,130,1.4739999771118164,17,2261.080078125,1441000,1441000,1434000,,,
23183133616-detail,23183133616,1780983006000,37.945291735231876,23.61801386810839,9,,131,1.4559999704360962,56,2262.489990234375,1442000,1442000,1435000,,,
23183133616-detail,23183133616,1780983007000,37.945285784080625,23.618023339658976,9.199999809265137,,131,1.4559999704360962,56,2263.550048828125,1443000,1443000,1436000,,,
23183133616-detail,23183133616,1780983008000,37.9452801682055,23.61803138628602,9.199999809265137,,131,1.437000036239624,56,2264.489990234375,1444000,1444000,1437000,,,
23183133616-detail,23183133616,1780983009000,37.94527421705425,23.618041863664985,9.399999618530273,,131,1.4279999732971191,54,2265.6201171875,1445000,1445000,1438000,,,
23183133616-detail,23183133616,1780983010000,37.945268684998155,23.61805242486298,9.600000381469727,,131,1.409000039100647,54,2266.72998046875,1446000,1446000,1439000,,,
23183133616-detail,23183133616,1780983011000,37.94526399113238,23.618060806766152,9.600000381469727,,132,1.399999976158142,54,2267.6298828125,1447000,1447000,1440000,,,
23183133616-detail,23183133616,1780983012000,37.9452595487237,23.618073631078005,9.800000190734863,,132,1.3899999856948853,53,2268.8701171875,1448000,1448000,1441000,,,
23183133616-detail,23183133616,1780983013000,37.94525803998113,23.618084443733096,10,,132,1.38100004196167,53,2269.830078125,1449000,1449000,1442000,,,
23183133616-detail,23183133616,1780983014000,37.945258961990476,23.61809542402625,10.199999809265137,,132,1.3619999885559082,55,2270.800048828125,1450000,1450000,1443000,,,
23183133616-detail,23183133616,1780983015000,37.94526164419949,23.618106823414564,10.199999809265137,,132,1.3530000448226929,55,2271.85009765625,1451000,1451000,1444000,,,
23183133616-detail,23183133616,1780983016000,37.94526793062687,23.618117552250624,10.399999618530273,,132,1.343999981880188,55,2273.02001953125,1452000,1452000,1445000,,,
23183133616-detail,23183133616,1780983017000,37.94527287594974,23.618126017972827,10.399999618530273,,133,1.3250000476837158,55,2273.919921875,1453000,1453000,1446000,,,
23183133616-detail,23183133616,1780983018000,37.945278491824865,23.6181359924376,10.600000381469727,,133,1.315999984741211,54,2274.919921875,1454000,1454000,1447000,,,
23183133616-detail,23183133616,1780983019000,37.945282934233546,23.61814722418785,10.800000190734863,,133,1.2970000505447388,54,2276.010009765625,1455000,1455000,1448000,,,
23183133616-detail,23183133616,1780983020000,37.945286286994815,23.618161641061306,10.800000190734863,,133,1.2879999876022339,54,2277.320068359375,1456000,1456000,1449000,,,
23183133616-detail,23183133616,1780983021000,37.9452886339277,23.61817446537316,11,,133,1.2690000534057617,54,2278.4599609375,1457000,1457000,1450000,,,
23183133616-detail,23183133616,1780983022000,37.94529106467962,23.618187960237265,11.199999809265137,,133,1.2599999904632568,0,2279.669921875,1458000,1458000,1451000,,,
23183133616-detail,23183133616,1780983023000,37.94529475271702,23.618200113996863,11.399999618530273,,133,1.25,0,2280.77001953125,1459000,1459000,1452000,,,
23183133616-detail,23183133616,1780983024000,37.945297099649906,23.618212854489684,11.600000381469727,,134,1.2410000562667847,0,2281.89990234375,1460000,1460000,1453000,,,
23183133616-detail,23183133616,1780983025000,37.94529969803989,23.618227690458298,11.800000190734863,,133,1.2319999933242798,0,2283.2099609375,1461000,1461000,1454000,,,
23183133616-detail,23183133616,1780983026000,37.94529743492603,23.618240598589182,12,,132,1.2319999933242798,0,2284.3798828125,1462000,1462000,1455000,,,
23183133616-detail,23183133616,1780983027000,37.945295087993145,23.61825132742524,12.199999809265137,,130,1.222000002861023,0,2285.360107421875,1463000,1463000,1456000,,,
23183133616-detail,23183133616,1780983028000,37.94528997503221,23.618261385709047,12.199999809265137,,129,1.222000002861023,0,2286.409912109375,1464000,1464000,1457000,,,
23183133616-detail,23183133616,1780983029000,37.94528318569064,23.618269599974155,12.399999618530273,,130,1.2130000591278076,0,2287.419921875,1465000,1465000,1458000,,,
23183133616-detail,23183133616,1780983030000,37.945279413834214,23.618282256647944,12.600000381469727,,132,1.2130000591278076,51,2288.610107421875,1466000,1466000,1459000,,,
23183133616-detail,23183133616,1780983031000,37.94527539052069,23.618295080959797,12.600000381469727,,134,1.2130000591278076,54,2289.820068359375,1467000,1467000,1460000,,,
23183133616-detail,23183133616,1780983032000,37.94526885263622,23.61831092275679,12.800000190734863,,134,1.2039999961853027,54,2291.389892578125,1468000,1468000,1461000,,,
23183133616-detail,23183133616,1780983033000,37.94526147656143,23.618325339630246,13,,134,1.2039999961853027,54,2292.889892578125,1469000,1469000,1462000,,,
23183133616-detail,23183133616,1780983034000,37.94525686651468,23.618339085951447,13.199999809265137,,134,1.2039999961853027,54,2294.2099609375,1470000,1470000,1463000,,,
23183133616-detail,23183133616,1780983035000,37.945253094658256,23.61835048533976,13.399999618530273,,135,1.2130000591278076,54,2295.280029296875,1471000,1471000,1464000,,,
23183133616-detail,23183133616,1780983036000,37.94525393284857,23.618361549451947,13.399999618530273,,136,1.2130000591278076,54,2296.260009765625,1472000,1472000,1465000,,,
23183133616-detail,23183133616,1780983037000,37.94525686651468,23.618373032659292,13.600000381469727,,137,1.2039999961853027,54,2297.320068359375,1473000,1473000,1466000,,,
23183133616-detail,23183133616,1780983038000,37.94526105746627,23.61838317476213,13.600000381469727,,138,1.2039999961853027,54,2298.31005859375,1474000,1474000,1467000,,,
23183133616-detail,23183133616,1780983039000,37.94526700861752,23.618392730131745,13.600000381469727,,138,1.2039999961853027,54,2299.3798828125,1475000,1475000,1468000,,,
23183133616-detail,23183133616,1780983040000,37.945273630321026,23.618404045701027,13.600000381469727,,138,1.194000005722046,54,2300.610107421875,1476000,1476000,1469000,,,
23183133616-detail,23183133616,1780983041000,37.94528008438647,23.618417540565133,13.600000381469727,,138,1.194000005722046,53,2302,1477000,1477000,1470000,,,
23183133616-detail,23183133616,1780983042000,37.94528553262353,23.61843204125762,13.600000381469727,,138,1.194000005722046,53,2303.39990234375,1478000,1478000,1471000,,,
23183133616-detail,23183133616,1780983043000,37.94529106467962,23.61844914034009,13.600000381469727,,138,1.194000005722046,54,2305.02001953125,1479000,1479000,1472000,,,
23183133616-detail,23183133616,1780983044000,37.94529684819281,23.618464898318052,13.800000190734863,,138,1.194000005722046,55,2306.550048828125,1480000,1480000,1473000,,,
23183133616-detail,23183133616,1780983045000,37.945301374420524,23.618482667952776,13.800000190734863,,139,1.194000005722046,55,2308.18994140625,1481000,1481000,1474000,,,
23183133616-detail,23183133616,1780983046000,37.94530464336276,23.618500353768468,13.800000190734863,,139,1.2039999961853027,55,2309.77001953125,1482000,1482000,1475000,,,
23183133616-detail,23183133616,1780983047000,37.94530673883855,23.61851175315678,13.800000190734863,,139,1.2039999961853027,55,2310.800048828125,1483000,1483000,1476000,,,
23183133616-detail,23183133616,1780983048000,37.94530749320984,23.61852583475411,14,,139,1.2130000591278076,55,2312.0400390625,1484000,1484000,1477000,,,
23183133616-detail,23183133616,1780983049000,37.94531034305692,23.61854100599885,14,,139,1.222000002861023,55,2313.39990234375,1485000,1485000,1478000,,,
23183133616-detail,23183133616,1780983050000,37.94531160034239,23.618551064282656,14,,140,1.222000002861023,55,2314.2900390625,1486000,1486000,1479000,,,
23183133616-detail,23183133616,1780983051000,37.94531243853271,23.61856891773641,14,,140,1.2319999933242798,55,2315.860107421875,1487000,1487000,1480000,,,
23183133616-detail,23183133616,1780983052000,37.94531445018947,23.61858115531504,14.199999809265137,,140,1.2319999933242798,55,2316.949951171875,1488000,1488000,1481000,,,
23183133616-detail,23183133616,1780983053000,37.945320066064596,23.61859825439751,14.199999809265137,,140,1.2319999933242798,56,2318.580078125,1489000,1489000,1482000,,,
23183133616-detail,23183133616,1780983054000,37.94532475993037,23.618613593280315,14.399999618530273,,140,1.2319999933242798,56,2320.02001953125,1490000,1490000,1483000,,,
23183133616-detail,23183133616,1780983055000,37.94533255510032,23.618624657392502,14.399999618530273,,140,1.2319999933242798,56,2321.320068359375,1491000,1491000,1484000,,,
23183133616-detail,23183133616,1780983056000,37.94534060172737,23.61862801015377,14.399999618530273,,140,1.2410000562667847,56,2322.25,1492000,1492000,1485000,,,
23183133616-detail,23183133616,1780983057000,37.945349318906665,23.61862708814442,14.199999809265137,,140,1.2410000562667847,48,2323.219970703125,1493000,1493000,1486000,,,
23183133616-detail,23183133616,1780983058000,37.94535703025758,23.618620885536075,14.199999809265137,,141,1.2319999933242798,48,2324.22998046875,1494000,1494000,1487000,,,
23183133616-detail,23183133616,1780983059000,37.945362478494644,23.618614180013537,14,,141,1.222000002861023,48,2325.070068359375,1495000,1495000,1488000,,,
23183133616-detail,23183133616,1780983060000,37.94537153095007,23.618605798110366,14,,142,1.2039999961853027,48,2326.31005859375,1496000,1496000,1489000,,,
23183133616-detail,23183133616,1780983061000,37.94537999667227,23.618600349873304,14,,142,1.194000005722046,52,2327.35009765625,1497000,1497000,1490000,,,
23183133616-detail,23183133616,1780983062000,37.94539164751768,23.61859766766429,13.800000190734863,,143,1.194000005722046,52,2328.659912109375,1498000,1498000,1491000,,,
23183133616-detail,23183133616,1780983063000,37.94540690258145,23.61859959550202,13.800000190734863,,143,1.2039999961853027,52,2330.360107421875,1499000,1499000,1492000,,,
23183133616-detail,23183133616,1780983064000,37.94541855342686,23.61860303208232,13.800000190734863,,144,1.2039999961853027,52,2331.679931640625,1500000,1500000,1493000,,,
23183133616-detail,23183133616,1780983065000,37.945425007492304,23.618603702634573,13.800000190734863,,144,1.2039999961853027,52,2332.389892578125,1501000,1501000,1494000,,,
23183133616-detail,23183133616,1780983066000,37.94543649069965,23.618607809767127,13.800000190734863,,143,1.184999942779541,52,2333.7099609375,1502000,1502000,1495000,,,
23183133616-detail,23183133616,1780983067000,37.94544294476509,23.61861526966095,13.800000190734863,,143,1.1759999990463257,51,2334.679931640625,1503000,1503000,1496000,,,
23183133616-detail,23183133616,1780983069000,37.9454511590302,23.61862457357347,14,,142,1.1660000085830688,50,2335.89990234375,1505000,1505000,1498000,,,
23183133616-detail,23183133616,1780983070000,37.94546037912369,23.61863773316145,14,,141,1.1660000085830688,50,2337.43994140625,1506000,1506000,1499000,,,
23183133616-detail,23183133616,1780983071000,37.94546817429364,23.61864653415978,14,,140,1.1660000085830688,51,2338.60009765625,1507000,1507000,1500000,,,
23183133616-detail,23183133616,1780983072000,37.94547806493938,23.618653994053602,14,,139,1.1660000085830688,51,2339.8701171875,1508000,1508000,1501000,,,
23183133616-detail,23183133616,1780983073000,37.94548435136676,23.618655167520046,14,,138,1.1660000085830688,51,2340.580078125,1509000,1509000,1502000,,,
23183133616-detail,23183133616,1780983074000,37.94549256563187,23.618648881092668,14,,138,1.1660000085830688,52,2341.639892578125,1510000,1510000,1503000,,,
23183133616-detail,23183133616,1780983075000,37.94549667276442,23.618640834465623,14,,138,1.1660000085830688,52,2342.43994140625,1511000,1511000,1504000,,,
23183133616-detail,23183133616,1780983076000,37.94550706632435,23.618630524724722,14,,137,1.156999945640564,52,2343.89990234375,1512000,1512000,1505000,,,
23183133616-detail,23183133616,1780983077000,37.945514442399144,23.61862499266863,14,,137,1.156999945640564,51,2344.85009765625,1513000,1513000,1506000,,,
23183133616-detail,23183133616,1780983078000,37.94552709907293,23.618616107851267,13.800000190734863,,137,1.156999945640564,51,2346.449951171875,1514000,1514000,1507000,,,
23183133616-detail,23183133616,1780983079000,37.94553816318512,23.618608731776476,13.800000190734863,,136,1.156999945640564,50,2347.840087890625,1515000,1515000,1508000,,,
23183133616-detail,23183133616,1780983080000,37.94554729945958,23.61860445700586,13.800000190734863,,135,1.1660000085830688,49,2348.909912109375,1516000,1516000,1509000,,,
23183133616-detail,23183133616,1780983081000,37.94555769301951,23.61860504373908,13.800000190734863,,135,1.1660000085830688,49,2350.06005859375,1517000,1517000,1510000,,,
23183133616-detail,23183133616,1780983082000,37.945563811808825,23.61860940232873,13.800000190734863,,134,1.1660000085830688,49,2350.85009765625,1518000,1518000,1511000,,,
23183133616-detail,23183133616,1780983083000,37.94557370245457,23.618620298802853,14,,133,1.156999945640564,50,2352.2900390625,1519000,1519000,1512000,,,
23183133616-detail,23183133616,1780983084000,37.94558107852936,23.618633626028895,14,,132,1.156999945640564,50,2353.719970703125,1520000,1520000,1513000,,,
23183133616-detail,23183133616,1780983085000,37.94558711349964,23.61864452250302,14,,130,1.156999945640564,50,2354.8798828125,1521000,1521000,1514000,,,
23183133616-detail,23183133616,1780983086000,37.94559323228896,23.618649300187826,14,,130,1.156999945640564,50,2355.669921875,1522000,1522000,1515000,,,
23183133616-detail,23183133616,1780983087000,37.94559935107827,23.61865332350135,14,,130,1.156999945640564,50,2356.429931640625,1523000,1523000,1516000,,,
23183133616-detail,23183133616,1780983088000,37.94560597278178,23.61865726299584,14,,129,1.1480000019073486,49,2357.25,1524000,1524000,1517000,,,
23183133616-detail,23183133616,1780983089000,37.94561452232301,23.61865684390068,14,,128,1.1480000019073486,49,2358.179931640625,1525000,1525000,1518000,,,
23183133616-detail,23183133616,1780983090000,37.94562449678779,23.618651563301682,14,,129,1.1380000114440918,50,2359.360107421875,1526000,1526000,1519000,,,
23183133616-detail,23183133616,1780983091000,37.945628352463245,23.618645193055272,14,,128,1.1380000114440918,50,2359.989990234375,1527000,1527000,1520000,,,
23183133616-detail,23183133616,1780983092000,37.945635728538036,23.61864066682756,14,,128,1.128999948501587,45,2360.89990234375,1528000,1528000,1521000,,,
23183133616-detail,23183133616,1780983093000,37.945645870640874,23.618638487532735,14,,127,1.1200000047683716,0,2362.010009765625,1529000,1529000,1522000,,,
23183133616-detail,23183133616,1780983094000,37.94565886259079,23.61863278783858,14,,128,1.1100000143051147,45,2363.530029296875,1530000,1530000,1523000,,,
23183133616-detail,23183133616,1780983095000,37.94566732831299,23.618630608543754,14,,128,1.1009999513626099,0,2364.5,1531000,1531000,1524000,,,
23183133616-detail,23183133616,1780983096000,37.94567587785423,23.618632201105356,14,,128,1.0920000076293945,0,2365.43994140625,1532000,1532000,1525000,,,
23183133616-detail,23183133616,1780983097000,37.945685852319,23.61863379366696,14,,128,1.0820000171661377,0,2366.56005859375,1533000,1533000,1526000,,,
23183133616-detail,23183133616,1780983098000,37.94569364748895,23.61864158883691,14,,128,1.0729999542236328,0,2367.64990234375,1534000,1534000,1527000,,,
23183133616-detail,23183133616,1780983099000,37.945703621953726,23.618650306016207,14,,128,1.0640000104904175,0,2368.97998046875,1535000,1535000,1528000,,,
23183133616-detail,23183133616,1780983100000,37.94571083039045,23.618656089529395,14,,127,1.0640000104904175,0,2369.929931640625,1536000,1536000,1529000,,,
23183133616-detail,23183133616,1780983101000,37.9457186255604,23.618658604100347,14,,127,1.0540000200271606,0,2370.820068359375,1537000,1537000,1530000,,,
23183133616-detail,23183133616,1780983102000,37.94572792947292,23.618659023195505,14,,126,1.0449999570846558,47,2371.85009765625,1538000,1538000,1531000,,,
23183133616-detail,23183133616,1780983103000,37.94573714956641,23.618658101186156,14,,126,1.0360000133514404,48,2372.8798828125,1539000,1539000,1532000,,,
23183133616-detail,23183133616,1780983104000,37.94574729166925,23.61865919083357,14,,126,1.0360000133514404,50,2374.010009765625,1540000,1540000,1533000,,,
23183133616-detail,23183133616,1780983105000,37.9457585234195,23.618665225803852,14,,125,1.0260000228881836,50,2375.3701171875,1541000,1541000,1534000,,,
23183133616-detail,23183133616,1780983106000,37.94576631858945,23.61867729574442,14,,125,1.0260000228881836,50,2376.72998046875,1542000,1542000,1535000,,,
23183133616-detail,23183133616,1780983107000,37.94577210210264,23.618689700961113,14,,124,1.0360000133514404,50,2377.97998046875,1543000,1543000,1536000,,,
23183133616-detail,23183133616,1780983108000,37.945772018283606,23.618704453110695,14,,124,1.0449999570846558,52,2379.280029296875,1544000,1544000,1537000,,,
23183133616-detail,23183133616,1780983109000,37.9457672405988,23.61871845088899,14,,123,1.0449999570846558,52,2380.610107421875,1545000,1545000,1538000,,,
23183133616-detail,23183133616,1780983110000,37.94576246291399,23.61873253248632,14,,123,1.0540000200271606,54,2381.93994140625,1546000,1546000,1539000,,,
23183133616-detail,23183133616,1780983111000,37.9457619599998,23.61874485388398,14,,124,1.0640000104904175,54,2382.989990234375,1547000,1547000,1540000,,,
23183133616-detail,23183133616,1780983112000,37.94576439075172,23.61875792965293,14,,123,1.0729999542236328,52,2384.1298828125,1548000,1548000,1541000,,,
23183133616-detail,23183133616,1780983113000,37.945769587531686,23.61876865848899,14,,123,1.0729999542236328,0,2385.22998046875,1549000,1549000,1542000,,,
23183133616-detail,23183133616,1780983114000,37.94577956199646,23.618780812248588,14,,123,1.0729999542236328,0,2386.77001953125,1550000,1550000,1543000,,,
23183133616-detail,23183133616,1780983115000,37.94578643515706,23.61878776922822,14,,123,1.0729999542236328,0,2387.75,1551000,1551000,1544000,,,
23183133616-detail,23183133616,1780983116000,37.94579925946891,23.618793385103345,14,,123,1.0820000171661377,0,2389.25,1552000,1552000,1545000,,,
23183133616-detail,23183133616,1780983117000,37.94580998830497,23.61879858188331,14,,123,1.0820000171661377,70,2390.530029296875,1553000,1553000,1546000,,,
23183133616-detail,23183133616,1780983118000,37.94582105241716,23.618806712329388,14,,126,1.0920000076293945,72,2391.949951171875,1554000,1554000,1547000,,,
23183133616-detail,23183133616,1780983119000,37.94583387672901,23.618815848603845,14,,124,1.1009999513626099,72,2393.56005859375,1555000,1555000,1548000,,,
23183133616-detail,23183133616,1780983120000,37.945843348279595,23.61882590688765,14,,123,1.1200000047683716,71,2394.93994140625,1556000,1556000,1549000,,,
23183133616-detail,23183133616,1780983121000,37.945853574201465,23.618833115324378,14,,124,1.1200000047683716,71,2396.219970703125,1557000,1557000,1550000,,,
23183133616-detail,23183133616,1780983122000,37.94586505740881,23.61883864738047,14,,124,1.1380000114440918,71,2397.580078125,1558000,1558000,1551000,,,
23183133616-detail,23183133616,1780983123000,37.94587695971131,23.61884593963623,14,,124,1.1380000114440918,71,2399.050048828125,1559000,1559000,1552000,,,
23183133616-detail,23183133616,1780983124000,37.94589003548026,23.618853148072958,14,,124,1.1480000019073486,73,2400.6298828125,1560000,1560000,1553000,,,
23183133616-detail,23183133616,1780983125000,37.94589975848794,23.618860859423876,14,,125,1.156999945640564,73,2401.89990234375,1561000,1561000,1554000,,,
23183133616-detail,23183133616,1780983126000,37.94590797275305,23.618867732584476,14,,124,1.1759999990463257,73,2402.989990234375,1562000,1562000,1555000,,,
23183133616-detail,23183133616,1780983127000,37.94591870158911,23.618880808353424,14,,124,1.1759999990463257,73,2404.639892578125,1563000,1563000,1556000,,,
23183133616-detail,23183133616,1780983128000,37.94592775404453,23.61889178864658,14,,124,1.194000005722046,76,2406.030029296875,1564000,1564000,1557000,,,
23183133616-detail,23183133616,1780983129000,37.945935633033514,23.61890117637813,14,,124,1.2039999961853027,76,2407.22998046875,1565000,1565000,1558000,,,
23183133616-detail,23183133616,1780983130000,37.94594435021281,23.618907127529383,14,,127,1.2039999961853027,74,2408.31005859375,1566000,1566000,1559000,,,
23183133616-detail,23183133616,1780983131000,37.945956671610475,23.618910731747746,14,,124,1.2130000591278076,74,2409.7099609375,1567000,1567000,1560000,,,
23183133616-detail,23183133616,1780983132000,37.94596882537007,23.618917353451252,14,,125,1.222000002861023,74,2411.169921875,1568000,1568000,1561000,,,
23183133616-detail,23183133616,1780983133000,37.94598056003451,23.618927160277963,14.199999809265137,,124,1.222000002861023,72,2412.699951171875,1569000,1569000,1562000,,,
23183133616-detail,23183133616,1780983134000,37.94599120505154,23.618938643485308,14.399999618530273,,124,1.2319999933242798,72,2414.25,1570000,1570000,1563000,,,
23183133616-detail,23183133616,1780983135000,37.946001095697284,23.6189494561404,14.399999618530273,,123,1.2319999933242798,72,2415.699951171875,1571000,1571000,1564000,,,
23183133616-detail,23183133616,1780983136000,37.9460090585053,23.61895733512938,14.600000381469727,,125,1.2319999933242798,72,2416.820068359375,1572000,1572000,1565000,,,
23183133616-detail,23183133616,1780983137000,37.94602062553167,23.618970159441233,14.600000381469727,,126,1.2410000562667847,72,2418.530029296875,1573000,1573000,1566000,,,
23183133616-detail,23183133616,1780983138000,37.94602716341615,23.618979966267943,14.800000190734863,,127,1.2410000562667847,73,2419.64990234375,1574000,1574000,1567000,,,
23183133616-detail,23183133616,1780983139000,37.946034707129,23.618994215503335,14.800000190734863,,126,1.2410000562667847,73,2421.159912109375,1575000,1575000,1568000,,,
23183133616-detail,23183133616,1780983140000,37.94603646732867,23.619011230766773,14.800000190734863,,127,1.2410000562667847,73,2422.669921875,1576000,1576000,1569000,,,
23183133616-detail,23183133616,1780983141000,37.94603554531932,23.619028329849243,14.800000190734863,,127,1.25,72,2424.169921875,1577000,1577000,1570000,,,
23183133616-detail,23183133616,1780983142000,37.94603663496673,23.619042495265603,14.800000190734863,,127,1.2599999904632568,72,2425.419921875,1578000,1578000,1571000,,,
23183133616-detail,23183133616,1780983143000,37.94603956863284,23.61905456520617,14.800000190734863,,128,1.2599999904632568,71,2426.52001953125,1579000,1579000,1572000,,,
23183133616-detail,23183133616,1780983144000,37.9460434243083,23.619060683995485,15,,128,1.2599999904632568,72,2427.090087890625,1580000,1580000,1573000,,,
23183133616-detail,23183133616,1780983145000,37.9460502974689,23.61906428821385,15,,128,1.2599999904632568,73,2427.919921875,1581000,1581000,1574000,,,
23183133616-detail,23183133616,1780983146000,37.94605918228626,23.619072502478957,15.199999809265137,,130,1.2599999904632568,73,2429.1298828125,1582000,1582000,1575000,,,
23183133616-detail,23183133616,1780983147000,37.94606622308493,23.619082644581795,15.199999809265137,,130,1.2599999904632568,73,2430.280029296875,1583000,1583000,1576000,,,
23183133616-detail,23183133616,1780983148000,37.94606739655137,23.619095971807837,15.199999809265137,,131,1.2690000534057617,73,2431.43994140625,1584000,1584000,1577000,,,
23183133616-detail,23183133616,1780983149000,37.94606203213334,23.61911474727094,15.199999809265137,,132,1.2690000534057617,73,2433.18994140625,1585000,1585000,1578000,,,
23183133616-detail,23183133616,1780983150000,37.946053482592106,23.61912924796343,15,,132,1.2690000534057617,73,2434.77001953125,1586000,1586000,1579000,,,
23183133616-detail,23183133616,1780983151000,37.94604300521314,23.619143329560757,15,,132,1.2599999904632568,73,2436.449951171875,1587000,1587000,1580000,,,
23183133616-detail,23183133616,1780983152000,37.946027498692274,23.619152046740055,14.800000190734863,,133,1.2599999904632568,73,2438.330078125,1588000,1588000,1581000,,,
23183133616-detail,23183133616,1780983153000,37.94601324945688,23.619158919900656,14.600000381469727,,135,1.2599999904632568,74,2440.02001953125,1589000,1589000,1582000,,,
23183133616-detail,23183133616,1780983154000,37.945999670773745,23.619166212156415,14.399999618530273,,136,1.2690000534057617,74,2441.64990234375,1590000,1590000,1583000,,,
23183133616-detail,23183133616,1780983155000,37.94598860666156,23.619168056175113,14.399999618530273,,137,1.277999997138977,74,2442.889892578125,1591000,1591000,1584000,,,
23183133616-detail,23183133616,1780983156000,37.94597293250263,23.619166715070605,14.199999809265137,,138,1.277999997138977,74,2444.6298828125,1592000,1592000,1585000,,,
23183133616-detail,23183133616,1780983157000,37.9459588509053,23.619164200499654,14,,138,1.2879999876022339,74,2446.18994140625,1593000,1593000,1586000,,,
23183133616-detail,23183133616,1780983158000,37.945944853127,23.619165290147066,14,,139,1.2970000505447388,74,2447.739990234375,1594000,1594000,1587000,,,
23183133616-detail,23183133616,1780983159000,37.94592968188226,23.61916637979448,14,,140,1.305999994277954,75,2449.419921875,1595000,1595000,1588000,,,
23183133616-detail,23183133616,1780983160000,37.9459120798856,23.619166212156415,14,,141,1.315999984741211,77,2451.3701171875,1596000,1596000,1589000,,,
23183133616-detail,23183133616,1780983161000,37.94589632190764,23.619166128337383,14,,141,1.3250000476837158,77,2453.1201171875,1597000,1597000,1590000,,,
23183133616-detail,23183133616,1780983162000,37.94588156975806,23.619165625423193,14,,141,1.343999981880188,77,2454.760009765625,1598000,1598000,1591000,,,
23183133616-detail,23183133616,1780983163000,37.945864889770746,23.61916604451835,14,,141,1.3530000448226929,77,2456.590087890625,1599000,1599000,1592000,,,
23183133616-detail,23183133616,1780983164000,37.9458499699831,23.61916344612837,14,,140,1.371999979019165,76,2458.260009765625,1600000,1600000,1593000,,,
23183133616-detail,23183133616,1780983165000,37.94583412818611,23.619162943214178,14,,140,1.38100004196167,76,2460.010009765625,1601000,1601000,1594000,,,
23183133616-detail,23183133616,1780983166000,37.94582054950297,23.619163865223527,14,,140,1.3899999856948853,76,2461.52001953125,1602000,1602000,1595000,,,
23183133616-detail,23183133616,1780983167000,37.94580755755305,23.619165122509003,14,,140,1.399999976158142,77,2462.9599609375,1603000,1603000,1596000,,,
23183133616-detail,23183133616,1780983168000,37.94579582288861,23.619168810546398,14,,140,1.409000039100647,78,2464.27001953125,1604000,1604000,1597000,,,
23183133616-detail,23183133616,1780983169000,37.94578635133803,23.61917191185057,14,,140,1.409000039100647,77,2465.340087890625,1605000,1605000,1598000,,,
23183133616-detail,23183133616,1780983170000,37.945774449035525,23.619173588231206,14,,140,1.4179999828338623,77,2466.659912109375,1606000,1606000,1599000,,,
23183133616-detail,23183133616,1780983171000,37.94576103799045,23.619173001497984,14,,141,1.4179999828338623,77,2468.14990234375,1607000,1607000,1600000,,,
23183133616-detail,23183133616,1780983172000,37.945748046040535,23.619173923507333,14,,141,1.4179999828338623,77,2469.580078125,1608000,1608000,1601000,,,
23183133616-detail,23183133616,1780983173000,37.94573329389095,23.6191738396883,14,,141,1.4279999732971191,77,2471.199951171875,1609000,1609000,1602000,,,
23183133616-detail,23183133616,1780983174000,37.94571837410331,23.61917627044022,14,,141,1.4279999732971191,76,2472.8701171875,1610000,1610000,1603000,,,
23183133616-detail,23183133616,1780983175000,37.945703538134694,23.619178282096982,14,,140,1.4279999732971191,76,2474.52001953125,1611000,1611000,1604000,,,
23183133616-detail,23183133616,1780983176000,37.945691384375095,23.61918155103922,14,,139,1.4279999732971191,76,2475.889892578125,1612000,1612000,1605000,,,
23183133616-detail,23183133616,1780983177000,37.94567906297743,23.619188843294978,14,,139,1.4279999732971191,75,2477.39990234375,1613000,1613000,1606000,,,
23183133616-detail,23183133616,1780983178000,37.94566749595106,23.619197141379118,14,,138,1.4279999732971191,75,2478.8701171875,1614000,1614000,1607000,,,
23183133616-detail,23183133616,1780983179000,37.94565383344889,23.619207199662924,14.199999809265137,,137,1.4279999732971191,75,2480.6298828125,1615000,1615000,1608000,,,
23183133616-detail,23183133616,1780983180000,37.94564226642251,23.619220359250903,14.399999618530273,,137,1.437000036239624,75,2482.35009765625,1616000,1616000,1609000,,,
23183133616-detail,23183133616,1780983181000,37.94563455507159,23.619234273210168,14.600000381469727,,136,1.437000036239624,76,2483.85009765625,1617000,1617000,1610000,,,
23183133616-detail,23183133616,1780983182000,37.94563103467226,23.61924516968429,14.600000381469727,,135,1.437000036239624,78,2484.8798828125,1618000,1618000,1611000,,,
23183133616-detail,23183133616,1780983183000,37.9456274304539,23.619258580729365,14.800000190734863,,135,1.4459999799728394,78,2486.1201171875,1619000,1619000,1612000,,,
23183133616-detail,23183133616,1780983184000,37.94562416151166,23.619275260716677,15,,134,1.4459999799728394,78,2487.6201171875,1620000,1620000,1613000,,,
23183133616-detail,23183133616,1780983185000,37.94561971910298,23.619292192161083,15,,134,1.4559999704360962,78,2489.18994140625,1621000,1621000,1614000,,,
23183133616-detail,23183133616,1780983186000,37.945615695789456,23.61931297928095,15.199999809265137,,134,1.4559999704360962,78,2491.070068359375,1622000,1622000,1615000,,,
23183133616-detail,23183133616,1780983187000,37.945612762123346,23.619326977059245,15.399999618530273,,134,1.4559999704360962,78,2492.340087890625,1623000,1623000,1616000,,,
23183133616-detail,23183133616,1780983188000,37.94561100192368,23.619344076141715,15.600000381469727,,133,1.465000033378601,78,2493.860107421875,1624000,1624000,1617000,,,
23183133616-detail,23183133616,1780983189000,37.945611840114,23.619360672309995,15.600000381469727,,133,1.465000033378601,78,2495.2900390625,1625000,1625000,1618000,,,
23183133616-detail,23183133616,1780983190000,37.945611840114,23.619375843554735,15.800000190734863,,133,1.4739999771118164,78,2496.6201171875,1626000,1626000,1619000,,,
23183133616-detail,23183133616,1780983191000,37.94561150483787,23.619394535198808,15.800000190734863,,133,1.4739999771118164,78,2498.27001953125,1627000,1627000,1620000,,,
23183133616-detail,23183133616,1780983192000,37.94561150483787,23.6194087844342,16,,134,1.4739999771118164,78,2499.52001953125,1628000,1628000,1621000,,,
23183133616-detail,23183133616,1780983193000,37.94561133719981,23.619416328147054,16,,134,1.4839999675750732,78,2500.179931640625,1629000,1629000,1622000,,,
23183133616-detail,23183133616,1780983194000,37.94561033137143,23.61942110583186,16,,133,1.4839999675750732,78,2500.610107421875,1630000,1630000,1623000,,,
23183133616-detail,23183133616,1780983195000,37.945608235895634,23.619423201307654,16,,133,1.4559999704360962,0,2500.89990234375,1631000,1631000,1624000,,,
23183133616-detail,23183133616,1780983196000,37.94560790061951,23.619423704221845,16,,133,1.4179999828338623,0,2500.949951171875,1632000,1632000,1625000,,,
23183133616-detail,23183133616,1780983197000,37.945611169561744,23.619422614574432,16,,133,0,0,2501.280029296875,1633000,1633000,1625000,,,
23183133616-detail,23183133616,1780983198000,37.94561192393303,23.619420686736703,16,,133,0,0,2501.4599609375,1634000,1634000,1625000,,,
23183133616-detail,23183133616,1780983199000,37.9456115886569,23.61942152492702,16,,134,0,0,2501.52001953125,1635000,1635000,1625000,,,
23183133616-detail,23183133616,1780983200000,37.94560899026692,23.6194225307554,16,,133,0,0,2501.830078125,1636000,1636000,1625000,,,
23183133616-detail,23183133616,1780983201000,37.945608319714665,23.61942345276475,16,,133,0,0,2501.909912109375,1637000,1637000,1625000,,,
23183133616-detail,23183133616,1780983202000,37.94560915790498,23.61941708251834,16,,133,0,0,2502.47998046875,1638000,1638000,1625000,,,
23183133616-detail,23183133616,1780983203000,37.94560949318111,23.61940107308328,16,,134,0,0,2503.8798828125,1639000,1639000,1625000,,,
23183133616-detail,23183133616,1780983204000,37.945609828457236,23.61938774585724,15.800000190734863,,134,0,0,2505.06005859375,1640000,1640000,1625000,,,
23183133616-detail,23183133616,1780983205000,37.94561108574271,23.619371820241213,15.800000190734863,,133,0,0,2506.449951171875,1641000,1641000,1625000,,,
23183133616-detail,23183133616,1780983206000,37.94561133719981,23.619355810806155,15.600000381469727,,133,0,0,2507.860107421875,1642000,1642000,1625000,,,
23183133616-detail,23183133616,1780983207000,37.94561150483787,23.6193379573524,15.399999618530273,,133,0,0,2509.419921875,1643000,1643000,1625000,,,
23183133616-detail,23183133616,1780983208000,37.94561192393303,23.619321025907993,15.399999618530273,,133,0,0,2510.89990234375,1644000,1644000,1625000,,,
23183133616-detail,23183133616,1780983209000,37.945612762123346,23.61930325627327,15.199999809265137,,132,0,0,2512.4599609375,1645000,1645000,1625000,,,
23183133616-detail,23183133616,1780983210000,37.945614606142044,23.619284061715007,15,,132,0,0,2514.1298828125,1646000,1646000,1625000,,,
23183133616-detail,23183133616,1780983211000,37.945617539808154,23.61926671117544,15,,131,0,0,2515.679931640625,1647000,1647000,1625000,,,
23183133616-detail,23183133616,1780983212000,37.94562164694071,23.619249276816845,14.800000190734863,,131,0,78,2517.27001953125,1648000,1648000,1625000,,,
23183133616-detail,23183133616,1780983213000,37.945625921711326,23.619230082258582,14.600000381469727,,131,0.31700000166893005,78,2519.030029296875,1649000,1649000,1626000,,,
23183133616-detail,23183133616,1780983214000,37.94563095085323,23.619212564080954,14.399999618530273,,134,0.41999998688697815,78,2520.659912109375,1650000,1650000,1627000,,,
23183133616-detail,23183133616,1780983215000,37.94563656672835,23.61919621936977,14.199999809265137,,135,0.6899999976158142,79,2522.2099609375,1651000,1651000,1628000,,,
23183133616-detail,23183133616,1780983216000,37.945644445717335,23.619184149429202,14.199999809265137,,135,0.8679999709129333,79,2523.580078125,1652000,1652000,1629000,,,
23183133616-detail,23183133616,1780983217000,37.94565584510565,23.619174426421523,14,,136,0.9890000224113464,79,2525.110107421875,1653000,1653000,1630000,,,
23183133616-detail,23183133616,1780983218000,37.945666490122676,23.61916637979448,14,,135,1.0640000104904175,78,2526.489990234375,1654000,1654000,1631000,,,
23183133616-detail,23183133616,1780983219000,37.94567839242518,23.619162188842893,14,,134,1.1200000047683716,78,2527.85009765625,1655000,1655000,1632000,,,
23183133616-detail,23183133616,1780983220000,37.94568778015673,23.619160261005163,14,,134,1.1660000085830688,78,2528.889892578125,1656000,1656000,1633000,,,
23183133616-detail,23183133616,1780983221000,37.94570269994438,23.619158919900656,14,,133,1.194000005722046,78,2530.550048828125,1657000,1657000,1634000,,,
23183133616-detail,23183133616,1780983222000,37.94571644626558,23.61915514804423,14,,132,1.222000002861023,78,2532.110107421875,1658000,1658000,1635000,,,
23183133616-detail,23183133616,1780983223000,37.945729522034526,23.61915430985391,14,,132,1.25,77,2533.570068359375,1659000,1659000,1636000,,,
23183133616-detail,23183133616,1780983224000,37.94574402272701,23.619156824424863,14,,132,1.2690000534057617,77,2535.18994140625,1660000,1660000,1637000,,,
23183133616-detail,23183133616,1780983225000,37.945757349953055,23.619162775576115,14,,131,1.2879999876022339,77,2536.75,1661000,1661000,1638000,,,
23183133616-detail,23183133616,1780983226000,37.94577277265489,23.619167301803827,14,,131,1.2970000505447388,77,2538.510009765625,1662000,1662000,1639000,,,
23183133616-detail,23183133616,1780983227000,37.945789117366076,23.61916839145124,14,,131,1.305999994277954,78,2540.320068359375,1663000,1663000,1640000,,,
23183133616-detail,23183133616,1780983228000,37.94580386951566,23.619168810546398,14,,131,1.3339999914169312,78,2541.949951171875,1664000,1664000,1641000,,,
23183133616-detail,23183133616,1780983229000,37.94581962749362,23.61916788853705,14,,131,1.371999979019165,78,2543.7099609375,1665000,1665000,1642000,,,
23183133616-detail,23183133616,1780983230000,37.94583429582417,23.61916688270867,14,,131,1.399999976158142,78,2545.340087890625,1666000,1666000,1643000,,,
23183133616-detail,23183133616,1780983231000,37.94584829360247,23.61916596069932,14,,131,1.4279999732971191,78,2546.89990234375,1667000,1667000,1644000,,,
23183133616-detail,23183133616,1780983232000,37.9458639677614,23.619164619594812,14,,131,1.4559999704360962,80,2548.6298828125,1668000,1668000,1645000,,,
23183133616-detail,23183133616,1780983233000,37.945879474282265,23.61916746944189,14,,131,1.4839999675750732,80,2550.3701171875,1669000,1669000,1646000,,,
23183133616-detail,23183133616,1780983234000,37.94589447788894,23.619168307632208,14,,131,1.5019999742507935,80,2552.030029296875,1670000,1670000,1647000,,,
23183133616-detail,23183133616,1780983235000,37.94590663164854,23.61916839145124,14,,131,1.5119999647140503,78,2553.3798828125,1671000,1671000,1648000,,,
23183133616-detail,23183133616,1780983236000,37.94591886922717,23.619168559089303,14,,131,1.5119999647140503,78,2554.739990234375,1672000,1672000,1649000,,,
23183133616-detail,23183133616,1780983237000,37.94593018479645,23.619168307632208,14,,131,1.5119999647140503,78,2555.97998046875,1673000,1673000,1650000,,,
23183133616-detail,23183133616,1780983238000,37.945942506194115,23.619165709242225,14,,131,1.5119999647140503,77,2557.3701171875,1674000,1674000,1651000,,,
23183133616-detail,23183133616,1780983239000,37.94595264829695,23.619159758090973,14,,131,1.5119999647140503,77,2558.610107421875,1675000,1675000,1652000,,,
23183133616-detail,23183133616,1780983240000,37.94595985673368,23.61915028654039,14,,131,1.5019999742507935,77,2559.760009765625,1676000,1676000,1653000,,,
23183133616-detail,23183133616,1780983241000,37.94596765190363,23.61913955770433,14.199999809265137,,131,1.4739999771118164,77,2561.010009765625,1677000,1677000,1654000,,,
23183133616-detail,23183133616,1780983242000,37.94597879983485,23.619130924344063,14.199999809265137,,131,1.4559999704360962,77,2562.4599609375,1678000,1678000,1655000,,,
23183133616-detail,23183133616,1780983243000,37.945988941937685,23.619122877717018,14.399999618530273,,131,1.4459999799728394,77,2563.800048828125,1679000,1679000,1656000,,,
23183133616-detail,23183133616,1780983244000,37.9459984973073,23.619116423651576,14.399999618530273,,131,1.437000036239624,77,2565,1680000,1680000,1657000,,,
23183133616-detail,23183133616,1780983245000,37.94600964523852,23.619109969586134,14.600000381469727,,131,1.4279999732971191,77,2566.35009765625,1681000,1681000,1658000,,,
23183133616-detail,23183133616,1780983246000,37.94602079316974,23.619106952100992,14.600000381469727,,131,1.4279999732971191,78,2567.610107421875,1682000,1682000,1659000,,,
23183133616-detail,23183133616,1780983247000,37.94603059999645,23.619102844968438,14.800000190734863,,131,1.4179999828338623,78,2568.75,1683000,1683000,1660000,,,
23183133616-detail,23183133616,1780983248000,37.94603755697608,23.61909806728363,14.800000190734863,,131,1.4179999828338623,78,2569.580078125,1684000,1684000,1661000,,,
23183133616-detail,23183133616,1780983249000,37.94604292139411,23.619091361761093,15,,131,1.3899999856948853,78,2570.409912109375,1685000,1685000,1662000,,,
23183133616-detail,23183133616,1780983250000,37.94604585506022,23.619081722572446,15,,131,1.3530000448226929,78,2571.320068359375,1686000,1686000,1663000,,,
23183133616-detail,23183133616,1780983251000,37.94605080038309,23.61907258629799,15,,131,1.3339999914169312,78,2572.25,1687000,1687000,1664000,,,
23183133616-detail,23183133616,1780983252000,37.94605306349695,23.619063198566437,15,,131,1.3339999914169312,78,2573.110107421875,1688000,1688000,1665000,,,
23183133616-detail,23183133616,1780983253000,37.94605432078242,23.619050877168775,15,,131,1.3250000476837158,78,2574.199951171875,1689000,1689000,1666000,,,
23183133616-detail,23183133616,1780983254000,37.94604945927858,23.619037633761764,15,,132,1.305999994277954,78,2575.469970703125,1690000,1690000,1667000,,,
23183133616-detail,23183133616,1780983255000,37.94604191556573,23.619024474173784,15,,132,1.2970000505447388,76,2576.889892578125,1691000,1691000,1668000,,,
23183133616-detail,23183133616,1780983256000,37.94603168964386,23.619013661518693,14.800000190734863,,132,1.2970000505447388,75,2578.340087890625,1692000,1692000,1669000,,,
23183133616-detail,23183133616,1780983257000,37.94601760804653,23.61900662072003,14.600000381469727,,132,1.2970000505447388,74,2580.030029296875,1693000,1693000,1670000,,,
23183133616-detail,23183133616,1780983258000,37.94600637629628,23.61899991519749,14.600000381469727,,132,1.2970000505447388,74,2581.389892578125,1694000,1694000,1671000,,,
23183133616-detail,23183133616,1780983259000,37.945992378517985,23.618995137512684,14.399999618530273,,133,1.2970000505447388,74,2582.989990234375,1695000,1695000,1672000,,,
23183133616-detail,23183133616,1780983260000,37.94597737491131,23.61899195238948,14.199999809265137,,133,1.2970000505447388,74,2584.669921875,1696000,1696000,1673000,,,
23183133616-detail,23183133616,1780983261000,37.94596765190363,23.618987845256925,14.199999809265137,,133,1.2970000505447388,74,2585.81005859375,1697000,1697000,1674000,,,
23183133616-detail,23183133616,1780983262000,37.945958599448204,23.6189856659621,14,,133,1.2970000505447388,74,2586.840087890625,1698000,1698000,1675000,,,
23183133616-detail,23183133616,1780983263000,37.945946445688605,23.61898273229599,14,,133,1.2879999876022339,74,2588.199951171875,1699000,1699000,1676000,,,
23183133616-detail,23183133616,1780983264000,37.94593580067158,23.61897937953472,14,,133,1.2879999876022339,74,2589.409912109375,1700000,1700000,1677000,,,
23183133616-detail,23183133616,1780983265000,37.94592364691198,23.618974518030882,14,,133,1.2970000505447388,74,2590.81005859375,1701000,1701000,1678000,,,
23183133616-detail,23183133616,1780983266000,37.94591258279979,23.618969740346074,14,,133,1.2970000505447388,75,2592.110107421875,1702000,1702000,1679000,,,
23183133616-detail,23183133616,1780983267000,37.94590059667826,23.618965381756425,14,,133,1.2970000505447388,75,2593.489990234375,1703000,1703000,1680000,,,
23183133616-detail,23183133616,1780983268000,37.94588576070964,23.618960520252585,14,,133,1.305999994277954,75,2595.179931640625,1704000,1704000,1681000,,,
23183133616-detail,23183133616,1780983269000,37.945867320522666,23.61895825713873,14,,132,1.305999994277954,75,2597.22998046875,1705000,1705000,1682000,,,
23183133616-detail,23183133616,1780983270000,37.94585533440113,23.618958089500666,14,,132,1.315999984741211,76,2598.56005859375,1706000,1706000,1683000,,,
23183133616-detail,23183133616,1780983271000,37.94583932496607,23.618954150006175,14,,132,1.315999984741211,76,2600.3701171875,1707000,1707000,1684000,,,
23183133616-detail,23183133616,1780983272000,37.94582440517843,23.61895046196878,14,,133,1.3250000476837158,77,2602.050048828125,1708000,1708000,1685000,,,
23183133616-detail,23183133616,1780983273000,37.94580495916307,23.618947779759765,14,,133,1.3339999914169312,77,2604.219970703125,1709000,1709000,1686000,,,
23183133616-detail,23183133616,1780983274000,37.94578777626157,23.618945432826877,14,,132,1.343999981880188,77,2606.139892578125,1710000,1710000,1687000,,,
23183133616-detail,23183133616,1780983275000,37.94577419757843,23.618942331522703,14,,133,1.3530000448226929,77,2607.669921875,1711000,1711000,1688000,,,
23183133616-detail,23183133616,1780983276000,37.94576254673302,23.618939900770783,14,,132,1.3619999885559082,77,2608.97998046875,1712000,1712000,1689000,,,
23183133616-detail,23183133616,1780983277000,37.94575131498277,23.618940403684974,14,,132,1.3619999885559082,76,2610.219970703125,1713000,1713000,1690000,,,
23183133616-detail,23183133616,1780983278000,37.945738323032856,23.61894224770367,14,,132,1.371999979019165,76,2611.669921875,1714000,1714000,1691000,,,
23183133616-detail,23183133616,1780983279000,37.94572566635907,23.618942918255925,14,,132,1.38100004196167,76,2613.080078125,1715000,1715000,1692000,,,
23183133616-detail,23183133616,1780983280000,37.945712339133024,23.61894358880818,14,,133,1.38100004196167,76,2614.56005859375,1716000,1716000,1693000,,,
23183133616-detail,23183133616,1780983281000,37.945697167888284,23.61894467845559,14,,132,1.3899999856948853,76,2616.239990234375,1717000,1717000,1694000,,,
23183133616-detail,23183133616,1780983282000,37.945681074634194,23.618945432826877,14,,132,1.399999976158142,78,2618.030029296875,1718000,1718000,1695000,,,
23183133616-detail,23183133616,1780983283000,37.945667915046215,23.618948617950082,14,,133,1.399999976158142,78,2619.510009765625,1719000,1719000,1696000,,,
23183133616-detail,23183133616,1780983284000,37.94565115123987,23.618958424776793,14.199999809265137,,132,1.399999976158142,78,2621.56005859375,1720000,1720000,1697000,,,
23183133616-detail,23183133616,1780983285000,37.94563849456608,23.618964878842235,14.199999809265137,,132,1.409000039100647,77,2623.070068359375,1721000,1721000,1698000,,,
23183133616-detail,23183133616,1780983286000,37.94562575407326,23.6189700756222,14.199999809265137,,132,1.409000039100647,77,2624.56005859375,1722000,1722000,1699000,,,
23183133616-detail,23183133616,1780983287000,37.94561485759914,23.618974601849914,14.199999809265137,,133,1.4179999828338623,77,2625.830078125,1723000,1723000,1700000,,,
23183133616-detail,23183133616,1780983288000,37.945600524544716,23.61897837370634,14.199999809265137,,133,1.4179999828338623,77,2627.449951171875,1724000,1724000,1701000,,,
23183133616-detail,23183133616,1780983289000,37.9455859400332,23.618980050086975,14.399999618530273,,132,1.4279999732971191,77,2629.080078125,1725000,1725000,1702000,,,
23183133616-detail,23183133616,1780983290000,37.9455700982362,23.61897971481085,14.399999618530273,,132,1.4279999732971191,77,2630.830078125,1726000,1726000,1703000,,,
23183133616-detail,23183133616,1780983291000,37.945557022467256,23.618982145562768,14.399999618530273,,132,1.437000036239624,77,2632.280029296875,1727000,1727000,1704000,,,
23183133616-detail,23183133616,1780983292000,37.94554587453604,23.618983821943402,14.399999618530273,,133,1.4459999799728394,75,2633.530029296875,1728000,1728000,1705000,,,
23183133616-detail,23183133616,1780983293000,37.94553372077644,23.618982145562768,14.600000381469727,,133,1.4459999799728394,75,2634.8798828125,1729000,1729000,1706000,,,
23183133616-detail,23183133616,1780983294000,37.94552206993103,23.618975523859262,14.600000381469727,,133,1.4459999799728394,76,2636.300048828125,1730000,1730000,1707000,,,
23183133616-detail,23183133616,1780983295000,37.94550438411534,23.618961023166776,14.600000381469727,,132,1.4459999799728394,76,2638.6298828125,1731000,1731000,1708000,,,
23183133616-detail,23183133616,1780983296000,37.94549616985023,23.618951048702,14.600000381469727,,131,1.4459999799728394,76,2639.889892578125,1732000,1732000,1709000,,,
23183133616-detail,23183133616,1780983297000,37.945487117394805,23.61893923021853,14.600000381469727,,130,1.4459999799728394,76,2641.340087890625,1733000,1733000,1710000,,,
23183133616-detail,23183133616,1780983298000,37.945476304739714,23.618927244096994,14.800000190734863,,130,1.4459999799728394,76,2642.929931640625,1734000,1734000,1711000,,,
23183133616-detail,23183133616,1780983299000,37.94546641409397,23.618915090337396,14.800000190734863,,129,1.4459999799728394,76,2644.4599609375,1735000,1735000,1712000,,,
23183133616-detail,23183133616,1780983300000,37.945453925058246,23.618898410350084,14.800000190734863,,129,1.4459999799728394,76,2646.47998046875,1736000,1736000,1713000,,,
23183223501-detail,23183223501,1780983572000,,,,,91,,,,0,0,0,,,
23183223501-detail,23183223501,1780983573000,,,,,91,,,,1000,1000,0,,,
23183223501-detail,23183223501,1780983574000,,,,,91,,,,2000,2000,0,,,
23183223501-detail,23183223501,1780983575000,,,,,90,,,,3000,3000,0,,,
23183223501-detail,23183223501,1780983576000,,,,,90,,,,4000,4000,0,,,
23183223501-detail,23183223501,1780983577000,,,,,90,,,,5000,5000,0,,,
23183223501-detail,23183223501,1780983578000,,,,,89,,,,6000,6000,0,,,
23183223501-detail,23183223501,1780983579000,,,,,88,,,,7000,7000,0,,,
23183223501-detail,23183223501,1780983580000,,,,,89,,,,8000,8000,0,,,
23183223501-detail,23183223501,1780983581000,,,,,88,,,,9000,9000,0,,,
23183223501-detail,23183223501,1780983582000,,,,,87,,,,10000,10000,0,,,
23183223501-detail,23183223501,1780983583000,,,,,86,,,,11000,11000,0,,,
23183223501-detail,23183223501,1780983584000,,,,,86,,,,12000,12000,0,,,
23183223501-detail,23183223501,1780983585000,,,,,86,,,,13000,13000,0,,,
23183223501-detail,23183223501,1780983586000,,,,,86,,,,14000,14000,0,,,
23183223501-detail,23183223501,1780983587000,,,,,86,,,,15000,15000,0,,,
23183223501-detail,23183223501,1780983588000,,,,,86,,,,16000,16000,0,,,
23183223501-detail,23183223501,1780983589000,,,,,86,,,,17000,17000,0,,,
23183223501-detail,23183223501,1780983590000,,,,,86,,,,18000,18000,0,,,
23183223501-detail,23183223501,1780983591000,,,,,87,,,,19000,19000,0,,,
23183223501-detail,23183223501,1780983592000,,,,,87,,,,20000,20000,0,,,
23183223501-detail,23183223501,1780983593000,,,,,87,,,,21000,21000,0,,,
23183223501-detail,23183223501,1780983594000,,,,,87,,,,22000,22000,0,,,
23183223501-detail,23183223501,1780983595000,,,,,87,,,,23000,23000,0,,,
23183223501-detail,23183223501,1780983596000,,,,,86,,,,24000,24000,0,,,
23183223501-detail,23183223501,1780983597000,,,,,85,,,,25000,25000,0,,,
23183223501-detail,23183223501,1780983598000,,,,,85,,,,26000,26000,0,,,
23183223501-detail,23183223501,1780983599000,,,,,84,,,,27000,27000,0,,,
23183223501-detail,23183223501,1780983600000,,,,,83,,,,28000,28000,0,,,
23183223501-detail,23183223501,1780983601000,,,,,82,,,,29000,29000,0,,,
23183223501-detail,23183223501,1780983602000,,,,,82,,,,30000,30000,0,,,
23183223501-detail,23183223501,1780983603000,,,,,82,,,,31000,31000,0,,,
23183223501-detail,23183223501,1780983604000,,,,,81,,,,32000,32000,0,,,
23183223501-detail,23183223501,1780983605000,,,,,81,,,,33000,33000,0,,,
23183223501-detail,23183223501,1780983606000,,,,,81,,,,34000,34000,0,,,
23183223501-detail,23183223501,1780983607000,,,,,81,,,,35000,35000,0,,,
23183223501-detail,23183223501,1780983608000,,,,,81,,,,36000,36000,0,,,
23183223501-detail,23183223501,1780983609000,,,,,82,,,,37000,37000,0,,,
23183223501-detail,23183223501,1780983610000,,,,,81,,,,38000,38000,0,,,
23183223501-detail,23183223501,1780983611000,,,,,81,,,,39000,39000,0,,,
23183223501-detail,23183223501,1780983612000,,,,,81,,,,40000,40000,0,,,
23183223501-detail,23183223501,1780983613000,,,,,81,,,,41000,41000,0,,,
23183223501-detail,23183223501,1780983614000,,,,,81,,,,42000,42000,0,,,
23183223501-detail,23183223501,1780983615000,,,,,81,,,,43000,43000,0,,,
23183223501-detail,23183223501,1780983616000,,,,,81,,,,44000,44000,0,,,
23183223501-detail,23183223501,1780983617000,,,,,81,,,,45000,45000,0,,,
23183223501-detail,23183223501,1780983618000,,,,,81,,,,46000,46000,0,,,
23183223501-detail,23183223501,1780983619000,,,,,81,,,,47000,47000,0,,,
23183223501-detail,23183223501,1780983620000,,,,,82,,,,48000,48000,0,,,
23183223501-detail,23183223501,1780983621000,,,,,82,,,,49000,49000,0,,,
23183223501-detail,23183223501,1780983622000,,,,,82,,,,50000,50000,0,,,
23183223501-detail,23183223501,1780983623000,,,,,82,,,,51000,51000,0,,,
23183223501-detail,23183223501,1780983624000,,,,,82,,,,52000,52000,0,,,
23183223501-detail,23183223501,1780983625000,,,,,83,,,,53000,53000,0,,,
23183223501-detail,23183223501,1780983626000,,,,,84,,,,54000,54000,0,,,
23183223501-detail,23183223501,1780983627000,,,,,83,,,,55000,55000,0,,,
23183223501-detail,23183223501,1780983628000,,,,,82,,,,56000,56000,0,,,
23183223501-detail,23183223501,1780983629000,,,,,83,,,,57000,57000,0,,,
23183223501-detail,23183223501,1780983630000,,,,,83,,,,58000,58000,0,,,
23183223501-detail,23183223501,1780983631000,,,,,81,,,,59000,59000,0,,,
23183223501-detail,23183223501,1780983632000,,,,,84,,,,60000,60000,0,,,
23183223501-detail,23183223501,1780983633000,,,,,83,,,,61000,61000,0,,,
23183223501-detail,23183223501,1780983634000,,,,,83,,,,62000,62000,0,,,
23183223501-detail,23183223501,1780983635000,,,,,83,,,,63000,63000,0,,,
23183223501-detail,23183223501,1780983636000,,,,,83,,,,64000,64000,0,,,
23183223501-detail,23183223501,1780983637000,,,,,83,,,,65000,65000,0,,,
23183223501-detail,23183223501,1780983638000,,,,,83,,,,66000,66000,0,,,
23183223501-detail,23183223501,1780983639000,,,,,83,,,,67000,67000,0,,,
23183223501-detail,23183223501,1780983640000,,,,,83,,,,68000,68000,0,,,
23183223501-detail,23183223501,1780983641000,,,,,83,,,,69000,69000,0,,,
23183223501-detail,23183223501,1780983642000,,,,,83,,,,70000,70000,0,,,
23183223501-detail,23183223501,1780983643000,,,,,83,,,,71000,71000,0,,,
23183223501-detail,23183223501,1780983644000,,,,,83,,,,72000,72000,0,,,
23183223501-detail,23183223501,1780983645000,,,,,83,,,,73000,73000,0,,,
23183223501-detail,23183223501,1780983646000,,,,,83,,,,74000,74000,0,,,
23183223501-detail,23183223501,1780983647000,,,,,83,,,,75000,75000,0,,,
23183223501-detail,23183223501,1780983648000,,,,,83,,,,76000,76000,0,,,
23183223501-detail,23183223501,1780983649000,,,,,83,,,,77000,77000,0,,,
23183223501-detail,23183223501,1780983650000,,,,,83,,,,78000,78000,0,,,
23183223501-detail,23183223501,1780983651000,,,,,83,,,,79000,79000,0,,,
23183223501-detail,23183223501,1780983652000,,,,,83,,,,80000,80000,0,,,
23183223501-detail,23183223501,1780983653000,,,,,83,,,,81000,81000,0,,,
23183223501-detail,23183223501,1780983654000,,,,,82,,,,82000,82000,0,,,
23183223501-detail,23183223501,1780983655000,,,,,82,,,,83000,83000,0,,,
23183223501-detail,23183223501,1780983656000,,,,,81,,,,84000,84000,0,,,
23183223501-detail,23183223501,1780983657000,,,,,81,,,,85000,85000,0,,,
23183223501-detail,23183223501,1780983658000,,,,,81,,,,86000,86000,0,,,
23183223501-detail,23183223501,1780983659000,,,,,81,,,,87000,87000,0,,,
23183223501-detail,23183223501,1780983660000,,,,,82,,,,88000,88000,0,,,
23183223501-detail,23183223501,1780983661000,,,,,82,,,,89000,89000,0,,,
23183223501-detail,23183223501,1780983662000,,,,,82,,,,90000,90000,0,,,
23183223501-detail,23183223501,1780983663000,,,,,82,,,,91000,91000,0,,,
23183223501-detail,23183223501,1780983664000,,,,,82,,,,92000,92000,0,,,
23183223501-detail,23183223501,1780983665000,,,,,82,,,,93000,93000,0,,,
23183223501-detail,23183223501,1780983666000,,,,,82,,,,94000,94000,0,,,
23183223501-detail,23183223501,1780983667000,,,,,82,,,,95000,95000,0,,,
23183223501-detail,23183223501,1780983668000,,,,,82,,,,96000,96000,0,,,
23183223501-detail,23183223501,1780983669000,,,,,82,,,,97000,97000,0,,,
23183223501-detail,23183223501,1780983670000,,,,,82,,,,98000,98000,0,,,
23183223501-detail,23183223501,1780983671000,,,,,81,,,,99000,99000,0,,,
23183223501-detail,23183223501,1780983672000,,,,,81,,,,100000,100000,0,,,
23183223501-detail,23183223501,1780983673000,,,,,82,,,,101000,101000,0,,,
23183223501-detail,23183223501,1780983674000,,,,,82,,,,102000,102000,0,,,
23183223501-detail,23183223501,1780983675000,,,,,81,,,,103000,103000,0,,,
23183223501-detail,23183223501,1780983676000,,,,,82,,,,104000,104000,0,,,
23183223501-detail,23183223501,1780983677000,,,,,82,,,,105000,105000,0,,,
23183223501-detail,23183223501,1780983678000,,,,,82,,,,106000,106000,0,,,
23183223501-detail,23183223501,1780983679000,,,,,83,,,,107000,107000,0,,,
23183223501-detail,23183223501,1780983680000,,,,,84,,,,108000,108000,0,,,
23183223501-detail,23183223501,1780983681000,,,,,85,,,,109000,109000,0,,,
23183223501-detail,23183223501,1780983682000,,,,,85,,,,110000,110000,0,,,
23183223501-detail,23183223501,1780983683000,,,,,85,,,,111000,111000,0,,,
23183223501-detail,23183223501,1780983684000,,,,,86,,,,112000,112000,0,,,
23183223501-detail,23183223501,1780983685000,,,,,86,,,,113000,113000,0,,,
23183223501-detail,23183223501,1780983686000,,,,,86,,,,114000,114000,0,,,
23183223501-detail,23183223501,1780983687000,,,,,85,,,,115000,115000,0,,,
23183223501-detail,23183223501,1780983688000,,,,,85,,,,116000,116000,0,,,
23183223501-detail,23183223501,1780983689000,,,,,85,,,,117000,117000,0,,,
23183223501-detail,23183223501,1780983690000,,,,,84,,,,118000,118000,0,,,
23183223501-detail,23183223501,1780983691000,,,,,84,,,,119000,119000,0,,,
23183223501-detail,23183223501,1780983692000,,,,,83,,,,120000,120000,0,,,
23183223501-detail,23183223501,1780983693000,,,,,83,,,,121000,121000,0,,,
23183223501-detail,23183223501,1780983694000,,,,,82,,,,122000,122000,0,,,
23183223501-detail,23183223501,1780983695000,,,,,81,,,,123000,123000,0,,,
23183223501-detail,23183223501,1780983696000,,,,,81,,,,124000,124000,0,,,
23183223501-detail,23183223501,1780983697000,,,,,81,,,,125000,125000,0,,,
23183223501-detail,23183223501,1780983698000,,,,,83,,,,126000,126000,0,,,
23183223501-detail,23183223501,1780983699000,,,,,82,,,,127000,127000,0,,,
23183223501-detail,23183223501,1780983700000,,,,,82,,,,128000,128000,0,,,
23183223501-detail,23183223501,1780983701000,,,,,82,,,,129000,129000,0,,,
23183223501-detail,23183223501,1780983702000,,,,,81,,,,130000,130000,0,,,
23183223501-detail,23183223501,1780983703000,,,,,82,,,,131000,131000,0,,,
23183223501-detail,23183223501,1780983704000,,,,,82,,,,132000,132000,0,,,
23183223501-detail,23183223501,1780983705000,,,,,82,,,,133000,133000,0,,,
23183223501-detail,23183223501,1780983706000,,,,,82,,,,134000,134000,0,,,
23183223501-detail,23183223501,1780983707000,,,,,82,,,,135000,135000,0,,,
23183223501-detail,23183223501,1780983708000,,,,,82,,,,136000,136000,0,,,
23183223501-detail,23183223501,1780983709000,,,,,81,,,,137000,137000,0,,,
23183223501-detail,23183223501,1780983710000,,,,,81,,,,138000,138000,0,,,
23183223501-detail,23183223501,1780983711000,,,,,80,,,,139000,139000,0,,,
23183223501-detail,23183223501,1780983712000,,,,,81,,,,140000,140000,0,,,
23183223501-detail,23183223501,1780983713000,,,,,81,,,,141000,141000,0,,,
23183223501-detail,23183223501,1780983714000,,,,,82,,,,142000,142000,0,,,
23183223501-detail,23183223501,1780983715000,,,,,82,,,,143000,143000,0,,,
23183223501-detail,23183223501,1780983716000,,,,,81,,,,144000,144000,0,,,
23183223501-detail,23183223501,1780983717000,,,,,81,,,,145000,145000,0,,,
23183223501-detail,23183223501,1780983718000,,,,,81,,,,146000,146000,0,,,
23183223501-detail,23183223501,1780983719000,,,,,82,,,,147000,147000,0,,,
23183223501-detail,23183223501,1780983720000,,,,,82,,,,148000,148000,0,,,
23183223501-detail,23183223501,1780983721000,,,,,82,,,,149000,149000,0,,,
23183223501-detail,23183223501,1780983722000,,,,,82,,,,150000,150000,0,,,
23183223501-detail,23183223501,1780983723000,,,,,81,,,,151000,151000,0,,,
23183223501-detail,23183223501,1780983724000,,,,,81,,,,152000,152000,0,,,
23183223501-detail,23183223501,1780983725000,,,,,81,,,,153000,153000,0,,,
23183223501-detail,23183223501,1780983726000,,,,,80,,,,154000,154000,0,,,
23183223501-detail,23183223501,1780983727000,,,,,81,,,,155000,155000,0,,,
23183223501-detail,23183223501,1780983728000,,,,,81,,,,156000,156000,0,,,
23183223501-detail,23183223501,1780983729000,,,,,81,,,,157000,157000,0,,,
23183223501-detail,23183223501,1780983730000,,,,,81,,,,158000,158000,0,,,
23183223501-detail,23183223501,1780983731000,,,,,82,,,,159000,159000,0,,,
23183223501-detail,23183223501,1780983732000,,,,,82,,,,160000,160000,0,,,
23183223501-detail,23183223501,1780983733000,,,,,81,,,,161000,161000,0,,,
23183223501-detail,23183223501,1780983734000,,,,,81,,,,162000,162000,0,,,
23183223501-detail,23183223501,1780983735000,,,,,81,,,,163000,163000,0,,,
23183223501-detail,23183223501,1780983736000,,,,,82,,,,164000,164000,0,,,
23183223501-detail,23183223501,1780983737000,,,,,84,,,,165000,165000,0,,,
23183223501-detail,23183223501,1780983738000,,,,,85,,,,166000,166000,0,,,
23183223501-detail,23183223501,1780983739000,,,,,86,,,,167000,167000,0,,,
23183223501-detail,23183223501,1780983740000,,,,,87,,,,168000,168000,0,,,
23183223501-detail,23183223501,1780983741000,,,,,88,,,,169000,169000,0,,,
23183223501-detail,23183223501,1780983742000,,,,,89,,,,170000,170000,0,,,
23183223501-detail,23183223501,1780983743000,,,,,89,,,,171000,171000,0,,,
23183223501-detail,23183223501,1780983744000,,,,,89,,,,172000,172000,0,,,
23183223501-detail,23183223501,1780983745000,,,,,89,,,,173000,173000,0,,,
23183223501-detail,23183223501,1780983746000,,,,,89,,,,174000,174000,0,,,
23183223501-detail,23183223501,1780983747000,,,,,88,,,,175000,175000,0,,,
23183223501-detail,23183223501,1780983748000,,,,,88,,,,176000,176000,0,,,
23183223501-detail,23183223501,1780983749000,,,,,88,,,,177000,177000,0,,,
23183223501-detail,23183223501,1780983750000,,,,,88,,,,178000,178000,0,,,
23183223501-detail,23183223501,1780983751000,,,,,88,,,,179000,179000,0,,,
23183223501-detail,23183223501,1780983752000,,,,,88,,,,180000,180000,0,,,
23183223501-detail,23183223501,1780983753000,,,,,88,,,,181000,181000,0,,,
23183223501-detail,23183223501,1780983754000,,,,,88,,,,182000,182000,0,,,
23183223501-detail,23183223501,1780983755000,,,,,88,,,,183000,183000,0,,,
23183223501-detail,23183223501,1780983756000,,,,,88,,,,184000,184000,0,,,
23183223501-detail,23183223501,1780983757000,,,,,89,,,,185000,185000,0,,,
23183223501-detail,23183223501,1780983758000,,,,,89,,,,186000,186000,0,,,
23183223501-detail,23183223501,1780983759000,,,,,89,,,,187000,187000,0,,,
23183223501-detail,23183223501,1780983760000,,,,,89,,,,188000,188000,0,,,
23183223501-detail,23183223501,1780983761000,,,,,88,,,,189000,189000,0,,,
23183223501-detail,23183223501,1780983762000,,,,,89,,,,190000,190000,0,,,
23183223501-detail,23183223501,1780983763000,,,,,87,,,,191000,191000,0,,,
23183223501-detail,23183223501,1780983764000,,,,,87,,,,192000,192000,0,,,
23183223501-detail,23183223501,1780983765000,,,,,85,,,,193000,193000,0,,,
23183223501-detail,23183223501,1780983766000,,,,,85,,,,194000,194000,0,,,
23183223501-detail,23183223501,1780983767000,,,,,87,,,,195000,195000,0,,,
23183223501-detail,23183223501,1780983768000,,,,,86,,,,196000,196000,0,,,
23183223501-detail,23183223501,1780983769000,,,,,86,,,,197000,197000,0,,,
23183223501-detail,23183223501,1780983770000,,,,,86,,,,198000,198000,0,,,
23183223501-detail,23183223501,1780983771000,,,,,86,,,,199000,199000,0,,,
23183223501-detail,23183223501,1780983772000,,,,,85,,,,200000,200000,0,,,
23183223501-detail,23183223501,1780983773000,,,,,85,,,,201000,201000,0,,,
23183223501-detail,23183223501,1780983774000,,,,,85,,,,202000,202000,0,,,
23183223501-detail,23183223501,1780983775000,,,,,84,,,,203000,203000,0,,,
23183223501-detail,23183223501,1780983776000,,,,,84,,,,204000,204000,0,,,
23183223501-detail,23183223501,1780983777000,,,,,86,,,,205000,205000,0,,,
23183223501-detail,23183223501,1780983778000,,,,,84,,,,206000,206000,0,,,
23183223501-detail,23183223501,1780983779000,,,,,84,,,,207000,207000,0,,,
23183223501-detail,23183223501,1780983780000,,,,,84,,,,208000,208000,0,,,
23183223501-detail,23183223501,1780983781000,,,,,84,,,,209000,209000,0,,,
23183223501-detail,23183223501,1780983782000,,,,,84,,,,210000,210000,0,,,
23183223501-detail,23183223501,1780983783000,,,,,84,,,,211000,211000,0,,,
23183223501-detail,23183223501,1780983784000,,,,,84,,,,212000,212000,0,,,
23183223501-detail,23183223501,1780983785000,,,,,84,,,,213000,213000,0,,,
23183223501-detail,23183223501,1780983786000,,,,,83,,,,214000,214000,0,,,
23183223501-detail,23183223501,1780983787000,,,,,83,,,,215000,215000,0,,,
23183223501-detail,23183223501,1780983788000,,,,,82,,,,216000,216000,0,,,
23183223501-detail,23183223501,1780983789000,,,,,82,,,,217000,217000,0,,,
23183223501-detail,23183223501,1780983790000,,,,,82,,,,218000,218000,0,,,
23183223501-detail,23183223501,1780983791000,,,,,81,,,,219000,219000,0,,,
23183223501-detail,23183223501,1780983792000,,,,,81,,,,220000,220000,0,,,
23183223501-detail,23183223501,1780983793000,,,,,81,,,,221000,221000,0,,,
23183223501-detail,23183223501,1780983794000,,,,,81,,,,222000,222000,0,,,
23183223501-detail,23183223501,1780983795000,,,,,81,,,,223000,223000,0,,,
23183223501-detail,23183223501,1780983796000,,,,,81,,,,224000,224000,0,,,
23183223501-detail,23183223501,1780983797000,,,,,81,,,,225000,225000,0,,,
23183223501-detail,23183223501,1780983798000,,,,,81,,,,226000,226000,0,,,
23183223501-detail,23183223501,1780983799000,,,,,81,,,,227000,227000,0,,,
23183223501-detail,23183223501,1780983800000,,,,,81,,,,228000,228000,0,,,
23183223501-detail,23183223501,1780983801000,,,,,81,,,,229000,229000,0,,,
23183223501-detail,23183223501,1780983802000,,,,,81,,,,230000,230000,0,,,
23183223501-detail,23183223501,1780983803000,,,,,81,,,,231000,231000,0,,,
23183223501-detail,23183223501,1780983804000,,,,,81,,,,232000,232000,0,,,
23183223501-detail,23183223501,1780983805000,,,,,81,,,,233000,233000,0,,,
23183223501-detail,23183223501,1780983806000,,,,,81,,,,234000,234000,0,,,
23183223501-detail,23183223501,1780983807000,,,,,81,,,,235000,235000,0,,,
23183223501-detail,23183223501,1780983808000,,,,,81,,,,236000,236000,0,,,
23183223501-detail,23183223501,1780983809000,,,,,81,,,,237000,237000,0,,,
23183223501-detail,23183223501,1780983810000,,,,,81,,,,238000,238000,0,,,
23183223501-detail,23183223501,1780983811000,,,,,81,,,,239000,239000,0,,,
23183223501-detail,23183223501,1780983812000,,,,,81,,,,240000,240000,0,,,
23183223501-detail,23183223501,1780983813000,,,,,81,,,,241000,241000,0,,,
23183223501-detail,23183223501,1780983814000,,,,,81,,,,242000,242000,0,,,
23183223501-detail,23183223501,1780983815000,,,,,81,,,,243000,243000,0,,,
23183223501-detail,23183223501,1780983816000,,,,,81,,,,244000,244000,0,,,
23183223501-detail,23183223501,1780983817000,,,,,81,,,,245000,245000,0,,,
23183223501-detail,23183223501,1780983818000,,,,,81,,,,246000,246000,0,,,
23183223501-detail,23183223501,1780983819000,,,,,81,,,,247000,247000,0,,,
23183223501-detail,23183223501,1780983820000,,,,,81,,,,248000,248000,0,,,
23183223501-detail,23183223501,1780983821000,,,,,81,,,,249000,249000,0,,,
23183223501-detail,23183223501,1780983822000,,,,,81,,,,250000,250000,0,,,
23183223501-detail,23183223501,1780983823000,,,,,82,,,,251000,251000,0,,,
23183223501-detail,23183223501,1780983824000,,,,,81,,,,252000,252000,0,,,
23183223501-detail,23183223501,1780983825000,,,,,81,,,,253000,253000,0,,,
23183223501-detail,23183223501,1780983826000,,,,,80,,,,254000,254000,0,,,
23183223501-detail,23183223501,1780983827000,,,,,80,,,,255000,255000,0,,,
23183223501-detail,23183223501,1780983828000,,,,,80,,,,256000,256000,0,,,
23183223501-detail,23183223501,1780983829000,,,,,81,,,,257000,257000,0,,,
23183223501-detail,23183223501,1780983830000,,,,,81,,,,258000,258000,0,,,
23183223501-detail,23183223501,1780983831000,,,,,81,,,,259000,259000,0,,,
23183223501-detail,23183223501,1780983832000,,,,,81,,,,260000,260000,0,,,
23183223501-detail,23183223501,1780983833000,,,,,81,,,,261000,261000,0,,,
23183223501-detail,23183223501,1780983834000,,,,,82,,,,262000,262000,0,,,
23183223501-detail,23183223501,1780983835000,,,,,82,,,,263000,263000,0,,,
23183223501-detail,23183223501,1780983836000,,,,,82,,,,264000,264000,0,,,
23183223501-detail,23183223501,1780983837000,,,,,82,,,,265000,265000,0,,,
23183223501-detail,23183223501,1780983838000,,,,,82,,,,266000,266000,0,,,
23183223501-detail,23183223501,1780983839000,,,,,83,,,,267000,267000,0,,,
23183223501-detail,23183223501,1780983840000,,,,,83,,,,268000,268000,0,,,
23183223501-detail,23183223501,1780983841000,,,,,83,,,,269000,269000,0,,,
23183223501-detail,23183223501,1780983842000,,,,,82,,,,270000,270000,0,,,
23183223501-detail,23183223501,1780983843000,,,,,82,,,,271000,271000,0,,,
23183223501-detail,23183223501,1780983844000,,,,,81,,,,272000,272000,0,,,
23183223501-detail,23183223501,1780983845000,,,,,81,,,,273000,273000,0,,,
23183223501-detail,23183223501,1780983846000,,,,,81,,,,274000,274000,0,,,
23183223501-detail,23183223501,1780983847000,,,,,81,,,,275000,275000,0,,,
23183223501-detail,23183223501,1780983848000,,,,,81,,,,276000,276000,0,,,
23183223501-detail,23183223501,1780983849000,,,,,81,,,,277000,277000,0,,,
23183223501-detail,23183223501,1780983850000,,,,,81,,,,278000,278000,0,,,
23183223501-detail,23183223501,1780983851000,,,,,81,,,,279000,279000,0,,,
23183223501-detail,23183223501,1780983852000,,,,,81,,,,280000,280000,0,,,
23183223501-detail,23183223501,1780983853000,,,,,81,,,,281000,281000,0,,,
23183223501-detail,23183223501,1780983854000,,,,,81,,,,282000,282000,0,,,
23183223501-detail,23183223501,1780983855000,,,,,81,,,,283000,283000,0,,,
23183223501-detail,23183223501,1780983856000,,,,,81,,,,284000,284000,0,,,
23183223501-detail,23183223501,1780983857000,,,,,81,,,,285000,285000,0,,,
23183223501-detail,23183223501,1780983858000,,,,,81,,,,286000,286000,0,,,
23183223501-detail,23183223501,1780983859000,,,,,81,,,,287000,287000,0,,,
23183223501-detail,23183223501,1780983860000,,,,,81,,,,288000,288000,0,,,
23183223501-detail,23183223501,1780983861000,,,,,81,,,,289000,289000,0,,,
23183223501-detail,23183223501,1780983862000,,,,,81,,,,290000,290000,0,,,
23183223501-detail,23183223501,1780983863000,,,,,81,,,,291000,291000,0,,,
23183223501-detail,23183223501,1780983864000,,,,,81,,,,292000,292000,0,,,
23183223501-detail,23183223501,1780983865000,,,,,81,,,,293000,293000,0,,,
23183223501-detail,23183223501,1780983866000,,,,,81,,,,294000,294000,0,,,
23183223501-detail,23183223501,1780983867000,,,,,81,,,,295000,295000,0,,,
23183223501-detail,23183223501,1780983868000,,,,,82,,,,296000,296000,0,,,
23183223501-detail,23183223501,1780983869000,,,,,82,,,,297000,297000,0,,,
23183223501-detail,23183223501,1780983870000,,,,,82,,,,298000,298000,0,,,
23183223501-detail,23183223501,1780983871000,,,,,82,,,,299000,299000,0,,,
23183223501-detail,23183223501,1780983872000,,,,,81,,,,300000,300000,0,,,
23183223501-detail,23183223501,1780983873000,,,,,81,,,,301000,301000,0,,,
23183223501-detail,23183223501,1780983874000,,,,,81,,,,302000,302000,0,,,
23183223501-detail,23183223501,1780983875000,,,,,81,,,,303000,303000,0,,,
23183223501-detail,23183223501,1780983876000,,,,,82,,,,304000,304000,0,,,
23183223501-detail,23183223501,1780983877000,,,,,82,,,,305000,305000,0,,,
23183223501-detail,23183223501,1780983878000,,,,,82,,,,306000,306000,0,,,
23183223501-detail,23183223501,1780983879000,,,,,82,,,,307000,307000,0,,,
23183223501-detail,23183223501,1780983880000,,,,,82,,,,308000,308000,0,,,
23183223501-detail,23183223501,1780983881000,,,,,82,,,,309000,309000,0,,,
23183223501-detail,23183223501,1780983882000,,,,,82,,,,310000,310000,0,,,
23183223501-detail,23183223501,1780983883000,,,,,81,,,,311000,311000,0,,,
23183223501-detail,23183223501,1780983884000,,,,,81,,,,312000,312000,0,,,
23183223501-detail,23183223501,1780983885000,,,,,82,,,,313000,313000,0,,,
23183223501-detail,23183223501,1780983886000,,,,,82,,,,314000,314000,0,,,
23183223501-detail,23183223501,1780983887000,,,,,81,,,,315000,315000,0,,,
23183223501-detail,23183223501,1780983888000,,,,,81,,,,316000,316000,0,,,
23183223501-detail,23183223501,1780983889000,,,,,80,,,,317000,317000,0,,,
23183223501-detail,23183223501,1780983890000,,,,,79,,,,318000,318000,0,,,
23183223501-detail,23183223501,1780983891000,,,,,79,,,,319000,319000,0,,,
23183223501-detail,23183223501,1780983892000,,,,,79,,,,320000,320000,0,,,
23183223501-detail,23183223501,1780983893000,,,,,80,,,,321000,321000,0,,,
23183223501-detail,23183223501,1780983894000,,,,,80,,,,322000,322000,0,,,
23183223501-detail,23183223501,1780983895000,,,,,80,,,,323000,323000,0,,,
23183223501-detail,23183223501,1780983896000,,,,,81,,,,324000,324000,0,,,
23183223501-detail,23183223501,1780983897000,,,,,84,,,,325000,325000,0,,,
23183223501-detail,23183223501,1780983898000,,,,,86,,,,326000,326000,0,,,
23183223501-detail,23183223501,1780983899000,,,,,87,,,,327000,327000,0,,,
23183223501-detail,23183223501,1780983900000,,,,,88,,,,328000,328000,0,,,
23183223501-detail,23183223501,1780983901000,,,,,87,,,,329000,329000,0,,,
23183223501-detail,23183223501,1780983902000,,,,,87,,,,330000,330000,0,,,
23183223501-detail,23183223501,1780983903000,,,,,86,,,,331000,331000,0,,,
23183223501-detail,23183223501,1780983904000,,,,,85,,,,332000,332000,0,,,
23183223501-detail,23183223501,1780983905000,,,,,85,,,,333000,333000,0,,,
23183223501-detail,23183223501,1780983906000,,,,,84,,,,334000,334000,0,,,
23183223501-detail,23183223501,1780983907000,,,,,84,,,,335000,335000,0,,,
23183223501-detail,23183223501,1780983908000,,,,,83,,,,336000,336000,0,,,
23183223501-detail,23183223501,1780983909000,,,,,82,,,,337000,337000,0,,,
23183223501-detail,23183223501,1780983910000,,,,,81,,,,338000,338000,0,,,
23183223501-detail,23183223501,1780983911000,,,,,81,,,,339000,339000,0,,,
23183223501-detail,23183223501,1780983912000,,,,,81,,,,340000,340000,0,,,
23183223501-detail,23183223501,1780983913000,,,,,81,,,,341000,341000,0,,,
23183223501-detail,23183223501,1780983914000,,,,,82,,,,342000,342000,0,,,
23183223501-detail,23183223501,1780983915000,,,,,83,,,,343000,343000,0,,,
23183223501-detail,23183223501,1780983916000,,,,,84,,,,344000,344000,0,,,
23183223501-detail,23183223501,1780983917000,,,,,84,,,,345000,345000,0,,,
23183223501-detail,23183223501,1780983918000,,,,,84,,,,346000,346000,0,,,
23183223501-detail,23183223501,1780983919000,,,,,83,,,,347000,347000,0,,,
23183223501-detail,23183223501,1780983920000,,,,,82,,,,348000,348000,0,,,
23183223501-detail,23183223501,1780983921000,,,,,81,,,,349000,349000,0,,,
23183223501-detail,23183223501,1780983922000,,,,,81,,,,350000,350000,0,,,
23183223501-detail,23183223501,1780983923000,,,,,82,,,,351000,351000,0,,,
23183223501-detail,23183223501,1780983924000,,,,,82,,,,352000,352000,0,,,
23183223501-detail,23183223501,1780983925000,,,,,82,,,,353000,353000,0,,,
23183223501-detail,23183223501,1780983926000,,,,,82,,,,354000,354000,0,,,
23183223501-detail,23183223501,1780983927000,,,,,82,,,,355000,355000,0,,,
23183223501-detail,23183223501,1780983928000,,,,,81,,,,356000,356000,0,,,
23183223501-detail,23183223501,1780983929000,,,,,81,,,,357000,357000,0,,,
23183223501-detail,23183223501,1780983930000,,,,,81,,,,358000,358000,0,,,
23183223501-detail,23183223501,1780983931000,,,,,82,,,,359000,359000,0,,,
23183223501-detail,23183223501,1780983932000,,,,,82,,,,360000,360000,0,,,
23183223501-detail,23183223501,1780983933000,,,,,82,,,,361000,361000,0,,,
23183223501-detail,23183223501,1780983934000,,,,,83,,,,362000,362000,0,,,
23183223501-detail,23183223501,1780983935000,,,,,82,,,,363000,363000,0,,,
23183223501-detail,23183223501,1780983936000,,,,,82,,,,364000,364000,0,,,
23183223501-detail,23183223501,1780983937000,,,,,82,,,,365000,365000,0,,,
23183223501-detail,23183223501,1780983938000,,,,,82,,,,366000,366000,0,,,
23183223501-detail,23183223501,1780983939000,,,,,82,,,,367000,367000,0,,,
23183223501-detail,23183223501,1780983940000,,,,,82,,,,368000,368000,0,,,
23183223501-detail,23183223501,1780983941000,,,,,82,,,,369000,369000,0,,,
23183223501-detail,23183223501,1780983942000,,,,,81,,,,370000,370000,0,,,
23183223501-detail,23183223501,1780983943000,,,,,81,,,,371000,371000,0,,,
23183223501-detail,23183223501,1780983944000,,,,,81,,,,372000,372000,0,,,
23183223501-detail,23183223501,1780983945000,,,,,81,,,,373000,373000,0,,,
23183223501-detail,23183223501,1780983946000,,,,,81,,,,374000,374000,0,,,
23183223501-detail,23183223501,1780983947000,,,,,81,,,,375000,375000,0,,,
23183223501-detail,23183223501,1780983948000,,,,,81,,,,376000,376000,0,,,
23183223501-detail,23183223501,1780983949000,,,,,81,,,,377000,377000,0,,,
23183223501-detail,23183223501,1780983950000,,,,,81,,,,378000,378000,0,,,
23183223501-detail,23183223501,1780983951000,,,,,81,,,,379000,379000,0,,,
23183223501-detail,23183223501,1780983952000,,,,,82,,,,380000,380000,0,,,
23183223501-detail,23183223501,1780983953000,,,,,82,,,,381000,381000,0,,,
23183223501-detail,23183223501,1780983954000,,,,,82,,,,382000,382000,0,,,
23183223501-detail,23183223501,1780983955000,,,,,82,,,,383000,383000,0,,,
23183223501-detail,23183223501,1780983956000,,,,,82,,,,384000,384000,0,,,
23183223501-detail,23183223501,1780983957000,,,,,82,,,,385000,385000,0,,,
23183223501-detail,23183223501,1780983958000,,,,,82,,,,386000,386000,0,,,
23183223501-detail,23183223501,1780983959000,,,,,82,,,,387000,387000,0,,,
23183223501-detail,23183223501,1780983960000,,,,,82,,,,388000,388000,0,,,
23183223501-detail,23183223501,1780983961000,,,,,82,,,,389000,389000,0,,,
23183223501-detail,23183223501,1780983962000,,,,,82,,,,390000,390000,0,,,
23183223501-detail,23183223501,1780983963000,,,,,82,,,,391000,391000,0,,,
23183223501-detail,23183223501,1780983964000,,,,,81,,,,392000,392000,0,,,
23183223501-detail,23183223501,1780983965000,,,,,81,,,,393000,393000,0,,,
23183223501-detail,23183223501,1780983966000,,,,,81,,,,394000,394000,0,,,
23183223501-detail,23183223501,1780983967000,,,,,81,,,,395000,395000,0,,,
23183223501-detail,23183223501,1780983968000,,,,,81,,,,396000,396000,0,,,
23183223501-detail,23183223501,1780983969000,,,,,81,,,,397000,397000,0,,,
23183223501-detail,23183223501,1780983970000,,,,,81,,,,398000,398000,0,,,
23183223501-detail,23183223501,1780983971000,,,,,80,,,,399000,399000,0,,,
23183223501-detail,23183223501,1780983972000,,,,,80,,,,400000,400000,0,,,
23183223501-detail,23183223501,1780983973000,,,,,81,,,,401000,401000,0,,,
23183223501-detail,23183223501,1780983974000,,,,,81,,,,402000,402000,0,,,
23183223501-detail,23183223501,1780983975000,,,,,81,,,,403000,403000,0,,,
23183223501-detail,23183223501,1780983976000,,,,,81,,,,404000,404000,0,,,
23183223501-detail,23183223501,1780983977000,,,,,81,,,,405000,405000,0,,,
23183223501-detail,23183223501,1780983978000,,,,,81,,,,406000,406000,0,,,
23183223501-detail,23183223501,1780983979000,,,,,81,,,,407000,407000,0,,,
23183223501-detail,23183223501,1780983980000,,,,,81,,,,408000,408000,0,,,
23183223501-detail,23183223501,1780983981000,,,,,81,,,,409000,409000,0,,,
23183223501-detail,23183223501,1780983982000,,,,,81,,,,410000,410000,0,,,
23183223501-detail,23183223501,1780983983000,,,,,81,,,,411000,411000,0,,,
23183223501-detail,23183223501,1780983984000,,,,,81,,,,412000,412000,0,,,
23183223501-detail,23183223501,1780983985000,,,,,81,,,,413000,413000,0,,,
23183223501-detail,23183223501,1780983986000,,,,,81,,,,414000,414000,0,,,
23183223501-detail,23183223501,1780983987000,,,,,81,,,,415000,415000,0,,,
23183223501-detail,23183223501,1780983988000,,,,,81,,,,416000,416000,0,,,
23183223501-detail,23183223501,1780983989000,,,,,81,,,,417000,417000,0,,,
23183223501-detail,23183223501,1780983990000,,,,,81,,,,418000,418000,0,,,
23183223501-detail,23183223501,1780983991000,,,,,81,,,,419000,419000,0,,,
23183223501-detail,23183223501,1780983992000,,,,,81,,,,420000,420000,0,,,
23183223501-detail,23183223501,1780983993000,,,,,81,,,,421000,421000,0,,,
23183223501-detail,23183223501,1780983994000,,,,,81,,,,422000,422000,0,,,
23183223501-detail,23183223501,1780983995000,,,,,81,,,,423000,423000,0,,,
23183223501-detail,23183223501,1780983996000,,,,,81,,,,424000,424000,0,,,
23183223501-detail,23183223501,1780983997000,,,,,81,,,,425000,425000,0,,,
23183223501-detail,23183223501,1780983998000,,,,,81,,,,426000,426000,0,,,
23183223501-detail,23183223501,1780983999000,,,,,82,,,,427000,427000,0,,,
23183223501-detail,23183223501,1780984000000,,,,,81,,,,428000,428000,0,,,
23183223501-detail,23183223501,1780984001000,,,,,82,,,,429000,429000,0,,,
23183223501-detail,23183223501,1780984002000,,,,,82,,,,430000,430000,0,,,
23183223501-detail,23183223501,1780984003000,,,,,82,,,,431000,431000,0,,,
23183223501-detail,23183223501,1780984004000,,,,,82,,,,432000,432000,0,,,
23183223501-detail,23183223501,1780984005000,,,,,83,,,,433000,433000,0,,,
23183223501-detail,23183223501,1780984006000,,,,,83,,,,434000,434000,0,,,
23183223501-detail,23183223501,1780984007000,,,,,83,,,,435000,435000,0,,,
23183223501-detail,23183223501,1780984008000,,,,,83,,,,436000,436000,0,,,
23183223501-detail,23183223501,1780984009000,,,,,83,,,,437000,437000,0,,,
23183223501-detail,23183223501,1780984010000,,,,,83,,,,438000,438000,0,,,
23183223501-detail,23183223501,1780984011000,,,,,83,,,,439000,439000,0,,,
23183223501-detail,23183223501,1780984012000,,,,,84,,,,440000,440000,0,,,
23183223501-detail,23183223501,1780984013000,,,,,84,,,,441000,441000,0,,,
23183223501-detail,23183223501,1780984014000,,,,,84,,,,442000,442000,0,,,
23183223501-detail,23183223501,1780984015000,,,,,84,,,,443000,443000,0,,,
23183223501-detail,23183223501,1780984016000,,,,,84,,,,444000,444000,0,,,
23183223501-detail,23183223501,1780984017000,,,,,84,,,,445000,445000,0,,,
23183223501-detail,23183223501,1780984018000,,,,,84,,,,446000,446000,0,,,
23183223501-detail,23183223501,1780984019000,,,,,84,,,,447000,447000,0,,,
23183223501-detail,23183223501,1780984020000,,,,,84,,,,448000,448000,0,,,
23183223501-detail,23183223501,1780984021000,,,,,84,,,,449000,449000,0,,,
23183223501-detail,23183223501,1780984022000,,,,,84,,,,450000,450000,0,,,
23183223501-detail,23183223501,1780984023000,,,,,84,,,,451000,451000,0,,,
23183223501-detail,23183223501,1780984024000,,,,,84,,,,452000,452000,0,,,
23183223501-detail,23183223501,1780984025000,,,,,84,,,,453000,453000,0,,,
23183223501-detail,23183223501,1780984026000,,,,,84,,,,454000,454000,0,,,
23183223501-detail,23183223501,1780984027000,,,,,84,,,,455000,455000,0,,,
23183223501-detail,23183223501,1780984028000,,,,,84,,,,456000,456000,0,,,
23183223501-detail,23183223501,1780984029000,,,,,84,,,,457000,457000,0,,,
23183223501-detail,23183223501,1780984030000,,,,,84,,,,458000,458000,0,,,
23183223501-detail,23183223501,1780984031000,,,,,84,,,,459000,459000,0,,,
23183223501-detail,23183223501,1780984032000,,,,,84,,,,460000,460000,0,,,
23183223501-detail,23183223501,1780984033000,,,,,84,,,,461000,461000,0,,,
23183223501-detail,23183223501,1780984034000,,,,,84,,,,462000,462000,0,,,
23183223501-detail,23183223501,1780984035000,,,,,84,,,,463000,463000,0,,,
23183223501-detail,23183223501,1780984036000,,,,,84,,,,464000,464000,0,,,
23183223501-detail,23183223501,1780984037000,,,,,84,,,,465000,465000,0,,,
23183223501-detail,23183223501,1780984038000,,,,,84,,,,466000,466000,0,,,
23183223501-detail,23183223501,1780984039000,,,,,84,,,,467000,467000,0,,,
23183223501-detail,23183223501,1780984040000,,,,,84,,,,468000,468000,0,,,
23183223501-detail,23183223501,1780984041000,,,,,84,,,,469000,469000,0,,,
23183223501-detail,23183223501,1780984042000,,,,,84,,,,470000,470000,0,,,
23183223501-detail,23183223501,1780984043000,,,,,84,,,,471000,471000,0,,,
23183223501-detail,23183223501,1780984044000,,,,,84,,,,472000,472000,0,,,
23183223501-detail,23183223501,1780984045000,,,,,84,,,,473000,473000,0,,,
23183223501-detail,23183223501,1780984046000,,,,,84,,,,474000,474000,0,,,
23183223501-detail,23183223501,1780984047000,,,,,83,,,,475000,475000,0,,,
23183223501-detail,23183223501,1780984048000,,,,,83,,,,476000,476000,0,,,
23183223501-detail,23183223501,1780984049000,,,,,83,,,,477000,477000,0,,,
23183223501-detail,23183223501,1780984050000,,,,,83,,,,478000,478000,0,,,
23183223501-detail,23183223501,1780984051000,,,,,84,,,,479000,479000,0,,,
23183223501-detail,23183223501,1780984052000,,,,,84,,,,480000,480000,0,,,
23183223501-detail,23183223501,1780984053000,,,,,84,,,,481000,481000,0,,,
23183223501-detail,23183223501,1780984054000,,,,,84,,,,482000,482000,0,,,
23183223501-detail,23183223501,1780984055000,,,,,84,,,,483000,483000,0,,,
23183223501-detail,23183223501,1780984056000,,,,,84,,,,484000,484000,0,,,
23183223501-detail,23183223501,1780984057000,,,,,84,,,,485000,485000,0,,,
23183223501-detail,23183223501,1780984058000,,,,,84,,,,486000,486000,0,,,
23183223501-detail,23183223501,1780984059000,,,,,84,,,,487000,487000,0,,,
23183223501-detail,23183223501,1780984060000,,,,,84,,,,488000,488000,0,,,
23183223501-detail,23183223501,1780984061000,,,,,84,,,,489000,489000,0,,,
23183223501-detail,23183223501,1780984062000,,,,,83,,,,490000,490000,0,,,
23183223501-detail,23183223501,1780984063000,,,,,83,,,,491000,491000,0,,,
23183223501-detail,23183223501,1780984064000,,,,,82,,,,492000,492000,0,,,
23183223501-detail,23183223501,1780984065000,,,,,82,,,,493000,493000,0,,,
23183223501-detail,23183223501,1780984066000,,,,,83,,,,494000,494000,0,,,
23183223501-detail,23183223501,1780984067000,,,,,84,,,,495000,495000,0,,,
23183223501-detail,23183223501,1780984068000,,,,,83,,,,496000,496000,0,,,
23183223501-detail,23183223501,1780984069000,,,,,83,,,,497000,497000,0,,,
23183223501-detail,23183223501,1780984070000,,,,,83,,,,498000,498000,0,,,
23183223501-detail,23183223501,1780984071000,,,,,83,,,,499000,499000,0,,,
23183223501-detail,23183223501,1780984072000,,,,,83,,,,500000,500000,0,,,
23183223501-detail,23183223501,1780984073000,,,,,82,,,,501000,501000,0,,,
23183223501-detail,23183223501,1780984074000,,,,,82,,,,502000,502000,0,,,
23183223501-detail,23183223501,1780984075000,,,,,82,,,,503000,503000,0,,,
23183223501-detail,23183223501,1780984076000,,,,,83,,,,504000,504000,0,,,
23183223501-detail,23183223501,1780984077000,,,,,83,,,,505000,505000,0,,,
23183223501-detail,23183223501,1780984078000,,,,,83,,,,506000,506000,0,,,
23183223501-detail,23183223501,1780984079000,,,,,83,,,,507000,507000,0,,,
23183223501-detail,23183223501,1780984080000,,,,,83,,,,508000,508000,0,,,
23183223501-detail,23183223501,1780984081000,,,,,84,,,,509000,509000,0,,,
23183223501-detail,23183223501,1780984082000,,,,,84,,,,510000,510000,0,,,
23183223501-detail,23183223501,1780984083000,,,,,84,,,,511000,511000,0,,,
23183223501-detail,23183223501,1780984084000,,,,,84,,,,512000,512000,0,,,
23183223501-detail,23183223501,1780984085000,,,,,84,,,,513000,513000,0,,,
23183223501-detail,23183223501,1780984086000,,,,,84,,,,514000,514000,0,,,
23183223501-detail,23183223501,1780984087000,,,,,83,,,,515000,515000,0,,,
23183223501-detail,23183223501,1780984088000,,,,,83,,,,516000,516000,0,,,
23183223501-detail,23183223501,1780984089000,,,,,83,,,,517000,517000,0,,,
23183223501-detail,23183223501,1780984090000,,,,,83,,,,518000,518000,0,,,
23183223501-detail,23183223501,1780984091000,,,,,83,,,,519000,519000,0,,,
23183223501-detail,23183223501,1780984092000,,,,,83,,,,520000,520000,0,,,
23183223501-detail,23183223501,1780984093000,,,,,83,,,,521000,521000,0,,,
23183223501-detail,23183223501,1780984094000,,,,,83,,,,522000,522000,0,,,
23183223501-detail,23183223501,1780984095000,,,,,82,,,,523000,523000,0,,,
23183223501-detail,23183223501,1780984096000,,,,,82,,,,524000,524000,0,,,
23183223501-detail,23183223501,1780984097000,,,,,82,,,,525000,525000,0,,,
23183223501-detail,23183223501,1780984098000,,,,,83,,,,526000,526000,0,,,
23183223501-detail,23183223501,1780984099000,,,,,83,,,,527000,527000,0,,,
23183223501-detail,23183223501,1780984100000,,,,,82,,,,528000,528000,0,,,
23183223501-detail,23183223501,1780984101000,,,,,82,,,,529000,529000,0,,,
23183223501-detail,23183223501,1780984102000,,,,,82,,,,530000,530000,0,,,
23183223501-detail,23183223501,1780984103000,,,,,82,,,,531000,531000,0,,,
23183223501-detail,23183223501,1780984104000,,,,,82,,,,532000,532000,0,,,
23183223501-detail,23183223501,1780984105000,,,,,82,,,,533000,533000,0,,,
23183223501-detail,23183223501,1780984106000,,,,,83,,,,534000,534000,0,,,
23183223501-detail,23183223501,1780984107000,,,,,82,,,,535000,535000,0,,,
23183223501-detail,23183223501,1780984108000,,,,,82,,,,536000,536000,0,,,
23183223501-detail,23183223501,1780984109000,,,,,81,,,,537000,537000,0,,,
23183223501-detail,23183223501,1780984110000,,,,,81,,,,538000,538000,0,,,
23183223501-detail,23183223501,1780984111000,,,,,81,,,,539000,539000,0,,,
23183223501-detail,23183223501,1780984112000,,,,,82,,,,540000,540000,0,,,
23183223501-detail,23183223501,1780984113000,,,,,82,,,,541000,541000,0,,,
23183223501-detail,23183223501,1780984114000,,,,,83,,,,542000,542000,0,,,
23183223501-detail,23183223501,1780984115000,,,,,83,,,,543000,543000,0,,,
23183223501-detail,23183223501,1780984116000,,,,,83,,,,544000,544000,0,,,
23183223501-detail,23183223501,1780984117000,,,,,83,,,,545000,545000,0,,,
23183223501-detail,23183223501,1780984118000,,,,,83,,,,546000,546000,0,,,
23183223501-detail,23183223501,1780984119000,,,,,83,,,,547000,547000,0,,,
23183223501-detail,23183223501,1780984120000,,,,,83,,,,548000,548000,0,,,
23183223501-detail,23183223501,1780984121000,,,,,83,,,,549000,549000,0,,,
23183223501-detail,23183223501,1780984122000,,,,,84,,,,550000,550000,0,,,
23183223501-detail,23183223501,1780984123000,,,,,84,,,,551000,551000,0,,,
23183223501-detail,23183223501,1780984124000,,,,,84,,,,552000,552000,0,,,
23183223501-detail,23183223501,1780984125000,,,,,84,,,,553000,553000,0,,,
23183223501-detail,23183223501,1780984126000,,,,,84,,,,554000,554000,0,,,
23183223501-detail,23183223501,1780984127000,,,,,84,,,,555000,555000,0,,,
23183223501-detail,23183223501,1780984128000,,,,,84,,,,556000,556000,0,,,
23183223501-detail,23183223501,1780984129000,,,,,84,,,,557000,557000,0,,,
23183223501-detail,23183223501,1780984130000,,,,,84,,,,558000,558000,0,,,
23183223501-detail,23183223501,1780984131000,,,,,84,,,,559000,559000,0,,,
23183223501-detail,23183223501,1780984132000,,,,,84,,,,560000,560000,0,,,
23183223501-detail,23183223501,1780984133000,,,,,84,,,,561000,561000,0,,,
23183223501-detail,23183223501,1780984134000,,,,,84,,,,562000,562000,0,,,
23183223501-detail,23183223501,1780984135000,,,,,83,,,,563000,563000,0,,,
23183223501-detail,23183223501,1780984136000,,,,,83,,,,564000,564000,0,,,
23183223501-detail,23183223501,1780984137000,,,,,83,,,,565000,565000,0,,,
23183223501-detail,23183223501,1780984138000,,,,,83,,,,566000,566000,0,,,
23183223501-detail,23183223501,1780984139000,,,,,83,,,,567000,567000,0,,,
23183223501-detail,23183223501,1780984140000,,,,,83,,,,568000,568000,0,,,
23183223501-detail,23183223501,1780984141000,,,,,82,,,,569000,569000,0,,,
23183223501-detail,23183223501,1780984142000,,,,,82,,,,570000,570000,0,,,
23183223501-detail,23183223501,1780984143000,,,,,81,,,,571000,571000,0,,,
23183223501-detail,23183223501,1780984144000,,,,,81,,,,572000,572000,0,,,
23183223501-detail,23183223501,1780984145000,,,,,81,,,,573000,573000,0,,,
23183223501-detail,23183223501,1780984146000,,,,,81,,,,574000,574000,0,,,
23183223501-detail,23183223501,1780984147000,,,,,81,,,,575000,575000,0,,,
23183223501-detail,23183223501,1780984148000,,,,,81,,,,576000,576000,0,,,
23183223501-detail,23183223501,1780984149000,,,,,80,,,,577000,577000,0,,,
23183223501-detail,23183223501,1780984150000,,,,,81,,,,578000,578000,0,,,
23183223501-detail,23183223501,1780984151000,,,,,82,,,,579000,579000,0,,,
23183223501-detail,23183223501,1780984152000,,,,,84,,,,580000,580000,0,,,
23183223501-detail,23183223501,1780984153000,,,,,86,,,,581000,581000,0,,,
23183223501-detail,23183223501,1780984154000,,,,,87,,,,582000,582000,0,,,
23183223501-detail,23183223501,1780984155000,,,,,90,,,,583000,583000,0,,,
23183223501-detail,23183223501,1780984156000,,,,,92,,,,584000,584000,0,,,
23183223501-detail,23183223501,1780984157000,,,,,93,,,,585000,585000,0,,,
23183223501-detail,23183223501,1780984158000,,,,,93,,,,586000,586000,0,,,
23183223501-detail,23183223501,1780984159000,,,,,92,,,,587000,587000,0,,,
23183223501-detail,23183223501,1780984160000,,,,,92,,,,588000,588000,0,,,
23183223501-detail,23183223501,1780984161000,,,,,93,,,,589000,589000,0,,,
23183223501-detail,23183223501,1780984162000,,,,,92,,,,590000,590000,0,,,
23183223501-detail,23183223501,1780984163000,,,,,92,,,,591000,591000,0,,,
23183223501-detail,23183223501,1780984164000,,,,,91,,,,592000,592000,0,,,
23183223501-detail,23183223501,1780984165000,,,,,91,,,,593000,593000,0,,,
23183223501-detail,23183223501,1780984166000,,,,,92,,,,594000,594000,0,,,
23183223501-detail,23183223501,1780984167000,,,,,92,,,,595000,595000,0,,,
23183223501-detail,23183223501,1780984168000,,,,,92,,,,596000,596000,0,,,
23183223501-detail,23183223501,1780984169000,,,,,91,,,,597000,597000,0,,,
23183223501-detail,23183223501,1780984170000,,,,,90,,,,598000,598000,0,,,
23183223501-detail,23183223501,1780984171000,,,,,89,,,,599000,599000,0,,,
23183223501-detail,23183223501,1780984172000,,,,,88,,,,600000,600000,0,,,