month,sessions,avg_rmssd,avg_sdnn,avg_mean_hr,total_trimp,avg_fatigue,avg_readiness
2026-04,18,40.45910088764085,70.94936302212629,68.03223720051166,5.892950695980479,21.85366622648817,50.28735717203547
