month,sessions,avg_rmssd,avg_sdnn,avg_mean_hr,total_trimp,avg_fatigue,avg_readiness
2026-03,7,38.84936434060551,52.473903448980664,72.66028935117865,5.5275648018125905,18.315164495241874,45.02975217354828
2026-04,7,35.031448843001264,58.523659823083115,75.30993311623422,2.6678259939431954,31.280790747094333,52.23026905046033
