month,sessions,avg_rmssd,avg_sdnn,avg_mean_hr,total_trimp,avg_fatigue,avg_readiness
2026-04,22,39.886486976857896,69.58902614730495,68.30260397212186,7.581653091443581,19.459056514472614,52.44095815961876
