month,sessions,avg_rmssd,avg_sdnn,avg_mean_hr,total_trimp,avg_fatigue,avg_readiness
2026-03,7,38.84936434060551,52.473903448980664,72.66028935117865,5.5275648018125905,18.315164495241874,45.02975217354828
2026-04,4,36.36086399195759,65.37519583651665,73.23552093184014,1.2748242084234442,43.038880113011835,42.12940094403055
