month,sessions,avg_rmssd,avg_sdnn,avg_mean_hr,total_trimp,avg_fatigue,avg_readiness
2026-03,7,38.84936434060551,52.473903448980664,72.66028935117865,5.5275648018125905,18.315164495241874,45.02975217354828
2026-04,12,39.37665596739355,69.34407734701499,73.80482706891284,4.007261324231965,21.773373216038223,61.06716617177912
